Client_ID;Nom_Client;Genre;Age;Region;Type_Pret;Revenu_Mensuel_CFA;Montant_Pret_CFA;Duree_Mois;Taux_Interet;Garantie;Date_Debut;Ratio_Remboursement;Paiements_Manques;Score_Credit;Statut_Pret
CLI00001;êric Bonnet;Homme;22;Korhogo;Transport;656778;2104301;12;7,79;Oui;2026-02-05;0,21;14;484;DÇfaut
CLI00002;DorothÇe Ribeiro;Homme;22;BouakÇ;Transport;276493;1884068;12;15,11;Non;2021-06-14;0,13;9;523;DÇfaut
CLI00003;Martin Brunet de Leblanc;Femme;21;Abidjan;Transport;414829;3595146;18;10,56;Oui;2022-08-29;0,34;11;511;DÇfaut
CLI00004;Pauline Perrot;Homme;43;Korhogo;Immobilier;801327;2268961;6;19,59;Oui;2022-11-19;0,69;4;738;En retard
CLI00005;Christophe De Oliveira;Femme;57;BouakÇ;Commerce;483258;633470;6;18,23;Oui;2021-08-30;0,95;0;732;Actif
CLI00006;Marthe-Madeleine Navarro;Femme;38;Korhogo;SantÇ;1030870;3110434;12;12,4;Oui;2024-12-26;0,33;10;562;DÇfaut
CLI00007;êtienne Seguin;Homme;55;Daloa;Immobilier;593405;1420719;24;12,59;Oui;2023-08-16;1,19;0;808;SoldÇ
CLI00008;Anaãs Meunier;Homme;35;BouakÇ;SantÇ;147319;2696211;24;10,35;Non;2024-12-27;0,33;15;418;DÇfaut
CLI00009;Jacques Monnier du Allain;Femme;46;Daloa;Education;1042282;1248493;18;7,79;Non;2025-03-26;0,92;0;772;Actif
CLI00010;Yves êtienne;Femme;58;Abidjan;Commerce;917603;3086646;12;24,95;Oui;2024-11-24;0,25;13;522;DÇfaut
CLI00011;Laurence PrÇvost;Homme;61;Korhogo;Commerce;415506;3591334;36;6,27;Non;2024-12-20;0,52;4;607;En retard
CLI00012;Dominique Berger-Rodriguez;Homme;64;Korhogo;Agriculture;639572;2903598;6;10,87;Non;2023-01-21;0,27;6;596;DÇfaut
CLI00013;FrÇdÇrique Regnier;Homme;61;Korhogo;Immobilier;705884;4308584;36;8,98;Oui;2022-12-31;0,51;2;697;En retard
CLI00014;Nathalie Munoz;Femme;22;Abidjan;SantÇ;314603;3094903;18;9,79;Oui;2024-04-23;0,36;15;323;DÇfaut
CLI00015;Xavier du Poirier;Femme;25;Yamoussoukro;Education;1197165;1104955;12;18,2;Oui;2024-10-18;1,14;0;739;SoldÇ
CLI00016;Guillaume-Antoine Buisson;Femme;34;Korhogo;Transport;501844;2664865;24;24,9;Non;2021-11-05;0,81;0;701;Actif
CLI00017;RenÇ Bertin;Homme;36;Abidjan;Commerce;551224;587088;18;5,42;Oui;2026-01-06;0,71;5;608;En retard
CLI00018;StÇphanie Lemoine;Homme;35;Korhogo;Agriculture;221348;313510;18;6,42;Oui;2022-10-03;0,36;13;471;DÇfaut
CLI00019;William Bonnet;Femme;36;San Pedro;Transport;1071896;3464666;12;6,89;Non;2022-10-17;0,82;0;736;Actif
CLI00020;Laurence Olivier;Femme;24;BouakÇ;Agriculture;286397;558455;24;19,56;Oui;2025-10-06;0,98;0;666;Actif
CLI00021;ThÇodore Gauthier;Homme;55;Korhogo;Commerce;1020810;1225934;24;8,67;Non;2025-10-16;0,61;1;828;En retard
CLI00022;Benjamin de la Lejeune;Homme;62;Abidjan;Agriculture;110949;832344;12;8,33;Non;2026-02-22;0,63;2;653;En retard
CLI00023;Agnäs David;Femme;21;BouakÇ;Agriculture;898773;2274684;24;10,7;Non;2021-06-12;0,87;0;769;Actif
CLI00024;Victoire Hamon;Femme;34;Korhogo;Education;202648;4908516;36;6,22;Non;2022-03-01;0,44;6;494;DÇfaut
CLI00025;Sabine Brun de Devaux;Homme;24;Abidjan;Education;1144993;722023;12;6,37;Non;2024-01-12;0,17;9;605;DÇfaut
CLI00026;Josette Torres;Homme;58;BouakÇ;SantÇ;163344;737726;24;18,15;Non;2023-01-11;0,72;3;653;En retard
CLI00027;David Loiseau-Brunel;Femme;36;Abidjan;Transport;637034;3370092;12;18,43;Oui;2022-12-23;0,43;11;463;DÇfaut
CLI00028;StÇphane Marchal du Chauveau;Homme;25;Yamoussoukro;Immobilier;527016;4293668;18;7,65;Oui;2023-03-02;0,48;1;704;En retard
CLI00029;Marguerite Foucher;Homme;49;Yamoussoukro;Commerce;714424;4487076;6;18,36;Oui;2022-08-24;0,71;1;682;En retard
CLI00030;Thibaut Charpentier;Homme;56;Daloa;SantÇ;405997;2334622;18;17,1;Oui;2024-11-02;0,89;0;705;Actif
CLI00031;Agnäs LÇvàque;Femme;53;Abidjan;Immobilier;1104525;2156557;6;6,85;Oui;2025-05-08;0,57;3;704;En retard
CLI00032;Guy Imbert;Homme;61;Abidjan;SantÇ;629360;1405447;24;16,03;Oui;2022-12-07;0,57;1;802;En retard
CLI00033;Laure Blondel;Homme;55;Yamoussoukro;Commerce;155556;3147208;36;16,05;Non;2025-09-27;0,57;1;663;En retard
CLI00034;Christelle Delorme;Femme;34;Korhogo;SantÇ;603301;912295;18;20,6;Non;2024-05-05;1,07;0;708;SoldÇ
CLI00035;Madeleine Dias;Homme;36;San Pedro;SantÇ;420790;1535222;24;5,5;Non;2023-05-20;0,91;0;759;Actif
CLI00036;AdÇlaãde Guichard de la Maury;Homme;38;BouakÇ;Transport;413862;956771;24;22,44;Oui;2025-06-03;1,04;0;682;SoldÇ
CLI00037;Emmanuel GrÇgoire;Femme;40;Yamoussoukro;Immobilier;557302;1920018;6;18,2;Oui;2024-02-15;0,54;3;684;En retard
CLI00038;Franck Fernandez de Denis;Femme;64;Abidjan;Commerce;774471;281530;6;22,54;Non;2023-08-26;0,39;15;396;DÇfaut
CLI00039;Jean Dupuis-Breton;Femme;43;Yamoussoukro;Commerce;737829;3710737;36;24,68;Oui;2022-03-13;0,23;15;383;DÇfaut
CLI00040;Franck de la Merle;Femme;21;Daloa;Commerce;1170351;4566862;12;12,28;Non;2021-07-11;0,18;11;559;DÇfaut
CLI00041;Alice du Mahe;Femme;53;San Pedro;SantÇ;728616;3475848;18;13,05;Oui;2024-01-27;0,43;8;607;DÇfaut
CLI00042;Nathalie Letellier;Femme;64;Yamoussoukro;Agriculture;444961;4824000;18;13,12;Non;2022-06-03;1,02;0;703;SoldÇ
CLI00043;Denise Masse;Femme;58;Daloa;Commerce;755805;3950603;24;13,84;Oui;2025-06-04;0,34;13;471;DÇfaut
CLI00044;Margaret Diallo Le Clerc;Femme;53;Abidjan;Commerce;782940;833388;12;18,46;Oui;2023-12-21;0,35;9;577;DÇfaut
CLI00045;Lucas Pelletier;Homme;51;San Pedro;Agriculture;232731;3870307;24;22,72;Non;2022-04-21;0,73;4;545;En retard
CLI00046;StÇphane Berger;Homme;62;Abidjan;Education;91628;944119;24;9,38;Non;2023-03-03;0,98;0;670;Actif
CLI00047;Pauline Munoz;Homme;28;San Pedro;Education;1037269;1168529;24;18,35;Non;2025-08-12;1,19;0;773;SoldÇ
CLI00048;Matthieu De Sousa;Femme;56;Korhogo;Transport;1015148;1385113;24;14;Non;2023-02-08;0,93;0;829;Actif
CLI00049;PÇnÇlope Martins de Marques;Homme;38;BouakÇ;Agriculture;1002479;699977;18;9,69;Oui;2025-05-06;0,47;5;706;En retard
CLI00050;StÇphane Grondin;Homme;45;Abidjan;Agriculture;400455;1844766;6;13,3;Non;2021-08-31;0,46;4;571;En retard
CLI00051;Gilles Menard;Femme;45;San Pedro;Transport;120961;4879240;24;14,54;Non;2025-03-27;1,14;0;676;SoldÇ
CLI00052;Vincent Descamps;Homme;52;San Pedro;Agriculture;540160;2339547;24;14,71;Oui;2023-08-06;0,53;4;635;En retard
CLI00053;Aurore Bodin;Homme;46;San Pedro;Immobilier;136837;754202;24;7,71;Non;2024-05-30;0,61;1;659;En retard
CLI00054;Joseph Jacquot;Homme;50;Yamoussoukro;Commerce;765445;2881159;24;10,57;Non;2023-12-18;1,15;0;772;SoldÇ
CLI00055;Henri Maillot;Femme;22;Abidjan;Agriculture;189231;2985680;12;18;Oui;2022-08-08;0,96;0;730;Actif
CLI00056;Victor Toussaint;Homme;22;Daloa;Immobilier;399568;2051060;12;14,47;Non;2025-10-14;0,23;9;576;DÇfaut
CLI00057;Georges Ribeiro-Ribeiro;Femme;31;San Pedro;SantÇ;320192;1423767;18;7,16;Non;2024-07-19;0,13;10;484;DÇfaut
CLI00058;Arnaude Muller;Homme;25;Korhogo;Commerce;589292;904810;18;22,01;Oui;2025-02-06;0,76;0;737;Actif
CLI00059;Alphonse de la Leclercq;Femme;55;Abidjan;Transport;978373;3158573;6;15,12;Non;2024-04-13;0,48;4;699;En retard
CLI00060;Alexandre Hamon;Femme;61;San Pedro;Transport;1044143;1333382;24;8,52;Non;2022-03-16;0,67;3;770;En retard
CLI00061;Virginie Bouvet;Femme;41;Yamoussoukro;Commerce;594840;776981;18;22,63;Non;2024-08-06;0,37;13;472;DÇfaut
CLI00062;Isaac Boucher;Femme;41;Korhogo;Commerce;461345;4139865;12;12,1;Non;2023-09-10;0,38;10;497;DÇfaut
CLI00063;Xavier-Charles Morin;Homme;26;San Pedro;Commerce;586160;3459366;24;16,1;Non;2025-02-22;0,36;13;419;DÇfaut
CLI00064;AimÇ Laporte;Homme;39;San Pedro;SantÇ;544721;3442362;12;11,12;Non;2023-03-03;0,74;4;592;En retard
CLI00065;êlÇonore Joly-Regnier;Femme;43;Abidjan;SantÇ;1031572;2322611;18;10,03;Non;2022-03-11;0,23;9;632;DÇfaut
CLI00066;Caroline de la Dumont;Homme;33;Abidjan;Agriculture;533791;4111752;18;19,49;Non;2025-12-03;1,17;0;766;SoldÇ
CLI00067;êdith Lombard-Clerc;Femme;35;Abidjan;Education;836822;1555264;18;5,28;Oui;2022-02-01;0,69;3;705;En retard
CLI00068;Franáoise Meyer;Femme;65;San Pedro;Immobilier;344827;4167788;6;22,45;Non;2025-02-17;0,73;4;652;En retard
CLI00069;êlÇonore Marin;Homme;24;BouakÇ;Agriculture;609485;4057482;6;21,44;Oui;2022-01-25;0,54;1;714;En retard
CLI00070;Xavier Berger;Femme;26;Korhogo;Transport;600494;1043643;36;20,29;Oui;2025-03-06;0,77;0;723;Actif
CLI00071;Martin Potier;Femme;49;BouakÇ;SantÇ;703594;4986906;24;11,11;Oui;2022-10-22;0,78;0;734;Actif
CLI00072;Alex Lombard-Descamps;Homme;37;San Pedro;SantÇ;250262;1367490;12;8,48;Non;2026-03-10;0,18;6;652;DÇfaut
CLI00073;HonorÇ Imbert;Femme;39;Abidjan;SantÇ;148450;1991763;18;19,14;Non;2024-03-12;0,87;0;693;Actif
CLI00074;Luce Pages de Rousset;Homme;37;BouakÇ;Commerce;494856;3616324;6;15,89;Non;2022-03-07;0,81;0;775;Actif
CLI00075;AndrÇ Pons-Mathieu;Homme;31;Yamoussoukro;Education;725108;4824854;18;13,78;Non;2021-07-14;0,62;3;559;En retard
CLI00076;Guy Sauvage Le Imbert;Femme;49;Abidjan;Agriculture;248698;384376;24;19,69;Oui;2025-10-30;0,76;0;753;Actif
CLI00077;Arthur Guillou;Homme;64;Yamoussoukro;Agriculture;645205;4883910;6;20,26;Non;2022-08-11;0,29;14;439;DÇfaut
CLI00078;Antoine Gros;Femme;61;Yamoussoukro;Transport;1111223;815396;24;11,96;Oui;2025-06-27;0,47;1;771;En retard
CLI00079;GÇrard Colas;Femme;39;San Pedro;Education;919809;4664544;6;14,1;Oui;2023-01-13;0,45;3;689;En retard
CLI00080;Michäle Roger;Homme;63;Abidjan;Agriculture;1048834;3516571;6;8,75;Non;2025-08-24;0,5;4;610;En retard
CLI00081;Gabrielle Bertrand;Femme;56;Daloa;Agriculture;354754;2466163;24;22,62;Oui;2025-06-15;0,63;1;682;En retard
CLI00082;Louis-Lucas Lopes;Femme;56;San Pedro;Commerce;108677;4682620;24;6,86;Oui;2023-11-14;1,19;0;678;SoldÇ
CLI00083;Charles Lacombe de la Rey;Homme;52;San Pedro;Education;692078;4318727;18;13,31;Oui;2022-06-26;0,63;4;705;En retard
CLI00084;Marcel HervÇ;Homme;45;Korhogo;Immobilier;479738;4313433;12;22,28;Non;2021-12-11;0,4;12;444;DÇfaut
CLI00085;Audrey du Guyon;Homme;39;Korhogo;Transport;706116;4973590;36;24,98;Non;2025-08-15;0,64;2;648;En retard
CLI00086;Denis Michaud;Femme;42;Korhogo;Transport;871066;3869707;18;22,39;Oui;2023-11-19;1,18;0;728;SoldÇ
CLI00087;Suzanne Gilbert du Techer;Homme;47;Daloa;SantÇ;171535;2719056;24;19,1;Non;2025-01-06;0,99;0;726;Actif
CLI00088;Julie Regnier du Joseph;Homme;52;Abidjan;Education;157635;1109030;36;24,31;Non;2025-11-25;0,47;1;697;En retard
CLI00089;Maryse Mendäs de Gaudin;Femme;21;Yamoussoukro;Education;382315;3489149;12;6,5;Non;2023-10-16;0,96;0;682;Actif
CLI00090;Alain Lopes du Valentin;Femme;62;Korhogo;Commerce;248433;2806207;36;12,6;Oui;2023-10-21;0,45;4;637;En retard
CLI00091;Martin Maillet;Homme;61;BouakÇ;SantÇ;682677;1958293;6;13,68;Non;2025-03-04;0,21;7;612;DÇfaut
CLI00092;Claudine Le Gall;Femme;22;Korhogo;Transport;176450;2771051;6;10,87;Oui;2022-04-16;0,51;2;688;En retard
CLI00093;Benjamin Le Chauvet;Homme;31;San Pedro;Education;447147;712434;36;22,42;Oui;2024-03-15;0,78;0;709;Actif
CLI00094;Sophie du Simon;Homme;35;Daloa;Education;1047101;2180516;24;10,11;Non;2025-11-07;0,11;13;509;DÇfaut
CLI00095;Bernadette du David;Homme;25;San Pedro;Immobilier;1006374;2948814;36;10,98;Non;2021-11-01;1,16;0;755;SoldÇ
CLI00096;Julie du Costa;Homme;45;Abidjan;SantÇ;1093360;944672;12;12,63;Non;2025-03-09;0,49;3;681;En retard
CLI00097;êmile de la Gros;Femme;38;BouakÇ;Education;96982;4797356;6;23,21;Non;2024-03-22;0,92;0;673;Actif
CLI00098;Nicolas-Guillaume Marty;Femme;35;Yamoussoukro;Transport;478735;2152409;12;17,56;Oui;2025-09-12;1,09;0;736;SoldÇ
CLI00099;TimothÇe Texier;Homme;58;BouakÇ;Agriculture;845169;1152362;6;23,19;Oui;2026-01-04;0,46;4;693;En retard
CLI00100;Raymond de la Descamps;Femme;54;Yamoussoukro;SantÇ;1132339;2336125;12;10,14;Non;2021-12-11;1,01;0;780;SoldÇ
CLI00101;Bernard Barthelemy;Femme;28;Abidjan;Transport;1062162;681656;12;20,08;Non;2022-03-26;0,35;12;502;DÇfaut
CLI00102;Louis VallÇe-Delmas;Homme;37;Daloa;Immobilier;339184;3865021;18;18,46;Non;2023-10-19;0,84;0;678;Actif
CLI00103;Michelle-Marthe Vidal;Homme;64;Korhogo;Agriculture;570360;4005034;6;17,39;Non;2023-02-19;1,14;0;703;SoldÇ
CLI00104;Nathalie Colin-Blanc;Homme;61;San Pedro;Commerce;1053639;2584954;24;7,33;Non;2024-12-06;0,15;6;627;DÇfaut
CLI00105;Susanne Le Lecomte;Homme;36;Korhogo;SantÇ;364508;3310197;24;12,42;Non;2024-08-02;1,14;0;696;SoldÇ
CLI00106;Susanne Allain-Huet;Homme;47;Daloa;Immobilier;287663;4154940;36;13,16;Oui;2025-12-27;1,15;0;703;SoldÇ
CLI00107;Henri Perez;Homme;49;Abidjan;Transport;1012594;2030656;18;6,99;Non;2025-08-29;0,85;0;850;Actif
CLI00108;Vincent Cordier;Femme;33;Abidjan;Immobilier;336187;3864445;6;18,26;Oui;2022-03-08;0,81;0;701;Actif
CLI00109;Mathilde Perret;Homme;29;BouakÇ;Education;510347;625543;36;9,14;Non;2022-09-21;0,34;9;575;DÇfaut
CLI00110;ClÇmence-êlisabeth Foucher;Homme;38;Abidjan;Immobilier;383432;1140453;36;10,01;Oui;2025-04-02;0,29;6;603;DÇfaut
CLI00111;ThÇräse Guyon-Boulay;Homme;58;Daloa;Commerce;758997;182381;12;10,31;Oui;2024-10-19;0,24;12;457;DÇfaut
CLI00112;Christophe Salmon;Femme;49;Daloa;SantÇ;839250;4355352;36;7,18;Oui;2024-10-31;0,65;5;639;En retard
CLI00113;Catherine Carre;Femme;50;Daloa;Transport;145327;560240;24;21,95;Non;2025-10-17;0,57;1;691;En retard
CLI00114;Luc Lemaire;Homme;26;San Pedro;Education;755517;1294314;6;7,52;Non;2024-06-26;0,79;0;850;Actif
CLI00115;Marcel-Henri Pages;Femme;50;San Pedro;Transport;1140217;3658773;6;20,86;Oui;2023-06-06;0,23;14;489;DÇfaut
CLI00116;SÇbastien Richard;Homme;47;Daloa;Immobilier;790791;3854224;24;13,32;Non;2024-07-04;0,2;12;512;DÇfaut
CLI00117;Paulette Renault;Femme;30;BouakÇ;Education;1074611;613155;6;21,64;Non;2022-07-22;0,2;7;659;DÇfaut
CLI00118;Alexandre Huet;Homme;58;Daloa;Commerce;771317;1075350;24;12,07;Non;2025-07-23;0,83;0;719;Actif
CLI00119;Adrienne Girard;Femme;59;Abidjan;Immobilier;735252;2999822;6;16,56;Oui;2026-04-30;0,33;13;529;DÇfaut
CLI00120;AimÇe Berthelot;Femme;28;Korhogo;SantÇ;664199;4865899;12;21,14;Oui;2024-01-09;1,03;0;747;SoldÇ
CLI00121;Margaux Petit;Femme;22;Korhogo;SantÇ;458359;2342358;18;23,43;Oui;2023-04-24;0,49;2;714;En retard
CLI00122;Sabine HervÇ;Femme;25;Yamoussoukro;Agriculture;377532;307170;6;19,92;Non;2024-05-12;0,34;12;458;DÇfaut
CLI00123;Simone Schmitt de la Potier;Femme;40;Daloa;Commerce;760280;4811319;36;6,7;Oui;2025-11-27;0,16;8;624;DÇfaut
CLI00124;Guillaume Philippe de Dumas;Femme;49;Yamoussoukro;Transport;969223;4124025;36;13,84;Oui;2022-05-30;0,4;14;419;DÇfaut
CLI00125;Margaux Girard;Homme;39;Abidjan;Agriculture;1100542;4470243;18;5,91;Oui;2024-11-11;0,53;5;688;En retard
CLI00126;Benoåt Fernandez-Dos Santos;Femme;34;BouakÇ;Transport;367802;2193452;18;11,56;Oui;2022-01-14;0,11;12;562;DÇfaut
CLI00127;Olivier Barbier-Marty;Homme;53;Abidjan;Immobilier;822742;654613;24;22,24;Non;2021-06-22;0,15;6;616;DÇfaut
CLI00128;Guillaume du Legendre;Femme;57;Korhogo;Transport;928136;3553870;18;7,3;Oui;2024-02-27;0,12;11;514;DÇfaut
CLI00129;Juliette Lambert-Marchand;Femme;26;Yamoussoukro;SantÇ;995850;938044;12;13,71;Non;2023-06-07;0,54;1;774;En retard
CLI00130;Noâl-Luc Jacques;Femme;35;Yamoussoukro;Immobilier;778495;1460399;6;15,21;Oui;2023-10-09;0,23;14;463;DÇfaut
CLI00131;Alexandrie Le Wagner;Homme;36;BouakÇ;SantÇ;295596;1278463;18;8,95;Oui;2022-02-11;0,76;0;654;Actif
CLI00132;Robert RÇmy;Femme;50;BouakÇ;Transport;1021422;4785300;36;11,46;Non;2025-09-24;1,17;0;757;SoldÇ
CLI00133;ValÇrie Huet;Homme;51;San Pedro;Transport;1007377;2590241;18;16,83;Non;2025-06-01;0,49;1;712;En retard
CLI00134;Marthe Renaud;Homme;24;Korhogo;Education;853298;2458176;6;17,89;Oui;2022-09-30;1,18;0;779;SoldÇ
CLI00135;Simone Berthelot;Femme;50;Abidjan;Transport;166030;3822639;36;18,04;Oui;2022-05-04;0,45;4;561;En retard
CLI00136;SÇbastien Pascal;Homme;42;Korhogo;Education;256851;4282463;12;5,78;Non;2022-11-10;0,88;0;744;Actif
CLI00137;Nathalie Antoine;Homme;44;Daloa;SantÇ;861927;2423083;24;13,18;Oui;2026-01-08;0,47;5;630;En retard
CLI00138;Arthur Leclerc;Femme;25;Yamoussoukro;Commerce;771411;842773;36;18,57;Oui;2024-06-03;0,41;15;455;DÇfaut
CLI00139;Anne Le Masse;Homme;43;Korhogo;Transport;730603;3337981;12;16,9;Non;2025-04-12;1,13;0;772;SoldÇ
CLI00140;Michel Guibert;Femme;29;BouakÇ;Immobilier;1183926;833940;24;15,17;Oui;2024-04-09;0,12;10;560;DÇfaut
CLI00141;Charles Garcia;Femme;33;Korhogo;Education;555095;1203981;12;6,54;Oui;2025-01-21;1,03;0;752;SoldÇ
CLI00142;Sabine Guillon;Homme;63;Daloa;Transport;786246;1149319;36;12,53;Oui;2022-07-21;0,28;15;519;DÇfaut
CLI00143;Roland Rossi-Vidal;Homme;47;BouakÇ;Education;843991;2042547;24;17,21;Non;2021-12-26;0,93;0;699;Actif
CLI00144;Thierry Moulin-Muller;Homme;40;Yamoussoukro;Transport;1063597;1677525;18;18,57;Non;2024-03-15;0,73;4;716;En retard
CLI00145;Maurice Boutin-Peltier;Femme;31;Daloa;Education;498796;1210971;18;6,04;Oui;2025-04-13;0,63;3;688;En retard
CLI00146;Michelle Lenoir;Homme;39;BouakÇ;Transport;255898;1394797;18;13,99;Oui;2024-02-05;0,66;4;662;En retard
CLI00147;Adrienne Chartier Le Bodin;Femme;22;BouakÇ;Commerce;950101;496751;24;15,04;Non;2022-05-09;0,36;7;600;DÇfaut
CLI00148;Patrick Paris;Femme;27;Daloa;Agriculture;783154;1275150;12;5,77;Non;2024-01-23;1,11;0;712;SoldÇ
CLI00149;Nathalie Tanguy;Femme;49;Abidjan;Immobilier;91012;714593;6;10,12;Non;2025-04-08;1,02;0;722;SoldÇ
CLI00150;Pierre Martin;Homme;40;Abidjan;Commerce;335534;450551;12;13,4;Non;2024-03-19;0,97;0;740;Actif
CLI00151;Charles-êric Ribeiro;Femme;59;Korhogo;Immobilier;114467;4373284;36;9,84;Oui;2025-08-10;0,26;12;437;DÇfaut
CLI00152;Adrien Leroy;Homme;57;San Pedro;Transport;953605;1621302;6;15,47;Oui;2025-11-01;0,5;5;693;En retard
CLI00153;Constance-Alexandria Devaux;Homme;61;BouakÇ;SantÇ;891348;3181487;18;19,95;Non;2024-02-22;0,49;1;710;En retard
CLI00154;Marcelle Jacob;Homme;58;Daloa;Transport;777342;1169120;6;12,05;Non;2023-07-15;0,47;2;735;En retard
CLI00155;Christine de Marie;Homme;29;Yamoussoukro;Immobilier;212331;3889294;6;10,87;Oui;2023-07-07;0,15;9;514;DÇfaut
CLI00156;Franck Rossi;Femme;55;Daloa;Immobilier;1072791;2174949;6;20,07;Oui;2021-11-03;0,31;11;536;DÇfaut
CLI00157;RenÇ Alves;Femme;28;Yamoussoukro;Agriculture;851792;3715413;24;19,87;Non;2022-12-09;1,08;0;822;SoldÇ
CLI00158;Olivie Bertrand;Femme;65;San Pedro;Education;1123382;3131529;36;10,33;Oui;2025-04-09;0,19;12;559;DÇfaut
CLI00159;Daniel Mary de la Guichard;Homme;55;San Pedro;Education;696072;2744516;6;6,6;Non;2025-04-26;0,83;0;694;Actif
CLI00160;Gilbert Renard;Femme;31;Korhogo;Transport;1010943;2998989;24;5,85;Non;2025-05-15;1,06;0;797;SoldÇ
CLI00161;Michäle-Christine Collet;Femme;61;Abidjan;Agriculture;200288;679490;24;12,27;Oui;2025-11-06;0,98;0;674;Actif
CLI00162;Franáoise Brun;Femme;23;Korhogo;Agriculture;344723;613994;12;20,57;Oui;2023-07-07;0,5;4;679;En retard
CLI00163;Isabelle Giraud;Femme;44;Daloa;Immobilier;860168;3774032;6;16,48;Non;2024-04-09;0,68;4;714;En retard
CLI00164;Hugues Bouvier;Homme;28;Yamoussoukro;Immobilier;134344;1610684;24;15,35;Oui;2022-05-01;1,1;0;664;SoldÇ
CLI00165;Emmanuel du Brunet;Femme;34;BouakÇ;SantÇ;678898;4170485;12;7,45;Non;2025-02-08;1,04;0;764;SoldÇ
CLI00166;Gilbert Wagner;Femme;26;Daloa;SantÇ;750224;2964414;6;16;Oui;2022-11-04;0,42;10;561;DÇfaut
CLI00167;HÇläne PrÇvost;Homme;44;San Pedro;Commerce;1146938;1931075;6;24,7;Oui;2022-11-25;0,97;0;828;Actif
CLI00168;Patrick Alves du Guillaume;Femme;56;Yamoussoukro;Transport;853662;3970884;36;7,6;Oui;2025-07-20;1,07;0;821;SoldÇ
CLI00169;Adrien Blondel-Lacroix;Femme;54;San Pedro;Transport;941499;3484577;36;6,48;Oui;2023-12-27;1,17;0;749;SoldÇ
CLI00170;PÇnÇlope Colin-Bonneau;Femme;29;Korhogo;Agriculture;461604;1132406;24;15,06;Oui;2021-10-08;1,06;0;704;SoldÇ
CLI00171;Lucas Pottier;Femme;31;Abidjan;Immobilier;419669;2756674;12;11,92;Non;2022-06-25;1,13;0;678;SoldÇ
CLI00172;AimÇ Normand;Homme;61;BouakÇ;SantÇ;655565;1100004;18;17,29;Oui;2023-05-23;0,2;8;561;DÇfaut
CLI00173;AdÇlaãde Delorme;Femme;57;Daloa;Agriculture;166390;288014;6;5,91;Non;2021-10-12;0,81;0;710;Actif
CLI00174;Georges Bouvet;Femme;60;BouakÇ;SantÇ;143514;4227846;36;10,79;Non;2024-07-14;1,15;0;685;SoldÇ
CLI00175;Alexandria Andre;Femme;40;Yamoussoukro;Education;1031150;662142;6;8,16;Oui;2024-12-25;0,56;4;727;En retard
CLI00176;Inäs Bodin;Homme;41;Yamoussoukro;Agriculture;749655;2947178;24;7,62;Oui;2023-05-20;0,51;5;678;En retard
CLI00177;Noâl Descamps;Femme;28;BouakÇ;Agriculture;640928;3821484;12;7,82;Non;2024-04-05;0,16;12;486;DÇfaut
CLI00178;Anaãs Ruiz;Femme;57;San Pedro;Commerce;735810;1642443;12;14,97;Non;2025-08-13;0,67;4;735;En retard
CLI00179;Thibault-Louis Martineau;Homme;46;San Pedro;Education;1139993;3885528;12;9,3;Non;2023-05-31;0,49;1;744;En retard
CLI00180;Alexandre Robert;Femme;39;Yamoussoukro;Commerce;97149;951750;24;7,68;Non;2025-02-06;0,39;11;589;DÇfaut
CLI00181;Nicole Tanguy;Femme;24;Korhogo;SantÇ;488221;3091069;36;10,77;Non;2022-09-11;0,52;4;662;En retard
CLI00182;Maryse Ferreira de la Klein;Homme;29;BouakÇ;Education;282755;3354303;18;20,9;Oui;2023-08-28;0,47;3;600;En retard
CLI00183;Bertrand Brunel;Femme;53;BouakÇ;Education;164420;430032;6;7,74;Non;2025-10-01;0,47;4;589;En retard
CLI00184;RenÇe Leroy;Homme;41;Korhogo;Immobilier;748005;1413165;24;24,81;Non;2021-06-15;0,91;0;779;Actif
CLI00185;Charles Pasquier;Femme;57;Korhogo;Immobilier;708706;4033687;6;12,37;Non;2021-10-20;0,84;0;721;Actif
CLI00186;Henri Le Maillet;Homme;59;BouakÇ;Education;1075287;2277430;36;16,55;Non;2022-11-19;0,89;0;813;Actif
CLI00187;TimothÇe Caron;Femme;30;Yamoussoukro;Transport;587923;314832;36;23,96;Non;2022-06-21;0,22;6;654;DÇfaut
CLI00188;Jules Richard;Homme;47;Daloa;Agriculture;507591;3492495;36;20,5;Oui;2023-05-28;1,11;0;712;SoldÇ
CLI00189;Marine Allain;Homme;56;Korhogo;Immobilier;761678;4062866;36;12,54;Non;2022-11-05;1,15;0;701;SoldÇ
CLI00190;Laurent Goncalves;Femme;64;Yamoussoukro;Immobilier;634407;4111597;12;24,15;Oui;2025-01-27;0,41;10;461;DÇfaut
CLI00191;Laurent Maillet;Homme;65;Yamoussoukro;Commerce;1105513;2709530;24;11,98;Non;2023-10-06;1,13;0;765;SoldÇ
CLI00192;AimÇ de LÇvàque;Femme;46;Yamoussoukro;Transport;803799;1278730;18;5,84;Oui;2022-07-21;1,15;0;801;SoldÇ
CLI00193;StÇphane Roche;Femme;51;Abidjan;Education;528762;1745069;36;10,42;Oui;2024-12-26;0,72;3;683;En retard
CLI00194;Lucas Hamel;Homme;36;Daloa;Transport;186462;4504698;12;17,76;Non;2026-01-06;0,16;12;383;DÇfaut
CLI00195;Eugäne Le Moreau;Homme;64;Daloa;Agriculture;368289;93465;36;24,56;Non;2025-03-04;0,27;13;482;DÇfaut
CLI00196;GÇrard Vasseur;Femme;41;San Pedro;Agriculture;678559;546291;6;18,05;Oui;2024-04-29;0,36;6;657;DÇfaut
CLI00197;Hugues Clerc;Homme;46;Yamoussoukro;Immobilier;1118895;1612895;18;22,53;Oui;2023-03-16;0,11;15;460;DÇfaut
CLI00198;Philippe Royer;Femme;62;Yamoussoukro;Agriculture;1179575;4193237;12;22,02;Oui;2024-10-15;0,61;2;742;En retard
CLI00199;Franáois de la Muller;Femme;62;BouakÇ;Education;619523;1611951;6;19,73;Oui;2023-04-16;0,97;0;748;Actif
CLI00200;Camille-êlisabeth Colas;Femme;48;Yamoussoukro;Agriculture;1160621;2800848;6;13,02;Non;2024-06-10;0,2;8;582;DÇfaut
CLI00201;Antoine de Faure;Homme;37;Korhogo;SantÇ;884413;2025695;24;20,08;Non;2021-11-22;1,15;0;782;SoldÇ
CLI00202;Laurent Pires;Homme;37;Daloa;Education;834035;2032249;6;18,36;Non;2021-07-14;0,61;2;745;En retard
CLI00203;Gilbert Meyer;Femme;65;BouakÇ;Transport;326238;2524954;18;17,29;Non;2024-08-08;0,34;8;590;DÇfaut
CLI00204;Alfred De Oliveira;Femme;47;Korhogo;Transport;1067398;4559025;12;20,24;Oui;2022-03-14;0,85;0;803;Actif
CLI00205;Christine Paris;Femme;25;BouakÇ;Immobilier;315318;568064;36;23,06;Oui;2022-09-01;0,32;14;390;DÇfaut
CLI00206;Arnaude-Juliette Gosselin;Femme;28;BouakÇ;Education;510758;4941797;24;6,82;Non;2026-01-27;0,66;1;644;En retard
CLI00207;CÇline-Anastasie Bonneau;Femme;50;Yamoussoukro;Commerce;201082;4737530;24;18,46;Non;2024-08-10;0,44;6;573;DÇfaut
CLI00208;Suzanne LabbÇ;Homme;58;San Pedro;Commerce;233154;429918;24;11,89;Oui;2026-04-12;0,17;6;619;DÇfaut
CLI00209;Audrey Marques;Femme;47;San Pedro;Transport;457448;1186059;24;12,49;Non;2022-04-10;1,08;0;754;SoldÇ
CLI00210;Suzanne Torres de Robin;Homme;64;Daloa;Agriculture;358899;2967305;6;8,57;Oui;2022-11-12;0,69;5;760;En retard
CLI00211;Thierry-êric Pineau;Homme;22;San Pedro;Immobilier;705712;3933958;36;13,48;Oui;2022-02-12;0,52;2;714;En retard
CLI00212;Tristan Jourdan;Homme;38;BouakÇ;Commerce;475272;996609;6;21,19;Oui;2021-08-10;0,56;1;762;En retard
CLI00213;Roland Albert;Homme;59;Daloa;Commerce;150414;3795019;36;18,44;Oui;2025-07-03;1,06;0;715;SoldÇ
CLI00214;GÇrard Potier-Boulay;Femme;49;Korhogo;Immobilier;571445;4577833;12;20,09;Oui;2022-11-21;0,95;0;737;Actif
CLI00215;Anouk Hamel;Homme;57;Yamoussoukro;Agriculture;748789;4894209;36;20,45;Oui;2023-01-22;1;0;713;SoldÇ
CLI00216;StÇphane Brun-Denis;Homme;47;Daloa;SantÇ;710196;2358158;6;16,13;Oui;2022-12-05;0,75;0;777;Actif
CLI00217;Josette Torres;Femme;56;Daloa;Transport;1119392;443292;18;23,83;Non;2025-08-21;0,84;0;776;Actif
CLI00218;Georges-Alexandre Gallet;Femme;30;Daloa;Agriculture;708911;3207976;12;20,09;Non;2022-07-01;0,62;2;689;En retard
CLI00219;William Bonnin-Gaudin;Femme;24;Yamoussoukro;SantÇ;945447;3543921;36;15,6;Oui;2025-09-19;0,53;3;679;En retard
CLI00220;David Valette;Homme;49;Daloa;Education;858205;825644;36;19,49;Non;2025-06-27;0,31;10;580;DÇfaut
CLI00221;HÇläne du Maurice;Homme;25;Abidjan;Agriculture;474607;4979009;36;9,34;Non;2022-05-15;0,33;11;570;DÇfaut
CLI00222;Jules-Martin De Oliveira;Homme;28;Yamoussoukro;Transport;1084369;2085019;36;19,08;Non;2021-07-05;0,54;2;672;En retard
CLI00223;Laurence Marin;Femme;55;Abidjan;SantÇ;833421;2637233;18;12,19;Non;2025-06-21;1,07;0;784;SoldÇ
CLI00224;Charles Mary-Roussel;Femme;41;Abidjan;Immobilier;505989;3159698;18;13,28;Oui;2022-11-10;0,72;2;614;En retard
CLI00225;Philippe Raynaud de Charpentier;Femme;39;Korhogo;SantÇ;399629;1695775;18;9,6;Non;2023-11-04;0,73;2;664;En retard
CLI00226;Vincent-Georges Ferreira;Femme;37;BouakÇ;SantÇ;1104712;4165414;24;8,36;Oui;2022-01-30;0,97;0;812;Actif
CLI00227;Alfred Fernandez;Femme;32;San Pedro;Agriculture;203170;4445164;6;21,78;Oui;2025-02-12;0,18;6;558;DÇfaut
CLI00228;Alexandria Hoarau du Langlois;Homme;25;Daloa;Transport;396732;126684;12;15,11;Non;2021-06-12;0,51;5;595;En retard
CLI00229;Maggie Marty-Gilles;Homme;21;Abidjan;Education;1196130;4677521;24;5,24;Non;2022-02-06;0,68;3;684;En retard
CLI00230;Nicole Delmas;Femme;32;Yamoussoukro;Immobilier;304429;857939;36;7,98;Non;2021-10-03;0,31;14;469;DÇfaut
CLI00231;Thomas Le Mercier;Femme;26;Yamoussoukro;SantÇ;862345;3456004;24;16,3;Oui;2025-08-07;1,19;0;722;SoldÇ
CLI00232;Hugues-Jacques Delattre;Homme;62;Daloa;Agriculture;146447;834339;24;12,59;Oui;2025-11-10;0,71;1;694;En retard
CLI00233;Marie Payet;Homme;52;BouakÇ;Agriculture;989974;2828899;36;24,55;Oui;2022-02-12;1,17;0;772;SoldÇ
CLI00234;Martine Imbert;Femme;38;Yamoussoukro;Commerce;177647;673676;18;22,99;Oui;2022-05-19;0,72;1;664;En retard
CLI00235;Gilles-Julien Lebon;Homme;58;Daloa;Education;382391;3391149;6;10,99;Non;2026-05-12;0,72;5;690;En retard
CLI00236;Emmanuel Evrard;Femme;45;BouakÇ;Commerce;373497;707899;36;19,91;Non;2021-10-27;0,48;1;735;En retard
CLI00237;Margaux Da Costa;Femme;59;San Pedro;Agriculture;911946;2787845;6;17,68;Non;2023-10-29;0,96;0;682;Actif
CLI00238;Franáoise Simon;Femme;56;Korhogo;Immobilier;867327;3672603;12;18,59;Oui;2021-09-09;0,83;0;757;Actif
CLI00239;Marine Vaillant du Renaud;Homme;25;Daloa;Transport;252046;2297912;12;12,6;Oui;2024-09-04;0,96;0;675;Actif
CLI00240;DorothÇe Gilles de la Da Silva;Femme;44;BouakÇ;Commerce;303453;817729;6;23,86;Oui;2024-02-09;0,59;3;696;En retard
CLI00241;Suzanne Pierre-Guilbert;Homme;48;Korhogo;Commerce;1021293;4722329;36;15,25;Non;2023-09-07;0,21;7;583;DÇfaut
CLI00242;Agnäs Marion de la Bouvet;Femme;45;Korhogo;Education;105880;2498193;24;12,76;Oui;2025-04-15;0,19;14;401;DÇfaut
CLI00243;AurÇlie Imbert;Homme;64;BouakÇ;Transport;878452;1471883;12;10,38;Oui;2024-08-15;0,4;8;633;DÇfaut
CLI00244;StÇphanie ClÇment;Femme;47;Korhogo;Education;708626;4112026;6;12,22;Non;2023-10-02;1,14;0;764;SoldÇ
CLI00245;Augustin Goncalves;Homme;50;Yamoussoukro;Transport;304337;1186568;18;5,14;Non;2023-11-15;0,54;5;570;En retard
CLI00246;CÇcile Le Gillet;Femme;48;Yamoussoukro;Agriculture;365473;2570233;18;17,06;Non;2025-11-23;0,86;0;697;Actif
CLI00247;Nicolas Bailly;Femme;41;Yamoussoukro;Commerce;691211;4168867;36;20,64;Non;2022-05-14;0,46;3;648;En retard
CLI00248;Alain de la Lecomte;Homme;58;Yamoussoukro;SantÇ;457334;4664566;6;24,06;Non;2022-03-21;0,61;2;632;En retard
CLI00249;StÇphanie-Alex Bouchet;Homme;47;San Pedro;Commerce;1127114;1217519;18;9,84;Non;2024-12-03;0,82;0;850;Actif
CLI00250;êric Brunet;Femme;59;Korhogo;Commerce;1085028;4934216;24;15,69;Non;2022-11-03;1,12;0;775;SoldÇ
CLI00251;HÇläne Charrier;Femme;65;Korhogo;SantÇ;258220;967457;12;18,15;Oui;2021-10-22;0,49;5;565;En retard
CLI00252;Emmanuel Benard;Femme;42;San Pedro;Immobilier;982730;938727;6;6,97;Oui;2025-10-14;0,34;14;545;DÇfaut
CLI00253;Roland Rousseau;Femme;50;Abidjan;Commerce;1129552;1314540;18;24,95;Non;2025-01-11;0,63;3;824;En retard
CLI00254;Franáoise-Brigitte Jacquot;Homme;43;Abidjan;Transport;734081;2927851;24;20,69;Non;2025-09-01;0,67;3;725;En retard
CLI00255;Susanne Bigot;Femme;41;Daloa;Agriculture;220874;2568797;6;21,2;Oui;2024-05-25;0,23;11;415;DÇfaut
CLI00256;Guy Schneider;Homme;54;San Pedro;SantÇ;445854;4679759;12;11,62;Oui;2023-07-03;0,57;4;598;En retard
CLI00257;Paul Hoarau de la GÇrard;Homme;32;Korhogo;Transport;986251;3368385;6;19,75;Non;2023-12-05;1,07;0;815;SoldÇ
CLI00258;Sabine Perrot;Femme;21;Korhogo;Commerce;530460;1776245;18;20,05;Oui;2023-01-12;0,99;0;706;Actif
CLI00259;Raymond Blondel du Grenier;Homme;44;Korhogo;SantÇ;763639;1703178;24;7,28;Non;2021-05-29;0,84;0;777;Actif
CLI00260;Lorraine Rossi;Femme;59;Daloa;SantÇ;895035;3342897;36;7,28;Oui;2023-12-31;0,49;4;707;En retard
CLI00261;Maurice Rodrigues;Femme;60;Daloa;Agriculture;257737;1173635;18;7,36;Non;2026-05-01;0,44;8;516;DÇfaut
CLI00262;Franck Ribeiro;Femme;47;Korhogo;Agriculture;369128;4871822;24;13,46;Oui;2024-04-16;0,64;5;585;En retard
CLI00263;Marguerite Aubert;Femme;39;Abidjan;Transport;374223;1619496;18;21,84;Non;2022-02-11;0,78;0;591;Actif
CLI00264;Gilbert Bonnin;Homme;33;Daloa;Transport;885189;4760891;36;18,06;Non;2025-08-08;0,55;4;619;En retard
CLI00265;AimÇe Le Robert;Femme;31;BouakÇ;Education;253372;4792900;6;20,92;Non;2021-09-05;0,34;6;547;DÇfaut
CLI00266;êlise Regnier;Femme;31;Korhogo;Immobilier;1039072;4795019;24;15,99;Non;2024-10-23;0,22;7;566;DÇfaut
CLI00267;ZoÇ de Navarro;Homme;49;Yamoussoukro;Commerce;538315;3616456;6;19,72;Oui;2021-06-25;0,82;0;782;Actif
CLI00268;Maggie Perret-Menard;Femme;37;Daloa;Education;811018;779666;24;22,31;Oui;2022-01-29;0,23;9;536;DÇfaut
CLI00269;Denise Bouchet;Femme;60;Korhogo;Immobilier;977931;1442354;36;7,78;Oui;2025-02-26;0,33;9;585;DÇfaut
CLI00270;Manon Colin;Femme;59;BouakÇ;Transport;433112;2765003;18;10,79;Oui;2023-10-05;0,39;14;440;DÇfaut
CLI00271;Brigitte Cohen;Homme;38;San Pedro;Agriculture;346103;1163091;12;7,92;Non;2021-06-13;0,45;2;740;En retard
CLI00272;Virginie Hernandez;Femme;61;San Pedro;Education;948692;3197173;24;6,51;Oui;2023-09-13;0,97;0;705;Actif
CLI00273;Victor Schneider;Femme;65;Daloa;SantÇ;853998;3864263;24;11,55;Non;2023-10-04;0,1;7;653;DÇfaut
CLI00274;Vincent-Henri Aubry;Femme;25;Yamoussoukro;Education;914070;1877289;24;21,5;Non;2026-04-12;0,64;3;713;En retard
CLI00275;Camille Jacob-Dumas;Homme;57;Abidjan;Commerce;1097827;2933496;6;5,92;Non;2026-04-15;0,79;0;741;Actif
CLI00276;Bernadette Sauvage;Homme;49;Daloa;Immobilier;1037387;55670;24;9,05;Oui;2025-11-18;0,86;0;821;Actif
CLI00277;Auguste Imbert;Homme;38;Abidjan;Transport;275748;3073551;18;6,65;Oui;2021-09-15;0,83;0;704;Actif
CLI00278;Thibaut Meyer;Femme;65;BouakÇ;Education;571035;3650650;6;19,07;Oui;2025-12-17;0,1;13;436;DÇfaut
CLI00279;Daniel Allard;Homme;54;Daloa;Agriculture;1013372;127904;6;18,91;Non;2022-03-15;1;0;802;SoldÇ
CLI00280;CÇline-Lorraine Courtois;Femme;25;Yamoussoukro;Agriculture;560136;3263423;6;19,62;Non;2025-08-15;0,21;11;487;DÇfaut
CLI00281;StÇphanie Navarro;Femme;29;San Pedro;Immobilier;379584;623878;36;16,27;Oui;2026-01-08;0,77;0;736;Actif
CLI00282;Brigitte Sauvage;Homme;61;Abidjan;Agriculture;397454;3503672;36;18,73;Oui;2024-06-07;1,05;0;731;SoldÇ
CLI00283;Franck Da Silva;Homme;58;BouakÇ;Education;885373;2998894;24;11,29;Oui;2023-11-11;0,25;10;621;DÇfaut
CLI00284;ThÇophile Lacroix Le Blanchet;Femme;65;Daloa;Commerce;136254;2580418;12;15,35;Non;2022-03-30;0,66;4;558;En retard
CLI00285;Paul Collet-Blondel;Homme;52;Yamoussoukro;Immobilier;889260;995762;12;14,99;Oui;2025-09-18;0,75;0;850;Actif
CLI00286;Olivier Dos Santos-DuprÇ;Homme;45;Abidjan;Education;962614;3115301;36;18,66;Oui;2021-09-13;0,94;0;687;Actif
CLI00287;Gilbert Lemaåtre;Homme;21;Korhogo;Immobilier;629842;1859782;6;23,45;Non;2025-05-29;1,14;0;738;SoldÇ
CLI00288;Maurice Durand;Femme;48;Abidjan;Education;923636;741454;36;15,75;Non;2023-05-24;0,27;7;668;DÇfaut
CLI00289;Isaac Leduc;Homme;30;Yamoussoukro;SantÇ;765245;3327693;36;17,69;Oui;2023-07-10;1,02;0;754;SoldÇ
CLI00290;êlise Lebon;Femme;36;Yamoussoukro;SantÇ;201437;2100844;6;23,49;Oui;2021-09-19;0,23;15;374;DÇfaut
CLI00291;Marine Le Briand;Homme;28;BouakÇ;Immobilier;106560;1201015;6;8,28;Non;2022-01-12;1,15;0;690;SoldÇ
CLI00292;Maurice Cohen;Homme;38;Daloa;Education;327582;296258;18;21,14;Non;2024-12-23;0,4;7;570;DÇfaut
CLI00293;Auguste Pineau;Homme;52;Yamoussoukro;Agriculture;1034618;4334748;18;6,11;Oui;2022-10-16;1,05;0;736;SoldÇ
CLI00294;Yves-Auguste Jourdan;Femme;27;BouakÇ;Commerce;321872;1965995;36;5,05;Oui;2024-11-30;1,04;0;746;SoldÇ
CLI00295;Margot Jacquot-Martineau;Femme;44;BouakÇ;Immobilier;883166;1309001;12;23,62;Non;2023-09-09;1,04;0;789;SoldÇ
CLI00296;Aurore Jean;Homme;47;BouakÇ;Education;750952;2325476;6;16,43;Oui;2022-08-14;0,23;6;604;DÇfaut
CLI00297;Christine Gilbert;Homme;46;Abidjan;Immobilier;224549;3951492;18;20,47;Non;2023-09-19;0,44;7;578;DÇfaut
CLI00298;Michäle Thomas;Homme;39;Daloa;Education;717344;2084942;24;12,37;Oui;2023-08-21;1,17;0;763;SoldÇ
CLI00299;Richard Gilbert-Carpentier;Homme;30;Abidjan;SantÇ;93375;3489632;6;9,66;Non;2022-08-12;0,48;1;686;En retard
CLI00300;Luc Guichard-Garnier;Femme;40;Daloa;Immobilier;297996;1771295;36;24,66;Oui;2026-04-20;0,56;1;717;En retard
CLI00301;Bernadette DuprÇ;Homme;23;Korhogo;Agriculture;565433;4410056;24;19,02;Oui;2025-12-02;0,51;1;659;En retard
CLI00302;Marianne Faivre;Femme;25;Daloa;SantÇ;210616;3698900;12;9,74;Non;2022-08-04;0,39;11;441;DÇfaut
CLI00303;Chantal Bernard de la Pages;Femme;41;BouakÇ;Commerce;1029502;2331331;12;6,49;Oui;2021-05-15;0,32;15;509;DÇfaut
CLI00304;Nath Maurice;Homme;49;Yamoussoukro;Transport;1057388;2684302;24;7,41;Non;2024-02-05;0,49;2;763;En retard
CLI00305;Jeannine Fontaine;Femme;28;BouakÇ;Immobilier;269626;1372173;18;21,53;Oui;2022-12-22;0,87;0;712;Actif
CLI00306;Charlotte-êlodie Pereira;Homme;26;BouakÇ;Commerce;600552;3034186;24;15,27;Non;2025-08-21;0,84;0;734;Actif
CLI00307;CÇlina-Luce Lefebvre;Femme;49;Abidjan;Commerce;603978;844613;24;7,04;Oui;2024-03-16;0,97;0;803;Actif
CLI00308;Dominique Gros;Homme;29;Korhogo;Education;495515;3410323;18;18,73;Oui;2022-05-16;1,13;0;691;SoldÇ
CLI00309;Pauline Chauvin;Femme;25;Yamoussoukro;Commerce;125718;590830;12;23,05;Oui;2024-06-26;0,59;2;688;En retard
CLI00310;Marthe Descamps;Homme;50;Abidjan;Transport;186194;1459195;36;13,66;Non;2024-04-02;0,9;0;695;Actif
CLI00311;Philippe Barre-Guillet;Femme;32;Korhogo;Education;822272;1851169;12;10,5;Oui;2021-12-15;0,59;2;715;En retard
CLI00312;Charles Lagarde;Homme;62;San Pedro;Agriculture;698880;4235006;24;22,66;Non;2021-10-29;0,63;1;751;En retard
CLI00313;PÇnÇlope Payet-Cordier;Femme;33;San Pedro;Education;1182712;2140002;36;20,9;Non;2022-01-23;1,19;0;829;SoldÇ
CLI00314;Guillaume Parent;Femme;43;Abidjan;Immobilier;1133595;2747813;24;10,41;Oui;2024-11-16;0,13;15;518;DÇfaut
CLI00315;Daniel Diallo;Homme;51;BouakÇ;SantÇ;1190299;3048364;36;24,99;Oui;2022-05-14;1,17;0;840;SoldÇ
CLI00316;êmilie-Alix Barre;Homme;38;Yamoussoukro;Agriculture;1199228;518995;12;16,51;Non;2024-05-05;1,18;0;815;SoldÇ
CLI00317;ClÇmence Hernandez;Homme;36;Korhogo;Agriculture;746903;3059691;36;5,56;Oui;2022-06-24;0,87;0;771;Actif
CLI00318;ZoÇ Lopez du Martineau;Femme;55;Abidjan;Education;728131;1522676;24;5,76;Oui;2024-07-31;0,16;15;445;DÇfaut
CLI00319;GrÇgoire Laine;Femme;21;Abidjan;Agriculture;775696;1740005;12;11,82;Oui;2023-11-18;0,3;11;553;DÇfaut
CLI00320;êric Leblanc;Homme;28;Korhogo;Commerce;1183720;3110917;6;12,47;Non;2021-09-09;1,14;0;782;SoldÇ
CLI00321;Diane Girard;Femme;40;BouakÇ;SantÇ;756547;1194639;12;19,65;Non;2022-04-05;0,58;4;687;En retard
CLI00322;Mathilde Carlier;Femme;35;Daloa;Education;447739;3224115;18;19,68;Oui;2021-06-14;0,42;8;576;DÇfaut
CLI00323;Marcel Germain du Deschamps;Femme;57;Daloa;Education;147911;1577412;36;11,36;Oui;2026-02-11;0,99;0;666;Actif
CLI00324;LÇon de Pelletier;Homme;52;Daloa;Commerce;374950;2828042;6;9,76;Oui;2025-08-13;1,18;0;792;SoldÇ
CLI00325;Laetitia Meunier;Femme;49;Daloa;Commerce;103898;2274763;12;9,99;Oui;2023-05-11;0,17;10;447;DÇfaut
CLI00326;Patrick Roche;Homme;45;Korhogo;Transport;999014;3570306;12;22,69;Non;2024-02-15;0,64;4;635;En retard
CLI00327;Guy Perrin;Homme;51;Abidjan;Immobilier;553081;1414461;24;6,47;Non;2025-12-17;1,03;0;787;SoldÇ
CLI00328;ThÇodore-Adrien Laroche;Femme;27;Yamoussoukro;Education;235609;2917295;12;22,76;Oui;2023-01-25;0,28;7;586;DÇfaut
CLI00329;Philippe Gosselin;Femme;22;BouakÇ;Agriculture;984550;1434096;36;22,8;Non;2022-01-12;0,27;7;669;DÇfaut
CLI00330;Philippe de la Dias;Femme;65;BouakÇ;Commerce;636300;2411586;18;9,75;Non;2022-11-02;0,15;15;464;DÇfaut
CLI00331;FrÇdÇric Gillet;Femme;21;BouakÇ;Commerce;976754;785079;18;21,48;Non;2021-08-24;0,79;0;789;Actif
CLI00332;Christine Arnaud;Homme;34;San Pedro;SantÇ;438261;2497891;6;14,47;Non;2022-02-14;0,23;12;442;DÇfaut
CLI00333;Aurore Leroux;Femme;26;Yamoussoukro;Transport;892703;1600896;18;22,71;Oui;2023-05-13;0,51;4;696;En retard
CLI00334;Marcel Bernard du Fleury;Femme;37;Abidjan;SantÇ;554464;2302861;36;6,23;Oui;2025-11-16;0,93;0;705;Actif
CLI00335;AimÇ Rodrigues;Femme;55;Korhogo;SantÇ;948192;4996983;12;16,07;Non;2021-09-09;1,02;0;783;SoldÇ
CLI00336;Diane Delattre;Femme;57;Korhogo;Education;574177;4045177;18;6,58;Oui;2025-03-27;1,09;0;711;SoldÇ
CLI00337;Eugäne Adam;Homme;28;Abidjan;Transport;1021704;1500213;12;24,44;Oui;2024-04-24;0,99;0;754;Actif
CLI00338;Nathalie Le Ollivier;Homme;64;San Pedro;Education;993085;1743821;12;21,68;Oui;2022-10-14;0,38;7;629;DÇfaut
CLI00339;Marguerite-Philippine Collet;Femme;56;Abidjan;Transport;763937;2366940;36;14,16;Non;2024-05-01;1,06;0;769;SoldÇ
CLI00340;Paul Gimenez;Homme;30;San Pedro;Immobilier;290143;936129;36;20,59;Non;2022-12-06;0,96;0;697;Actif
CLI00341;Martine-Claudine Lecomte;Femme;62;Korhogo;Education;1098345;4848478;36;14,46;Oui;2025-12-05;0,29;12;488;DÇfaut
CLI00342;Louis Seguin;Femme;23;Abidjan;Immobilier;910037;2830773;12;5,99;Non;2026-04-11;0,62;3;712;En retard
CLI00343;FrÇdÇric Normand de Marchal;Femme;40;Yamoussoukro;Immobilier;667929;4174000;6;24,45;Non;2025-05-11;0,35;10;534;DÇfaut
CLI00344;Alphonse Gaudin;Femme;59;Korhogo;Immobilier;267248;1626518;24;9,23;Non;2022-06-07;1,01;0;690;SoldÇ
CLI00345;Nath David-Masson;Homme;53;BouakÇ;Agriculture;413389;600435;18;19,19;Oui;2023-08-19;0,54;5;616;En retard
CLI00346;Guillaume Bonneau Le Barthelemy;Homme;24;Yamoussoukro;Transport;603219;327420;24;6,01;Non;2022-05-22;0,5;2;726;En retard
CLI00347;Michelle Costa;Femme;61;San Pedro;Education;339780;306382;12;12,45;Oui;2022-02-05;0,75;0;672;Actif
CLI00348;Anne Carlier;Femme;43;BouakÇ;SantÇ;422912;2219796;6;10,7;Oui;2023-07-19;0,53;2;623;En retard
CLI00349;Anastasie de Brun;Homme;64;San Pedro;Agriculture;513546;2307236;24;15,27;Oui;2022-05-02;1,05;0;699;SoldÇ
CLI00350;êlisabeth Monnier;Homme;59;San Pedro;Transport;97749;1927119;18;17,17;Non;2022-07-04;1,14;0;681;SoldÇ
CLI00351;Olivier Leduc-Roy;Femme;50;Korhogo;Commerce;608479;1880470;24;11,04;Non;2023-11-27;0,67;5;654;En retard
CLI00352;Gilbert Lefebvre;Homme;53;Abidjan;Immobilier;864816;4759843;36;17,18;Non;2024-07-14;0,43;7;657;DÇfaut
CLI00353;AmÇlie Fernandez;Femme;61;BouakÇ;Agriculture;761861;2372679;18;18,12;Non;2021-06-22;1,15;0;786;SoldÇ
CLI00354;Thibaut Carre;Homme;24;Yamoussoukro;Transport;927455;2730879;12;19,43;Non;2023-07-17;0,82;0;759;Actif
CLI00355;Agathe Gonzalez de la Courtois;Femme;45;Daloa;Immobilier;154069;4940757;36;21,32;Non;2025-11-15;0,48;2;625;En retard
CLI00356;Manon Cousin;Femme;31;Daloa;Immobilier;459869;2514439;6;14,42;Oui;2024-10-25;0,92;0;680;Actif
CLI00357;Adrienne Clerc Le Joseph;Homme;35;Yamoussoukro;Education;825083;1923410;18;13,41;Non;2022-11-25;1,08;0;762;SoldÇ
CLI00358;Margaux Ollivier;Femme;50;San Pedro;Agriculture;327005;3997146;6;22,33;Oui;2025-03-15;0,74;5;581;En retard
CLI00359;Caroline Perrier;Homme;64;BouakÇ;Agriculture;880418;4494607;18;13,26;Oui;2023-02-07;1,06;0;756;SoldÇ
CLI00360;Laurent Becker;Femme;47;Yamoussoukro;SantÇ;1039596;1251451;18;22,25;Non;2023-07-07;0,3;7;618;DÇfaut
CLI00361;FrÇdÇric Louis;Homme;41;Korhogo;Agriculture;201663;89539;24;10,47;Oui;2021-11-12;0,94;0;740;Actif
CLI00362;CÇline Evrard;Femme;26;Abidjan;Commerce;351383;3688235;24;13,07;Non;2026-03-03;1,16;0;759;SoldÇ
CLI00363;Alfred Schmitt du Antoine;Homme;44;BouakÇ;SantÇ;109521;2752919;36;8,81;Oui;2024-07-23;0,84;0;679;Actif
CLI00364;PÇnÇlope-Agnäs Georges;Femme;40;Yamoussoukro;Immobilier;350387;911579;24;15,07;Oui;2023-01-16;0,44;7;601;DÇfaut
CLI00365;Georges Dubois;Femme;54;San Pedro;Immobilier;1179154;2883966;24;22,76;Non;2021-12-10;1,2;0;816;SoldÇ
CLI00366;Xavier Gillet;Homme;31;Daloa;Commerce;925973;210429;12;9,49;Oui;2024-01-02;1,18;0;774;SoldÇ
CLI00367;Pauline Gilles;Homme;28;Korhogo;Commerce;848797;363427;24;22,53;Oui;2021-09-23;0,38;14;510;DÇfaut
CLI00368;VÇronique Dijoux;Homme;62;San Pedro;SantÇ;121401;454624;6;13,34;Non;2021-10-01;0,52;5;608;En retard
CLI00369;êric Valentin du Monnier;Homme;34;Korhogo;Education;99513;2575947;24;18,23;Non;2025-02-05;0,83;0;688;Actif
CLI00370;Georges Joubert;Homme;47;BouakÇ;Education;300021;4341484;36;7,35;Non;2026-03-05;0,23;7;515;DÇfaut
CLI00371;Jeanne Gilles;Homme;37;BouakÇ;SantÇ;1177116;1741757;18;19,07;Non;2021-06-04;0,42;6;681;DÇfaut
CLI00372;Capucine-Virginie Menard;Femme;42;BouakÇ;Commerce;571793;72968;6;18,43;Non;2022-05-13;1,1;0;776;SoldÇ
CLI00373;Christophe Guillon-Deschamps;Homme;27;Abidjan;Agriculture;616644;1989113;24;24,77;Oui;2024-03-23;0,43;13;539;DÇfaut
CLI00374;Paulette-Marcelle Fernandes;Homme;39;BouakÇ;SantÇ;835424;2673177;24;19,77;Oui;2025-01-26;0,2;6;675;DÇfaut
CLI00375;Christiane Pages;Homme;42;Yamoussoukro;Agriculture;829789;3721815;36;10,37;Non;2021-08-03;0,91;0;831;Actif
CLI00376;Thibaut Roy;Homme;46;San Pedro;SantÇ;919385;3879724;18;21,71;Non;2024-02-17;0,86;0;722;Actif
CLI00377;Franáoise Lebon;Homme;28;Korhogo;SantÇ;357896;541961;12;7,07;Non;2021-10-02;1,1;0;765;SoldÇ
CLI00378;êlÇonore Launay;Femme;32;San Pedro;Transport;876395;3058145;36;5,58;Oui;2025-09-09;0,85;0;764;Actif
CLI00379;Lucas Parent;Homme;47;Daloa;Immobilier;1004189;435643;6;10,23;Oui;2023-07-18;0,45;5;783;En retard
CLI00380;Marine Jourdan;Homme;48;Korhogo;Education;601303;4092719;18;18,27;Oui;2023-05-13;0,81;0;686;Actif
CLI00381;Alex du Jourdan;Homme;21;San Pedro;Immobilier;409100;4291008;24;22,04;Oui;2023-12-07;1,06;0;664;SoldÇ
CLI00382;Louis Bernard;Homme;42;BouakÇ;Commerce;663337;472372;36;9,45;Non;2025-10-02;0,81;0;737;Actif
CLI00383;Thibault Grenier;Femme;49;Abidjan;Transport;1019730;788364;24;13,94;Oui;2024-11-28;0,23;13;449;DÇfaut
CLI00384;Georges Torres;Femme;23;Daloa;SantÇ;80355;812487;36;24,26;Oui;2026-01-06;0,8;0;678;Actif
CLI00385;Arthur-Raymond Hubert;Femme;42;Daloa;SantÇ;841984;505293;12;21,89;Non;2022-10-30;0,47;5;648;En retard
CLI00386;Caroline Guillot;Femme;49;Daloa;Commerce;319124;867360;12;5,04;Non;2022-07-12;0,49;3;669;En retard
CLI00387;Nicole Thierry;Homme;31;Abidjan;Transport;1112684;1228173;24;7,14;Oui;2022-12-13;0,77;0;812;Actif
CLI00388;Patrick Ruiz;Homme;50;San Pedro;Transport;479672;2884792;6;20,14;Oui;2022-04-29;0,15;15;494;DÇfaut
CLI00389;Aurore Martins;Homme;52;Korhogo;Agriculture;89096;4499018;6;16,06;Non;2023-03-10;0,58;5;601;En retard
CLI00390;Guillaume Louis;Homme;29;Korhogo;SantÇ;297168;3299793;36;17,12;Non;2022-05-22;0,45;4;593;En retard
CLI00391;Paul Da Silva;Homme;38;Daloa;Education;914393;2926108;18;14,06;Non;2022-03-05;0,25;12;486;DÇfaut
CLI00392;Sylvie Pages;Femme;56;Daloa;SantÇ;535800;1735179;12;17,48;Oui;2025-10-16;0,42;11;535;DÇfaut
CLI00393;Antoinette-Adäle Gauthier;Homme;53;San Pedro;Commerce;756082;1018089;18;16,25;Non;2025-02-11;0,74;4;632;En retard
CLI00394;Jeannine Rolland;Homme;22;Daloa;Immobilier;878742;1269088;6;18,41;Non;2025-12-13;0,32;8;688;DÇfaut
CLI00395;Victor Loiseau;Homme;24;Korhogo;SantÇ;698954;1761283;36;5,65;Oui;2024-12-25;1;0;799;SoldÇ
CLI00396;Josette Fernandes;Homme;62;Daloa;SantÇ;895554;2043095;36;20,69;Non;2025-08-04;0,98;0;750;Actif
CLI00397;êlisabeth-Sylvie Guillot;Homme;45;Korhogo;Transport;892761;3544410;18;24,32;Oui;2023-02-14;0,16;10;485;DÇfaut
CLI00398;Sabine DuprÇ;Homme;61;San Pedro;Agriculture;851209;4985733;36;19,77;Non;2022-06-24;0,32;9;609;DÇfaut
CLI00399;Denise Merle;Homme;32;BouakÇ;Agriculture;444474;4360459;6;12,54;Non;2023-08-30;0,57;5;596;En retard
CLI00400;JosÇphine-êlÇonore Martinez;Femme;21;Daloa;Education;773240;3961870;12;5,8;Oui;2025-09-29;1,12;0;787;SoldÇ
CLI00401;Charlotte Petitjean;Femme;52;Korhogo;Agriculture;830959;661368;18;15,51;Oui;2024-03-04;1,15;0;712;SoldÇ
CLI00402;Gilbert Petit-Bägue;Femme;55;Yamoussoukro;Immobilier;926026;821295;18;9,42;Non;2021-07-17;0,33;11;540;DÇfaut
CLI00403;Monique Carpentier-Lopes;Homme;60;Abidjan;SantÇ;1192536;4033390;36;21,47;Oui;2024-04-28;1,18;0;779;SoldÇ
CLI00404;Jeannine Bodin de Monnier;Femme;49;Yamoussoukro;Education;584046;2095370;6;18,65;Non;2026-01-21;0,45;1;719;En retard
CLI00405;SÇbastien Marchal;Femme;22;Daloa;Agriculture;1163950;3195376;36;21,06;Non;2021-11-06;0,59;1;746;En retard
CLI00406;Emmanuel Lambert;Femme;53;Daloa;Commerce;252690;854940;12;24,43;Oui;2021-08-06;0,95;0;741;Actif
CLI00407;Pierre Huet;Homme;63;Daloa;Commerce;527060;3608526;6;9,11;Non;2025-03-23;1,01;0;673;SoldÇ
CLI00408;Lucy Bouvier;Homme;22;Korhogo;Agriculture;1043065;2832630;6;6,75;Oui;2026-04-24;0,16;10;570;DÇfaut
CLI00409;TimothÇe Blondel;Femme;47;Daloa;SantÇ;893763;3834316;24;13,66;Oui;2022-11-26;0,12;7;615;DÇfaut
CLI00410;Emmanuel Hamon-Perrier;Homme;58;Yamoussoukro;Transport;175455;658924;18;23,56;Oui;2024-10-03;0,22;10;531;DÇfaut
CLI00411;Benoåt du Guilbert;Femme;46;Daloa;Agriculture;144632;4026096;12;15,67;Non;2022-08-23;0,25;12;462;DÇfaut
CLI00412;Laetitia Riviäre;Femme;64;Korhogo;Education;862511;143534;36;22,5;Oui;2024-02-24;0,26;6;619;DÇfaut
CLI00413;Emmanuel Moulin-Bonnet;Femme;55;BouakÇ;Transport;258523;2605934;12;19,97;Non;2026-03-11;1,09;0;638;SoldÇ
CLI00414;FrÇdÇric Dupuis;Homme;31;Korhogo;Transport;465860;1902103;36;21,69;Oui;2021-10-28;0,31;8;618;DÇfaut
CLI00415;Michäle Masson-Henry;Homme;39;BouakÇ;SantÇ;221269;2152920;6;8,95;Non;2022-10-17;0,74;3;653;En retard
CLI00416;Christophe Louis;Homme;27;Daloa;Education;677975;635599;12;11,36;Non;2025-08-30;0,6;5;631;En retard
CLI00417;Nicolas PrÇvost de Pasquier;Homme;57;Yamoussoukro;Immobilier;844398;2703594;24;8,37;Non;2022-09-02;0,44;9;639;DÇfaut
CLI00418;Isaac Allain de la Sanchez;Homme;64;Korhogo;Commerce;775337;4076145;24;13,91;Non;2023-05-20;0,95;0;741;Actif
CLI00419;Astrid de la LabbÇ;Homme;62;Abidjan;Education;251911;2403977;12;22,83;Oui;2021-05-23;0,32;7;608;DÇfaut
CLI00420;Nicole Laporte;Homme;58;Daloa;Agriculture;929628;4999583;12;23,13;Non;2024-12-21;0,71;5;645;En retard
CLI00421;Marguerite Boulay;Femme;46;Yamoussoukro;Education;548307;4995929;18;7,68;Non;2024-09-27;0,65;1;767;En retard
CLI00422;Benoåt-TimothÇe Dupuis;Homme;63;Daloa;SantÇ;580969;1441196;36;7,81;Oui;2024-04-04;0,28;15;513;DÇfaut
CLI00423;êtienne Moulin;Femme;43;Daloa;Agriculture;164766;1885587;24;9,63;Oui;2025-12-04;0,39;9;507;DÇfaut
CLI00424;Alphonse-Lucas Pinto;Femme;45;Daloa;Education;1064978;3863825;6;5,8;Oui;2025-11-11;0,81;0;806;Actif
CLI00425;Dominique Collin;Femme;37;Korhogo;Immobilier;444589;3209649;24;12,31;Oui;2025-12-17;0,82;0;738;Actif
CLI00426;Lucie Leclercq;Femme;35;Korhogo;Agriculture;1162910;3454451;18;21,34;Oui;2024-11-26;0,48;4;756;En retard
CLI00427;Pierre Petitjean;Femme;31;Yamoussoukro;Education;562325;696662;36;17,87;Oui;2023-04-27;0,33;8;550;DÇfaut
CLI00428;Patrick Carre;Homme;63;BouakÇ;Education;563071;3528031;18;19,41;Non;2026-03-23;0,63;4;668;En retard
CLI00429;Patrick Bertrand;Homme;62;Daloa;Education;941718;238291;12;5,86;Oui;2024-03-22;0,73;2;794;En retard
CLI00430;êmile-Jean Hernandez;Homme;57;Daloa;SantÇ;387998;519023;12;10,17;Oui;2022-05-11;0,3;12;423;DÇfaut
CLI00431;Emmanuelle Bodin;Femme;26;BouakÇ;Transport;534229;3818190;36;24,86;Oui;2022-09-27;1,05;0;667;SoldÇ
CLI00432;Thierry Guichard;Homme;58;Korhogo;Education;461438;4334942;18;8,35;Non;2025-09-08;0,85;0;621;Actif
CLI00433;Pierre Lucas;Homme;35;BouakÇ;Education;873166;3283488;12;7,17;Non;2021-07-12;0,32;14;463;DÇfaut
CLI00434;FrÇdÇric Roy;Homme;32;Korhogo;Education;1077970;377462;36;15,07;Oui;2021-07-29;0,23;13;572;DÇfaut
CLI00435;Diane Ramos-Couturier;Homme;64;BouakÇ;Transport;984914;4429224;24;12,41;Non;2024-05-03;0,15;14;534;DÇfaut
CLI00436;Pauline Giraud;Femme;43;Yamoussoukro;Education;284927;3619263;12;10,09;Oui;2025-09-25;0,94;0;695;Actif
CLI00437;Colette Valette;Femme;37;Daloa;Agriculture;476405;95881;6;16,56;Non;2024-03-21;0,23;6;691;DÇfaut
CLI00438;Franck Salmon;Femme;47;Korhogo;Immobilier;839734;944084;12;13,52;Non;2024-10-04;0,74;3;659;En retard
CLI00439;ThÇophile du Guillot;Femme;64;Korhogo;Education;913521;1758706;24;16,04;Non;2022-02-24;0,71;2;665;En retard
CLI00440;Charles Samson;Femme;37;Daloa;Agriculture;723098;4895689;18;20,48;Oui;2024-07-19;0,54;2;681;En retard
CLI00441;Franáoise Foucher;Femme;65;BouakÇ;Transport;419308;891198;12;15,17;Oui;2024-02-18;0,96;0;748;Actif
CLI00442;Marguerite Pruvost;Homme;26;Abidjan;Education;384775;4006643;36;13,71;Non;2022-03-28;0,17;9;517;DÇfaut
CLI00443;Pierre-ThÇodore Allain;Homme;45;Daloa;Transport;920213;4420511;18;19,23;Oui;2022-06-14;0,76;0;665;Actif
CLI00444;Patrick Leroy du Munoz;Femme;21;Korhogo;Agriculture;503010;4396584;18;8,89;Oui;2024-04-06;0,96;0;702;Actif
CLI00445;HonorÇ Raymond;Homme;44;Daloa;Transport;581757;52409;12;6,74;Non;2025-10-12;0,4;12;465;DÇfaut
CLI00446;Tristan Blondel du Pascal;Femme;58;Daloa;Education;500081;4393140;6;19,74;Non;2021-10-18;0,18;7;592;DÇfaut
CLI00447;Monique Poirier-Costa;Femme;43;Yamoussoukro;Agriculture;659878;1948304;36;24,26;Oui;2024-10-24;0,6;4;681;En retard
CLI00448;Josette Klein de la Blanc;Femme;53;Korhogo;Education;303273;4736134;6;15,06;Non;2021-09-07;0,47;1;625;En retard
CLI00449;Brigitte Morel;Femme;65;Daloa;Transport;1008553;3213178;36;14,67;Non;2025-10-21;0,37;11;528;DÇfaut
CLI00450;Juliette Le RÇmy;Homme;51;Daloa;SantÇ;323832;2212748;6;12,65;Oui;2021-12-31;0,97;0;667;Actif
CLI00451;Juliette Riviäre;Homme;41;BouakÇ;Immobilier;944919;3011986;36;15,71;Non;2022-09-07;0,87;0;761;Actif
CLI00452;Marie du Carlier;Homme;46;Korhogo;Immobilier;797211;687775;36;23,63;Oui;2025-05-24;0,62;3;751;En retard
CLI00453;TimothÇe Barthelemy;Homme;64;BouakÇ;Agriculture;478810;4235909;12;9,7;Oui;2022-12-01;0,37;10;466;DÇfaut
CLI00454;Adrien Lebreton;Homme;60;Korhogo;Commerce;826643;1358585;6;7,4;Oui;2023-11-19;0,19;13;529;DÇfaut
CLI00455;Dominique Blot de Boyer;Femme;44;San Pedro;Agriculture;741477;4180050;36;22,38;Non;2024-07-25;0,64;5;611;En retard
CLI00456;HonorÇ-Augustin Brun;Homme;24;Daloa;Agriculture;1182547;3599856;24;23,79;Non;2023-12-19;0,14;11;530;DÇfaut
CLI00457;Benoåt Chauvin;Femme;28;Korhogo;Commerce;1166754;3909351;18;18,78;Non;2026-02-25;0,11;9;593;DÇfaut
CLI00458;Madeleine Maury;Femme;44;Yamoussoukro;Agriculture;624631;1619948;36;10,26;Non;2025-11-16;0,4;15;404;DÇfaut
CLI00459;êtienne Petitjean;Femme;48;Korhogo;Agriculture;521518;3565606;18;12,3;Oui;2021-10-28;0,54;4;614;En retard
CLI00460;Paul Jacquet-Rodriguez;Homme;27;San Pedro;Commerce;646124;2028077;36;13,64;Oui;2021-05-16;0,52;2;656;En retard
CLI00461;Laurence Imbert;Homme;47;Yamoussoukro;Education;1127732;1178030;36;15,68;Non;2023-09-04;0,45;4;799;En retard
CLI00462;Franáois-Isaac Petitjean;Homme;46;Daloa;Immobilier;287565;1420211;6;9,31;Non;2025-08-16;0,38;7;575;DÇfaut
CLI00463;Arnaude de Poirier;Femme;44;Abidjan;Immobilier;835617;4750556;36;23,64;Non;2022-05-25;0,38;6;588;DÇfaut
CLI00464;Geneviäve de la Maillet;Homme;57;San Pedro;Education;446034;2437471;18;11,5;Oui;2024-09-09;0,66;4;648;En retard
CLI00465;ValÇrie Ramos-Lemoine;Femme;50;Abidjan;Commerce;383768;1455725;18;13,44;Non;2022-03-17;0,77;0;719;Actif
CLI00466;Alice de la Weiss;Homme;42;Yamoussoukro;Transport;558607;2679678;18;18,06;Non;2025-06-29;0,88;0;720;Actif
CLI00467;Simone Diallo;Femme;58;Daloa;Agriculture;1172481;3827295;24;8,35;Oui;2025-05-24;1,04;0;803;SoldÇ
CLI00468;Roland Chevallier;Femme;65;Abidjan;Transport;247907;1816401;12;12,94;Oui;2022-02-09;0,21;13;476;DÇfaut
CLI00469;Antoine Blondel;Homme;27;BouakÇ;Agriculture;630402;1352535;6;18,1;Non;2025-07-25;1,07;0;728;SoldÇ
CLI00470;RÇmy de Carpentier;Femme;49;San Pedro;Transport;345104;1151232;36;21,77;Non;2023-10-04;0,13;11;479;DÇfaut
CLI00471;Suzanne Roussel-Meyer;Femme;56;Korhogo;SantÇ;1012907;1183425;36;8,54;Non;2023-02-05;0,76;0;778;Actif
CLI00472;Simone Le Brunel;Femme;43;Yamoussoukro;Agriculture;1090096;4577064;12;21,09;Non;2024-08-19;0,59;3;611;En retard
CLI00473;Claude Louis de la Roger;Femme;21;San Pedro;Immobilier;80193;4439894;12;11,88;Non;2023-02-09;0,62;1;583;En retard
CLI00474;Marie GrÇgoire de la Chauvet;Homme;48;San Pedro;Agriculture;694303;1989575;6;15,96;Non;2021-12-12;0,31;14;524;DÇfaut
CLI00475;Agnäs Bertin-Maurice;Homme;62;Yamoussoukro;SantÇ;897308;3223897;12;10,26;Non;2025-07-07;0,56;2;783;En retard
CLI00476;Victoire Gimenez;Femme;47;Yamoussoukro;SantÇ;474265;624317;12;7,73;Non;2022-03-06;0,22;13;471;DÇfaut
CLI00477;Adrien Le Goff-Perrot;Femme;33;Yamoussoukro;Immobilier;752438;212700;12;5,99;Oui;2021-09-06;0,69;2;756;En retard
CLI00478;Denis Riviäre;Homme;49;Yamoussoukro;Transport;97205;2002956;6;8,01;Non;2025-05-11;0,64;3;642;En retard
CLI00479;Philippe Boulanger;Femme;50;Yamoussoukro;Transport;146557;2820326;6;21,87;Oui;2025-03-05;1,15;0;809;SoldÇ
CLI00480;ClÇmence Traore;Homme;55;Abidjan;SantÇ;1065969;1573402;12;22,91;Oui;2022-02-14;0,38;12;595;DÇfaut
CLI00481;Sabine Petit;Homme;45;Korhogo;SantÇ;1008956;2123346;6;8,98;Oui;2023-08-14;0,91;0;774;Actif
CLI00482;Christine Maillet;Homme;51;Yamoussoukro;Transport;896049;2668163;18;8,17;Oui;2023-01-06;0,9;0;724;Actif
CLI00483;Noâl Girard;Femme;33;Abidjan;Agriculture;835869;486941;12;24,47;Non;2026-02-07;0,36;12;474;DÇfaut
CLI00484;Christelle du Klein;Femme;58;Yamoussoukro;Commerce;330923;3370280;12;5,18;Oui;2022-12-15;0,15;13;447;DÇfaut
CLI00485;Vincent Meyer;Homme;31;Abidjan;Immobilier;1128406;816731;36;11,77;Oui;2023-04-13;1,17;0;774;SoldÇ
CLI00486;FrÇdÇric Blondel;Homme;65;San Pedro;SantÇ;305216;1105517;24;9,65;Non;2022-08-24;1,18;0;662;SoldÇ
CLI00487;Lorraine-Camille PrÇvost;Homme;22;Korhogo;SantÇ;872238;3054526;12;10,01;Non;2021-07-31;0,14;13;470;DÇfaut
CLI00488;Jean Barbe;Femme;33;Abidjan;Education;471384;4610219;18;11,47;Oui;2024-07-29;0,62;5;557;En retard
CLI00489;Josette Loiseau;Homme;49;Daloa;Agriculture;700070;2259133;36;12,34;Non;2022-07-05;0,1;14;534;DÇfaut
CLI00490;Franáoise Blanc-Martel;Homme;60;BouakÇ;Education;843521;2053086;18;19,42;Non;2021-11-23;0,82;0;799;Actif
CLI00491;TimothÇe Lebrun-Blanchet;Femme;56;Abidjan;Agriculture;403237;2425058;18;13,2;Oui;2022-08-03;0,45;1;695;En retard
CLI00492;Daniel Collin;Homme;23;Korhogo;Education;503790;948043;24;8,83;Non;2024-06-09;0,13;12;560;DÇfaut
CLI00493;êmile Gonzalez du Dos Santos;Femme;24;Abidjan;Transport;848300;1901556;36;19,36;Non;2024-11-23;0,11;9;588;DÇfaut
CLI00494;Astrid Meunier-Masson;Homme;44;Yamoussoukro;Commerce;952317;3145972;6;21,47;Oui;2023-02-20;0,39;6;609;DÇfaut
CLI00495;Paul Delmas;Homme;54;Korhogo;SantÇ;283673;899137;12;15,63;Oui;2024-05-28;0,31;14;500;DÇfaut
CLI00496;Yves Boulanger de Ledoux;Homme;56;BouakÇ;Agriculture;950705;935117;36;12,16;Oui;2023-08-09;0,6;4;727;En retard
CLI00497;Franáoise-Sabine Sanchez;Femme;53;Korhogo;Immobilier;787815;1376880;36;24,97;Non;2023-06-18;0,59;3;663;En retard
CLI00498;Alice Sauvage-Rousseau;Femme;47;Yamoussoukro;Transport;983008;2763302;36;9,81;Non;2024-04-21;0,7;4;683;En retard
CLI00499;Anouk Gaudin;Femme;46;Yamoussoukro;Agriculture;80410;340773;18;16,92;Oui;2025-03-17;0,67;3;609;En retard
CLI00500;Hortense Pruvost;Homme;41;Abidjan;Commerce;125511;2364896;36;15,23;Oui;2024-12-19;0,73;5;533;En retard
CLI00501;Monique Imbert;Femme;43;Yamoussoukro;Commerce;407380;1211052;18;12,34;Non;2021-08-04;0,74;2;725;En retard
CLI00502;Mathilde Perrier Le Gomes;Femme;57;Korhogo;SantÇ;535999;697613;18;20,86;Oui;2023-09-04;0,29;15;523;DÇfaut
CLI00503;Noâl de Fouquet;Femme;23;Abidjan;Agriculture;880160;708316;6;23,44;Non;2022-05-28;0,47;4;644;En retard
CLI00504;Jean Pinto;Homme;61;Yamoussoukro;Education;882133;504058;18;15,49;Oui;2025-07-12;0,45;5;705;En retard
CLI00505;Noâl Bernard-RÇmy;Homme;30;San Pedro;Immobilier;185947;3345738;24;20,06;Oui;2024-07-20;0,73;1;639;En retard
CLI00506;Michelle Lemoine;Femme;30;Yamoussoukro;Commerce;357220;2869983;6;14,52;Non;2023-04-11;0,92;0;687;Actif
CLI00507;Patrick Baron;Femme;53;Korhogo;Education;991193;1143666;12;14,62;Oui;2024-12-19;0,32;12;523;DÇfaut
CLI00508;Nicolas-Adrien Merle;Homme;36;Abidjan;SantÇ;230248;2283526;24;11,47;Oui;2024-06-28;1,12;0;665;SoldÇ
CLI00509;Michäle Lemoine;Femme;48;Yamoussoukro;Agriculture;846021;2971818;12;11,41;Oui;2023-08-02;0,75;0;756;Actif
CLI00510;Luc Perrier;Femme;60;Daloa;Immobilier;1007381;1273214;24;5,9;Oui;2023-10-05;1;0;754;SoldÇ
CLI00511;Caroline Delaunay;Homme;26;Abidjan;Immobilier;315660;507498;12;23,98;Non;2024-07-10;1,12;0;737;SoldÇ
CLI00512;Benoåt Bouvet;Homme;40;BouakÇ;Education;1023847;4002630;6;11,64;Oui;2023-04-07;0,91;0;760;Actif
CLI00513;êlÇonore Fouquet-Marchal;Femme;56;Yamoussoukro;Agriculture;1092979;1235708;6;12,53;Oui;2021-12-05;1,1;0;787;SoldÇ
CLI00514;Roland Delattre;Homme;39;San Pedro;SantÇ;500890;2325673;6;14,3;Oui;2025-04-23;1,14;0;690;SoldÇ
CLI00515;Julien-StÇphane Martinez;Femme;63;BouakÇ;Transport;835434;955058;6;10,85;Non;2022-10-01;1,07;0;750;SoldÇ
CLI00516;Antoine Royer;Homme;41;Abidjan;Agriculture;1096410;4509053;6;8,73;Oui;2024-02-25;0,65;4;714;En retard
CLI00517;Martine Bouvier;Femme;42;Daloa;Immobilier;1107463;3350076;12;5,37;Non;2024-06-02;0,85;0;797;Actif
CLI00518;Nicole Bouchet;Homme;53;Korhogo;Immobilier;658558;570175;18;22,57;Oui;2024-09-01;1,08;0;721;SoldÇ
CLI00519;Isaac Riviäre Le Lesage;Homme;30;San Pedro;Agriculture;796777;3345436;12;6,76;Oui;2022-06-15;0,52;5;650;En retard
CLI00520;Robert Valentin de la Garnier;Homme;48;BouakÇ;Immobilier;735114;2812240;24;15,84;Oui;2025-06-30;0,33;8;615;DÇfaut
CLI00521;Michelle Devaux du Hamon;Homme;48;Yamoussoukro;Agriculture;384406;4788257;12;11,35;Oui;2026-01-21;0,71;1;603;En retard
CLI00522;SÇbastien Leleu;Homme;41;BouakÇ;Agriculture;948305;3499829;18;13,86;Non;2024-09-02;1,13;0;781;SoldÇ
CLI00523;Richard Dos Santos;Homme;29;Korhogo;Agriculture;467441;269766;36;17,34;Oui;2022-08-29;0,77;0;717;Actif
CLI00524;FrÇdÇric Vasseur;Homme;64;Daloa;SantÇ;134703;3063702;6;18,76;Non;2025-02-20;0,62;5;605;En retard
CLI00525;Anne Raynaud;Femme;32;Abidjan;Immobilier;892563;4172544;24;7,75;Non;2025-04-25;0,31;6;597;DÇfaut
CLI00526;Gilbert de la Guillot;Femme;35;Korhogo;Transport;505372;1765991;6;8,54;Non;2023-08-15;1,15;0;660;SoldÇ
CLI00527;Anne Chevallier Le Morel;Femme;50;Daloa;Immobilier;597543;3636597;24;20,52;Non;2022-06-27;0,77;0;658;Actif
CLI00528;Antoine de LÇvy;Femme;60;Korhogo;Education;1181488;373061;36;7,19;Oui;2023-03-20;0,6;1;796;En retard
CLI00529;VÇronique Fournier du Marty;Femme;23;San Pedro;Agriculture;892432;4379584;6;8,8;Non;2023-05-31;0,58;3;695;En retard
CLI00530;ThÇodore Rolland-Garnier;Femme;39;Daloa;Education;194392;4386655;12;14,27;Oui;2023-06-24;0,81;0;639;Actif
CLI00531;AurÇlie Le Goff Le Pascal;Homme;32;San Pedro;Commerce;363758;3347282;24;11,47;Oui;2024-01-28;0,13;13;468;DÇfaut
CLI00532;Adrienne-Michäle LÇvy;Femme;41;Korhogo;SantÇ;423920;1086364;6;7,28;Oui;2021-12-28;0,59;3;605;En retard
CLI00533;Roland Lesage-Colin;Femme;53;Korhogo;SantÇ;415333;3226586;36;12,61;Non;2023-02-10;0,95;0;706;Actif
CLI00534;Susanne-Lucy Lemaire;Homme;31;Daloa;Agriculture;383263;1550443;6;13,39;Non;2023-10-24;0,44;13;414;DÇfaut
CLI00535;êlisabeth Rocher;Homme;29;Korhogo;Commerce;505410;79636;36;20,31;Non;2024-09-24;0,11;13;463;DÇfaut
CLI00536;Michäle de Duval;Femme;36;BouakÇ;Education;534817;4989735;24;14,07;Oui;2025-07-28;0,59;5;605;En retard
CLI00537;Louise Mercier;Femme;60;BouakÇ;Commerce;515447;460360;12;7,97;Oui;2023-03-10;0,82;0;712;Actif
CLI00538;êlise Ruiz;Femme;42;San Pedro;SantÇ;263925;461304;6;13,34;Oui;2023-04-27;0,3;10;506;DÇfaut
CLI00539;Marine Schmitt;Femme;23;Korhogo;Commerce;275299;2560664;18;12,37;Non;2025-05-20;0,52;1;722;En retard
CLI00540;Nathalie Le Andre;Femme;51;Korhogo;Commerce;362162;1073605;18;11,58;Oui;2022-12-27;0,56;2;662;En retard
CLI00541;Inäs de la Fontaine;Homme;57;San Pedro;Education;1189281;785427;24;19,48;Non;2022-11-26;0,77;0;844;Actif
CLI00542;êdouard Le Hardy;Femme;37;Korhogo;SantÇ;1181825;4874646;36;12,08;Non;2023-06-10;0,24;15;424;DÇfaut
CLI00543;Augustin-Christophe Morin;Femme;52;Daloa;Commerce;457292;2002210;18;24,59;Non;2021-11-12;0,1;6;626;DÇfaut
CLI00544;Paulette Fernandez;Homme;60;Daloa;Agriculture;949546;3523228;6;11,68;Oui;2023-03-29;0,72;2;777;En retard
CLI00545;Noâl LÇger;Femme;37;Daloa;Immobilier;222262;2631783;18;15,13;Oui;2025-06-10;0,46;1;577;En retard
CLI00546;Margaret Lecomte;Femme;46;Abidjan;SantÇ;141063;1523283;12;11,61;Non;2025-03-10;0,47;4;586;En retard
CLI00547;Michelle Loiseau;Homme;51;Korhogo;Immobilier;405868;3913943;36;22,92;Oui;2022-08-07;0,61;4;644;En retard
CLI00548;Hugues Boutin du Chartier;Femme;56;Abidjan;Agriculture;119255;1797032;36;18,71;Non;2024-08-15;0,98;0;685;Actif
CLI00549;Alphonse Le Lemoine;Femme;22;Korhogo;Commerce;791254;3197747;36;21,85;Oui;2022-11-26;0,73;4;681;En retard
CLI00550;GÇrard Ledoux;Femme;41;San Pedro;Immobilier;146329;2327485;24;6,74;Non;2022-06-27;1,06;0;667;SoldÇ
CLI00551;Margaret Diaz;Homme;54;San Pedro;Education;714007;1518113;6;12,48;Oui;2021-06-21;0,14;9;579;DÇfaut
CLI00552;Martin Dias;Homme;51;Yamoussoukro;Agriculture;1128689;1342498;12;11,8;Non;2025-10-13;0,63;5;693;En retard
CLI00553;Luc Schmitt;Homme;54;Abidjan;Immobilier;358328;1771234;6;14,19;Oui;2024-04-17;0,89;0;764;Actif
CLI00554;Louise Moreno;Homme;64;Korhogo;Immobilier;262611;2845837;24;22,78;Oui;2026-01-25;0,21;10;507;DÇfaut
CLI00555;ThÇodore Perez du Legros;Homme;41;Yamoussoukro;Agriculture;500595;1665189;18;10,53;Oui;2023-10-02;0,45;4;666;En retard
CLI00556;OcÇane Laroche;Homme;38;Korhogo;Immobilier;320040;177982;36;16,19;Non;2022-07-18;0,21;14;433;DÇfaut
CLI00557;Thibaut LÇvàque;Femme;30;Abidjan;Agriculture;674055;4865756;12;8,43;Non;2023-05-25;0,44;11;479;DÇfaut
CLI00558;Alfred Da Costa;Homme;51;Korhogo;Immobilier;185813;938579;24;6,08;Non;2022-12-27;0,57;2;651;En retard
CLI00559;Maurice Picard;Femme;42;Korhogo;Agriculture;495544;4525195;6;24,47;Non;2024-10-09;0,93;0;720;Actif
CLI00560;ThÇodore Perez-Colin;Homme;65;San Pedro;Agriculture;1062045;865901;24;11,21;Non;2022-10-28;0,81;0;780;Actif
CLI00561;Auguste-Thierry êtienne;Homme;30;Yamoussoukro;Transport;621175;3098834;24;8,67;Non;2026-05-12;1,11;0;742;SoldÇ
CLI00562;Diane Fernandes;Femme;22;Yamoussoukro;Education;217080;4037393;6;12,03;Non;2022-05-12;0,61;2;724;En retard
CLI00563;Anne-Gabrielle LÇvàque;Homme;53;Korhogo;Transport;295864;3453140;6;11,52;Non;2022-03-17;0,81;0;729;Actif
CLI00564;Josette Daniel;Femme;58;Abidjan;Immobilier;947050;2051314;36;9,87;Non;2023-03-18;0,27;13;501;DÇfaut
CLI00565;JosÇphine Dias;Homme;65;Daloa;SantÇ;984183;3702011;36;20,75;Oui;2025-06-14;0,7;2;769;En retard
CLI00566;Antoine Fontaine-Marques;Homme;57;BouakÇ;Immobilier;1100537;1009009;36;16,92;Non;2023-08-31;0,46;1;763;En retard
CLI00567;Suzanne Julien-Petit;Femme;25;BouakÇ;Agriculture;308054;3228535;18;14,89;Oui;2023-11-12;0,83;0;616;Actif
CLI00568;Denis Lacroix;Homme;30;BouakÇ;Agriculture;392929;3849824;36;10,83;Non;2024-02-16;0,78;0;660;Actif
CLI00569;Hortense Durand;Femme;40;BouakÇ;Immobilier;718687;3696754;18;24,81;Non;2022-05-14;0,74;5;560;En retard
CLI00570;Josette-Luce Fontaine;Homme;44;BouakÇ;Transport;191416;57074;36;21,42;Oui;2021-09-29;0,5;3;644;En retard
CLI00571;Laetitia Hoarau;Femme;61;BouakÇ;Agriculture;747161;3261072;24;12,63;Non;2021-06-11;0,7;2;702;En retard
CLI00572;Auguste Roux-Legendre;Femme;44;Abidjan;Commerce;955006;1344087;18;24,95;Oui;2026-05-11;0,84;0;849;Actif
CLI00573;Nicole Peltier;Homme;30;San Pedro;SantÇ;1100686;3713599;12;6,69;Non;2025-03-07;0,81;0;786;Actif
CLI00574;Luc Rousset-Colas;Femme;60;Yamoussoukro;Agriculture;457062;3861736;36;13,48;Non;2022-11-01;1;0;698;SoldÇ
CLI00575;Franáois du Huet;Homme;48;San Pedro;Education;95581;4898099;24;21,94;Non;2023-10-07;0,36;14;413;DÇfaut
CLI00576;Madeleine-Martine Charpentier;Femme;23;BouakÇ;SantÇ;159408;4815984;24;19,1;Oui;2024-12-16;0,22;13;319;DÇfaut
CLI00577;David Marchand-Sanchez;Femme;50;Daloa;SantÇ;1164121;706279;36;22,8;Oui;2024-01-24;0,2;13;558;DÇfaut
CLI00578;êlisabeth Turpin;Femme;60;Korhogo;SantÇ;190675;2931874;36;20,57;Non;2024-05-04;0,62;5;620;En retard
CLI00579;Catherine-Sophie Paris;Femme;47;Daloa;Education;820115;2521434;18;8,35;Non;2021-08-17;0,86;0;697;Actif
CLI00580;RenÇe Mathieu;Femme;24;Daloa;Education;1072289;4899798;12;16,46;Non;2023-08-07;0,82;0;803;Actif
CLI00581;Jeanne David;Homme;39;Yamoussoukro;Agriculture;1096615;742145;12;15,11;Non;2023-11-21;1,04;0;815;SoldÇ
CLI00582;GrÇgoire Caron;Femme;38;Daloa;Transport;618875;169143;6;17,08;Oui;2025-08-19;1,1;0;743;SoldÇ
CLI00583;Marcelle Guilbert Le Bonneau;Femme;32;Abidjan;Agriculture;627886;2031354;24;8,62;Non;2024-09-01;0,68;1;747;En retard
CLI00584;Nicolas Thibault;Homme;52;BouakÇ;Education;946014;3264237;12;18,21;Oui;2021-06-14;0,9;0;850;Actif
CLI00585;êmile Roussel;Femme;24;Daloa;Education;634477;1023031;6;8,35;Non;2022-09-23;0,54;3;700;En retard
CLI00586;Marianne Jean;Homme;45;Yamoussoukro;Transport;898037;4031145;18;7,9;Oui;2023-11-05;1,06;0;759;SoldÇ
CLI00587;NoÇmi Gauthier-Lacroix;Femme;64;Korhogo;SantÇ;742047;4498088;6;6,95;Non;2025-05-03;0,68;3;650;En retard
CLI00588;AimÇ Martineau-Thierry;Femme;42;Daloa;SantÇ;646914;2290494;6;10,11;Oui;2024-11-27;0,74;4;627;En retard
CLI00589;Aurore-Sabine Carre;Homme;54;Abidjan;Transport;787592;1559250;18;15,95;Oui;2025-09-22;0,84;0;796;Actif
CLI00590;Alexandria Hebert;Homme;54;Abidjan;Education;297909;3790834;18;9,39;Oui;2025-02-11;0,41;9;477;DÇfaut
CLI00591;Laure Ruiz;Homme;24;Daloa;SantÇ;534714;1071649;6;6,73;Non;2024-08-29;0,77;0;745;Actif
CLI00592;Denis-Christophe Traore;Homme;28;Yamoussoukro;Transport;466427;2175134;18;14,34;Non;2023-01-25;1,13;0;705;SoldÇ
CLI00593;Dominique Roux;Femme;37;Yamoussoukro;Immobilier;419667;670732;18;20,54;Oui;2026-04-19;0,52;3;694;En retard
CLI00594;William Leliävre;Homme;49;BouakÇ;Education;225539;4174861;12;17,21;Oui;2024-01-07;0,3;13;434;DÇfaut
CLI00595;ThÇräse Ruiz-Lombard;Femme;34;San Pedro;Commerce;302821;3754255;18;7,07;Non;2022-01-12;0,18;15;434;DÇfaut
CLI00596;Jeanne Delmas du Leroux;Femme;30;Korhogo;Commerce;81819;367388;24;10,33;Non;2026-04-24;0,87;0;684;Actif
CLI00597;Denise Renaud;Femme;51;Korhogo;Education;994479;3438265;6;15,8;Oui;2021-08-12;0,1;13;494;DÇfaut
CLI00598;Caroline Poirier-Breton;Femme;42;Yamoussoukro;Education;715076;3410600;6;17,65;Oui;2021-08-20;1,15;0;698;SoldÇ
CLI00599;ZoÇ Menard de Besnard;Femme;26;Yamoussoukro;SantÇ;1043933;2482349;12;8,53;Oui;2024-01-17;0,14;12;521;DÇfaut
CLI00600;Joseph Jean;Femme;27;Abidjan;Agriculture;833425;4131087;6;22,7;Oui;2025-09-19;0,58;2;717;En retard
CLI00601;JosÇphine Dupont;Homme;58;Korhogo;Transport;580139;4153980;24;6,26;Non;2023-11-28;0,69;3;686;En retard
CLI00602;Charles Launay;Homme;23;Daloa;SantÇ;791532;520218;18;20,76;Oui;2023-11-26;0,15;7;597;DÇfaut
CLI00603;Nath Carpentier;Femme;64;Daloa;Commerce;392378;4909904;12;23,5;Non;2023-06-26;0,14;8;564;DÇfaut
CLI00604;êtienne Guillot;Femme;60;Abidjan;Transport;176053;2085768;12;5,29;Non;2025-12-21;0,8;0;750;Actif
CLI00605;ThÇodore Munoz;Homme;58;Abidjan;Agriculture;214128;941970;6;14,94;Oui;2022-06-26;0,98;0;728;Actif
CLI00606;William du Pruvost;Femme;42;BouakÇ;Commerce;923073;2769879;6;24,52;Non;2022-04-08;0,73;2;799;En retard
CLI00607;Marine-Susanne Durand;Homme;42;San Pedro;Agriculture;212585;1062886;18;7,82;Oui;2024-04-05;0,56;3;619;En retard
CLI00608;Eugäne Jacquot;Homme;29;BouakÇ;Commerce;289647;3205215;12;5,31;Oui;2024-06-07;0,64;1;627;En retard
CLI00609;Audrey Renard;Femme;47;BouakÇ;Agriculture;1078270;1114450;12;7,86;Non;2022-01-09;0,4;13;465;DÇfaut
CLI00610;Capucine Weber;Homme;59;Yamoussoukro;Transport;457488;4243361;36;24,01;Non;2023-01-25;0,79;0;763;Actif
CLI00611;Luc Berger;Homme;56;Korhogo;Education;574170;1659797;6;24,73;Non;2025-01-08;1,17;0;766;SoldÇ
CLI00612;Charlotte Cordier-Marion;Homme;50;San Pedro;Agriculture;516435;2368834;6;8,87;Non;2025-08-07;0,98;0;725;Actif
CLI00613;Pauline Lebrun;Homme;63;Abidjan;Commerce;170419;503216;18;10,7;Non;2025-01-15;0,58;3;663;En retard
CLI00614;êtienne Alves;Homme;55;Korhogo;Education;448863;1375782;6;14,7;Non;2021-10-20;0,23;9;506;DÇfaut
CLI00615;FrÇdÇrique Coulon;Femme;47;Daloa;Transport;496811;2782043;12;20,58;Oui;2026-01-02;0,46;1;799;En retard
CLI00616;Adrien de Auger;Homme;45;BouakÇ;Education;542763;666811;24;16,7;Oui;2023-07-31;0,16;12;512;DÇfaut
CLI00617;Christiane-HÇläne Foucher;Femme;32;BouakÇ;Immobilier;892290;3183019;12;14,15;Non;2024-02-05;0,31;11;541;DÇfaut
CLI00618;Gilles Evrard;Homme;23;Yamoussoukro;Agriculture;205098;2403878;12;7,22;Oui;2024-07-14;0,61;4;645;En retard
CLI00619;Yves MarÇchal-Verdier;Femme;59;San Pedro;Education;408808;1475522;36;24,4;Oui;2025-01-26;1,04;0;745;SoldÇ
CLI00620;AndrÇ de la Noâl;Femme;34;Yamoussoukro;Transport;1072978;3931936;18;5,29;Oui;2026-02-17;0,57;2;736;En retard
CLI00621;Gilbert Torres;Homme;58;San Pedro;Education;392412;4862550;6;13,36;Oui;2023-12-31;0,15;13;398;DÇfaut
CLI00622;SÇbastien-SÇbastien Rodriguez;Femme;51;BouakÇ;Agriculture;285519;3845353;24;9,81;Non;2022-05-19;0,71;1;688;En retard
CLI00623;Marcel Rolland;Femme;39;San Pedro;Transport;581350;811094;6;14,6;Oui;2022-01-09;0,44;13;565;DÇfaut
CLI00624;Inäs De Oliveira;Homme;46;Daloa;Immobilier;467859;3157312;24;19,08;Non;2024-10-14;0,1;7;629;DÇfaut
CLI00625;Hugues Courtois du Barbier;Homme;39;Korhogo;Immobilier;973181;2313157;36;15,85;Oui;2025-12-25;0,97;0;837;Actif
CLI00626;Sabine De Oliveira;Homme;53;Yamoussoukro;Agriculture;843343;482538;6;12,66;Non;2021-08-09;0,61;1;739;En retard
CLI00627;JosÇphine Briand;Homme;56;Daloa;Agriculture;509313;1211032;18;9,77;Oui;2023-01-05;0,22;13;439;DÇfaut
CLI00628;Susanne-Camille Perrin;Femme;43;San Pedro;Education;640690;4274217;24;10,54;Non;2022-07-03;0,17;11;496;DÇfaut
CLI00629;Lucas Lopes de la Lopes;Homme;51;San Pedro;Commerce;1195484;4519915;18;14,04;Oui;2022-08-09;0,5;1;756;En retard
CLI00630;ZoÇ LÇger Le Ollivier;Homme;46;BouakÇ;Agriculture;454995;2469045;6;7,19;Non;2023-11-18;0,4;8;604;DÇfaut
CLI00631;Marcelle de Gosselin;Homme;39;BouakÇ;Commerce;953540;4591885;12;14,48;Non;2023-04-13;0,56;1;661;En retard
CLI00632;Marcel Auger;Homme;35;San Pedro;Education;1169723;2867543;24;16,57;Non;2022-04-11;0,82;0;849;Actif
CLI00633;Astrid Arnaud;Femme;50;San Pedro;Immobilier;717706;4808451;12;22,97;Oui;2022-05-19;0,44;10;517;DÇfaut
CLI00634;PÇnÇlope Rodriguez de Humbert;Femme;24;BouakÇ;Agriculture;391088;3012192;18;14,12;Non;2022-02-24;0,28;8;531;DÇfaut
CLI00635;Luce Leroy;Homme;31;Yamoussoukro;Agriculture;578923;1030773;6;24,88;Non;2025-10-29;0,73;4;627;En retard
CLI00636;Eugäne-Patrick Fernandez;Homme;56;Abidjan;Commerce;152748;2708716;18;7,96;Non;2022-05-27;0,59;2;581;En retard
CLI00637;Margaud Ramos;Femme;52;Daloa;SantÇ;384892;3892324;18;8,12;Non;2021-12-21;1,17;0;732;SoldÇ
CLI00638;Camille-Lucie Duval;Femme;51;Yamoussoukro;SantÇ;687811;4862775;12;20,99;Non;2025-12-27;0,9;0;723;Actif
CLI00639;Simone-AmÇlie Bousquet;Homme;51;San Pedro;Immobilier;164055;1219567;36;7,34;Oui;2021-11-02;0,13;15;352;DÇfaut
CLI00640;Margot de la Le Goff;Homme;41;BouakÇ;Commerce;195413;1687034;36;15,53;Non;2025-08-14;0,96;0;650;Actif
CLI00641;Martin Henry;Homme;55;Daloa;Immobilier;1014193;782970;36;12,89;Oui;2022-10-05;0,64;5;680;En retard
CLI00642;Michäle Lopez;Femme;30;San Pedro;Education;976827;3150680;24;12,46;Non;2025-05-18;0,41;11;612;DÇfaut
CLI00643;Henriette Lucas;Homme;34;Daloa;Transport;1011597;3536387;24;10,77;Non;2021-10-20;0,99;0;755;Actif
CLI00644;Georges Gros;Homme;58;Abidjan;Education;260518;1254933;12;11,06;Non;2021-11-28;1,19;0;653;SoldÇ
CLI00645;Marie Lopez-Klein;Femme;26;BouakÇ;Agriculture;93880;3484804;18;13,29;Oui;2024-03-22;0,71;5;564;En retard
CLI00646;William Pascal;Femme;39;BouakÇ;Commerce;1108832;404275;18;21,69;Non;2025-11-29;0,43;14;515;DÇfaut
CLI00647;Colette Laine;Homme;30;San Pedro;Agriculture;630873;2568003;24;7,48;Non;2024-12-30;0,83;0;629;Actif
CLI00648;Michelle Bonnet;Femme;65;Korhogo;Transport;593278;288593;6;20,29;Non;2024-07-06;0,64;1;734;En retard
CLI00649;Lorraine Pierre;Femme;37;Korhogo;Commerce;1078329;1053140;18;15,25;Oui;2023-07-02;0,73;3;728;En retard
CLI00650;Marthe de la Pages;Homme;41;Abidjan;Immobilier;1046879;1186634;18;8,27;Non;2025-01-27;0,4;12;580;DÇfaut
CLI00651;Juliette de Jacques;Femme;54;Korhogo;Immobilier;241117;4360624;12;20,33;Oui;2022-01-11;0,3;7;614;DÇfaut
CLI00652;Charles Moreno Le Dubois;Femme;64;BouakÇ;Education;711394;2327162;18;6,92;Oui;2026-04-18;0,74;2;752;En retard
CLI00653;Jeannine Vallet-Dufour;Femme;44;Korhogo;Agriculture;1096906;3506060;18;23,42;Oui;2024-12-27;0,28;9;583;DÇfaut
CLI00654;Augustin-Jean Guillaume;Homme;56;San Pedro;Commerce;1182373;4513541;36;19,05;Non;2023-01-04;0,98;0;728;Actif
CLI00655;Isaac Mahe-Renard;Homme;29;BouakÇ;SantÇ;116447;4072490;18;11,23;Non;2025-02-06;0,5;4;693;En retard
CLI00656;Paul Caron;Femme;22;BouakÇ;Agriculture;328715;1915272;12;22,14;Non;2024-03-22;0,26;9;536;DÇfaut
CLI00657;CÇlina Daniel;Homme;26;BouakÇ;Commerce;970880;987193;6;5,38;Oui;2022-10-26;0,63;4;707;En retard
CLI00658;GÇrard Collin;Homme;63;Daloa;Commerce;1156843;547152;24;7,38;Non;2024-09-18;0,38;7;669;DÇfaut
CLI00659;LÇon Barre;Homme;28;Daloa;Immobilier;510757;4979171;12;8,7;Oui;2025-04-01;0,49;1;689;En retard
CLI00660;Jacques Gauthier;Femme;43;Korhogo;Agriculture;416713;4249625;36;9,84;Oui;2024-04-15;0,73;1;673;En retard
CLI00661;Christophe Rousset;Homme;39;Yamoussoukro;SantÇ;440235;4555743;6;24,47;Non;2023-07-13;0,21;9;495;DÇfaut
CLI00662;Alexandre Gallet-Simon;Homme;49;San Pedro;Commerce;305075;1567067;18;24,63;Oui;2022-01-14;0,57;5;592;En retard
CLI00663;Marie Boulanger;Femme;28;Korhogo;SantÇ;1057066;975399;36;7,72;Non;2021-05-25;0,94;0;794;Actif
CLI00664;Arthur Chevallier;Homme;26;BouakÇ;Education;768107;4191563;6;12,7;Non;2022-08-25;0,6;3;653;En retard
CLI00665;êmilie Blanchet de LÇger;Femme;39;BouakÇ;Commerce;977500;1633643;6;22,9;Non;2023-03-05;0,98;0;752;Actif
CLI00666;êmilie GuÇrin;Femme;64;BouakÇ;Transport;300561;3374990;24;15,45;Oui;2025-06-17;0,84;0;700;Actif
CLI00667;Noâl de la Courtois;Femme;65;Abidjan;Agriculture;293326;1465352;6;12,27;Non;2025-03-02;0,32;9;524;DÇfaut
CLI00668;Charlotte-Claudine Guillot;Femme;52;Yamoussoukro;Transport;664095;4931487;36;10,46;Non;2023-03-23;0,97;0;777;Actif
CLI00669;Martin Diallo du Garcia;Femme;52;San Pedro;Agriculture;1152513;2389504;12;20,36;Non;2022-06-06;0,22;10;485;DÇfaut
CLI00670;Marc Humbert;Homme;22;Korhogo;SantÇ;288883;493358;6;14,96;Non;2025-05-06;0,13;8;607;DÇfaut
CLI00671;Claire Becker-Roux;Femme;30;BouakÇ;Immobilier;714918;858105;6;18,22;Non;2025-01-29;0,67;4;732;En retard
CLI00672;Guillaume Chartier;Femme;52;Abidjan;Transport;1138631;2245007;36;11,87;Oui;2022-04-25;1,05;0;708;SoldÇ
CLI00673;Bernadette-Henriette Moulin;Homme;45;Daloa;Agriculture;1023960;2688713;24;13,85;Non;2023-06-18;0,14;8;601;DÇfaut
CLI00674;Benoåt LÇvy;Femme;48;San Pedro;Education;362042;2671101;24;14,75;Non;2024-07-15;0,22;13;434;DÇfaut
CLI00675;Jean Le Lefävre;Homme;53;Yamoussoukro;Immobilier;196889;3333173;18;14,89;Non;2021-08-29;1,17;0;630;SoldÇ
CLI00676;Olivier-Alphonse Texier;Homme;22;Daloa;Immobilier;174620;1125403;18;11,98;Oui;2023-02-25;0,92;0;675;Actif
CLI00677;Roger-GrÇgoire Buisson;Femme;27;BouakÇ;SantÇ;977891;2945269;18;13,24;Oui;2024-03-13;0,16;9;543;DÇfaut
CLI00678;TimothÇe Nguyen;Femme;58;Abidjan;Transport;258135;599455;18;7,29;Non;2022-12-09;0,29;14;509;DÇfaut
CLI00679;Claude-Geneviäve Alves;Femme;57;San Pedro;Education;1159529;3583052;18;5,41;Non;2024-08-23;0,62;1;797;En retard
CLI00680;Maurice de la Fontaine;Femme;41;BouakÇ;Education;284945;4146649;6;18,82;Non;2021-09-19;0,33;13;477;DÇfaut
CLI00681;Denis Le Hoareau;Femme;44;Korhogo;Agriculture;994339;1742474;24;17,71;Oui;2026-05-13;1,17;0;810;SoldÇ
CLI00682;HonorÇ Fabre-Michel;Femme;37;Korhogo;Immobilier;179680;2544103;36;13,04;Oui;2025-11-16;0,35;7;507;DÇfaut
CLI00683;JosÇphine Baron;Femme;25;Korhogo;Immobilier;1193721;4036840;24;9,19;Non;2021-05-16;0,98;0;758;Actif
CLI00684;Noâl Neveu-Philippe;Femme;63;Daloa;Education;737148;1728367;24;13,05;Non;2021-08-02;0,79;0;776;Actif
CLI00685;FrÇdÇric de Maurice;Homme;22;Yamoussoukro;SantÇ;1162600;1614802;36;14,98;Non;2026-04-05;0,83;0;751;Actif
CLI00686;Jules Pottier du Le Goff;Femme;57;San Pedro;Transport;205580;4431114;12;12,29;Non;2025-06-04;0,26;8;544;DÇfaut
CLI00687;RÇmy Lambert-Philippe;Femme;25;Daloa;Education;506892;3509783;18;21,47;Non;2023-04-26;0,81;0;705;Actif
CLI00688;CÇlina Lambert;Homme;46;San Pedro;Education;580135;1002598;12;8,84;Non;2024-09-04;0,37;10;532;DÇfaut
CLI00689;HonorÇ Martel;Femme;48;Daloa;Commerce;157602;1744419;12;10,45;Oui;2024-01-15;0,13;10;526;DÇfaut
CLI00690;Alexandria Pires;Femme;22;Yamoussoukro;SantÇ;196029;754052;18;17,03;Non;2024-09-08;1,05;0;729;SoldÇ
CLI00691;Michelle Martel;Homme;46;San Pedro;Commerce;374776;2030056;6;16,42;Non;2024-02-29;0,65;1;682;En retard
CLI00692;GÇrard Delattre;Homme;59;San Pedro;Agriculture;336433;2679076;18;21,65;Oui;2022-01-01;0,91;0;753;Actif
CLI00693;Alex Benoit Le Perrier;Homme;27;San Pedro;Education;447325;1846073;18;13,79;Oui;2025-02-12;0,38;15;383;DÇfaut
CLI00694;Zacharie Laporte;Femme;65;BouakÇ;Immobilier;316897;2704910;36;13,48;Non;2026-05-09;0,85;0;729;Actif
CLI00695;Constance Baron;Femme;44;Daloa;SantÇ;726282;226783;36;5,7;Oui;2024-01-22;0,91;0;794;Actif
CLI00696;Gabriel Jacques;Homme;37;San Pedro;Transport;886753;2644332;18;23,06;Oui;2024-02-07;0,85;0;749;Actif
CLI00697;Raymond-Louis Collin;Homme;46;BouakÇ;Agriculture;615892;2574032;6;23,73;Non;2022-02-14;0,93;0;748;Actif
CLI00698;AimÇ Tanguy de Imbert;Femme;61;Daloa;Transport;745183;3458197;6;10,48;Non;2021-12-18;0,19;13;429;DÇfaut
CLI00699;Catherine Lemaire;Femme;48;San Pedro;SantÇ;290544;1395057;18;15,13;Non;2025-07-09;0,49;5;652;En retard
CLI00700;AndrÇ Rodrigues;Homme;24;Korhogo;Commerce;465329;3769550;12;5,06;Non;2023-05-20;0,32;10;501;DÇfaut
CLI00701;Christelle Munoz;Homme;31;San Pedro;Transport;603456;4381591;12;21,94;Non;2023-07-24;0,85;0;695;Actif
CLI00702;Philippine Leconte-De Sousa;Homme;37;San Pedro;Education;443811;2797943;18;8,97;Non;2025-01-10;0,56;2;718;En retard
CLI00703;Paulette Mahe;Homme;22;BouakÇ;Immobilier;128171;4735289;36;17,53;Non;2024-02-08;1,1;0;637;SoldÇ
CLI00704;FrÇdÇrique Fleury de la Petitjean;Homme;24;Korhogo;Commerce;921031;3647902;36;10,2;Oui;2021-12-01;0,2;11;479;DÇfaut
CLI00705;StÇphane de Hardy;Homme;54;Yamoussoukro;Immobilier;992594;3855977;24;7,37;Oui;2023-04-08;0,88;0;698;Actif
CLI00706;êdith Blanchet-Coulon;Femme;45;Daloa;SantÇ;353047;3668078;12;17;Non;2026-02-23;1,19;0;722;SoldÇ
CLI00707;Danielle Besnard;Homme;47;Korhogo;Transport;458263;3476948;12;5,58;Oui;2024-03-23;1,17;0;659;SoldÇ
CLI00708;Dominique Salmon;Homme;44;Daloa;Agriculture;1040839;769228;6;14,38;Non;2021-12-23;1,06;0;850;SoldÇ
CLI00709;Bertrand Gosselin;Femme;48;Yamoussoukro;Education;617344;662834;6;16,14;Non;2024-08-19;0,16;9;491;DÇfaut
CLI00710;Lucas Colas-Aubert;Homme;21;BouakÇ;Education;611957;4282405;36;12,62;Non;2023-08-15;1,18;0;786;SoldÇ
CLI00711;Nicolas Picard;Homme;58;BouakÇ;Commerce;456170;2233484;12;15,07;Non;2022-12-29;1,12;0;731;SoldÇ
CLI00712;Patrick Royer;Femme;54;Yamoussoukro;SantÇ;987919;1239468;18;7,34;Non;2023-03-25;0,15;8;622;DÇfaut
CLI00713;Astrid du Gonzalez;Femme;48;San Pedro;Agriculture;673337;2258019;36;21,59;Non;2024-01-10;1,12;0;722;SoldÇ
CLI00714;Marc Leclercq-Michaud;Femme;52;Abidjan;Transport;397225;4711337;24;6,06;Oui;2023-08-12;0,26;9;528;DÇfaut
CLI00715;Gabriel-Richard Robin;Femme;31;San Pedro;Immobilier;1059648;3711039;6;24,9;Oui;2023-01-16;1,12;0;767;SoldÇ
CLI00716;Arnaude De Oliveira;Femme;50;BouakÇ;SantÇ;1113871;993641;12;7,47;Oui;2022-11-29;0,2;10;645;DÇfaut
CLI00717;Alexandrie Rousseau-De Oliveira;Femme;57;BouakÇ;Transport;525427;4945150;6;15,52;Oui;2024-04-17;0,73;4;627;En retard
CLI00718;Pierre Descamps de la Hoareau;Homme;42;Yamoussoukro;Agriculture;134446;2434723;6;12,88;Oui;2022-09-19;0,75;0;695;Actif
CLI00719;Nathalie Le Laine;Homme;26;Abidjan;SantÇ;1045178;4075316;24;17,57;Non;2021-07-13;0,4;6;629;DÇfaut
CLI00720;Eugäne-Bernard Chauvin;Femme;41;Korhogo;Education;351204;1823073;6;21,03;Oui;2022-11-26;0,41;6;594;DÇfaut
CLI00721;Michel LabbÇ;Femme;26;Abidjan;Commerce;916466;2190469;12;9,8;Non;2025-09-03;0,95;0;782;Actif
CLI00722;Susanne Coulon;Homme;31;Abidjan;Immobilier;894749;3425544;18;17,94;Oui;2025-05-27;1,15;0;686;SoldÇ
CLI00723;FrÇdÇric Duval-Lacombe;Femme;48;San Pedro;Transport;730329;1151312;18;18,31;Oui;2026-01-28;1,02;0;707;SoldÇ
CLI00724;RÇmy Turpin;Femme;51;Korhogo;Agriculture;643042;4773265;36;13,46;Non;2023-01-28;0,93;0;746;Actif
CLI00725;OcÇane de la Normand;Femme;61;Daloa;SantÇ;973422;829699;6;15,27;Oui;2025-06-10;1,17;0;795;SoldÇ
CLI00726;Jules Carlier;Homme;52;BouakÇ;Agriculture;1185783;4451316;6;10,81;Non;2021-10-17;0,58;4;686;En retard
CLI00727;Christine-Manon Lebreton;Femme;36;Korhogo;Transport;1177003;3638074;18;16,37;Oui;2022-02-03;0,71;1;762;En retard
CLI00728;Christine Arnaud;Femme;27;Abidjan;SantÇ;1054455;4818740;18;12,11;Oui;2024-01-01;0,74;5;671;En retard
CLI00729;Adrien Huet;Femme;32;Yamoussoukro;Education;462118;3346365;6;6,67;Non;2024-12-31;1,06;0;691;SoldÇ
CLI00730;Alphonse Rodriguez-Antoine;Femme;63;BouakÇ;Agriculture;1023609;2273605;18;24,33;Oui;2021-11-23;1,06;0;748;SoldÇ
CLI00731;Daniel-Alain Michel;Homme;59;BouakÇ;SantÇ;623828;941966;24;15,69;Oui;2021-05-21;0,11;7;620;DÇfaut
CLI00732;Philippine Gay;Femme;50;Daloa;SantÇ;929538;4132924;18;17,37;Non;2025-06-20;1,17;0;712;SoldÇ
CLI00733;Aurore du Lemaåtre;Femme;40;Abidjan;Agriculture;263784;1099326;12;5,28;Oui;2022-08-20;0,22;6;611;DÇfaut
CLI00734;CÇline Delannoy;Femme;62;Abidjan;Immobilier;384410;2078199;24;21,84;Oui;2023-03-16;1,04;0;649;SoldÇ
CLI00735;ThÇodore Hebert;Femme;30;San Pedro;Transport;1074027;3588979;6;7,33;Non;2021-10-05;1,09;0;812;SoldÇ
CLI00736;Louis Allain;Homme;49;Yamoussoukro;Commerce;588831;1738949;18;16,39;Oui;2023-06-14;1,02;0;760;SoldÇ
CLI00737;Nath Chauvin;Homme;61;Abidjan;Transport;985524;3537026;24;19,74;Non;2021-11-27;0,76;0;773;Actif
CLI00738;Alix Courtois;Femme;52;Korhogo;Commerce;1156584;4142814;12;19,29;Non;2022-02-12;0,68;4;733;En retard
CLI00739;Bernard Imbert-Chartier;Femme;62;San Pedro;SantÇ;954800;4020646;6;14,9;Non;2021-08-15;1,13;0;821;SoldÇ
CLI00740;êmile Verdier;Femme;22;Korhogo;SantÇ;418340;2466009;12;14,38;Oui;2021-11-17;0,58;5;657;En retard
CLI00741;êtienne Jacques;Femme;59;San Pedro;Agriculture;1062447;1150237;18;19,46;Non;2022-08-25;0,53;4;641;En retard
CLI00742;Arthur Lopes;Homme;39;San Pedro;Transport;260757;4100772;12;8,47;Oui;2024-04-10;0,27;13;373;DÇfaut
CLI00743;Michel Pruvost-Adam;Femme;36;Daloa;Agriculture;519212;4721032;6;24,99;Non;2023-05-18;0,49;3;619;En retard
CLI00744;TimothÇe Lecoq-Martel;Homme;53;Korhogo;Agriculture;147045;584065;18;13,61;Oui;2025-01-07;0,78;0;709;Actif
CLI00745;Adrien-RÇmy Lacroix;Femme;37;Daloa;Commerce;793711;3029977;6;20,4;Oui;2026-03-29;0,71;2;729;En retard
CLI00746;êmile Pichon;Femme;50;Korhogo;Commerce;312638;938285;36;17,19;Oui;2024-10-12;1,04;0;692;SoldÇ
CLI00747;Pauline Dupuis;Homme;31;Daloa;Commerce;327588;1772904;18;8,14;Non;2023-05-18;0,42;13;462;DÇfaut
CLI00748;Margot ChrÇtien;Homme;62;BouakÇ;Transport;842811;2856891;12;7,46;Oui;2023-10-27;0,32;12;485;DÇfaut
CLI00749;Arnaude Le Lesage;Femme;39;Yamoussoukro;SantÇ;1139109;1486648;6;10,32;Non;2022-11-27;0,89;0;774;Actif
CLI00750;Michäle Ferrand de la Maillard;Homme;30;Korhogo;SantÇ;1190757;3587662;12;7,76;Non;2023-07-25;0,57;4;646;En retard
CLI00751;CÇlina Leclerc-Normand;Femme;22;Yamoussoukro;Immobilier;1008154;1271249;6;19,35;Oui;2025-03-26;0,67;1;731;En retard
CLI00752;Sylvie Torres Le Riou;Femme;31;Korhogo;Commerce;990315;565633;24;20,18;Oui;2025-10-30;0,83;0;739;Actif
CLI00753;Isabelle Briand;Femme;47;Yamoussoukro;Education;923061;4694020;18;19,43;Oui;2025-10-19;0,45;3;646;En retard
CLI00754;Camille Fernandes de la Mace;Homme;65;Daloa;Immobilier;927119;3792905;12;22,75;Non;2025-11-15;0,79;0;796;Actif
CLI00755;Julien Boulanger de la Lefort;Femme;33;BouakÇ;Commerce;712357;756999;6;15,75;Non;2024-03-28;0,53;2;685;En retard
CLI00756;Laurent Leroux;Femme;54;BouakÇ;Immobilier;794518;1392406;6;5,56;Non;2025-12-12;0,98;0;850;Actif
CLI00757;Anouk Albert;Femme;53;Daloa;Commerce;311613;552861;18;10,2;Oui;2021-07-24;0,66;1;725;En retard
CLI00758;êtienne Robin;Femme;40;Yamoussoukro;Immobilier;90933;3851273;18;24,66;Oui;2025-04-01;0,99;0;677;Actif
CLI00759;HonorÇ du Dias;Femme;63;Yamoussoukro;Transport;373541;3218089;36;19,75;Oui;2025-02-08;0,22;14;390;DÇfaut
CLI00760;êlodie Boulanger;Homme;30;BouakÇ;Transport;972741;3506550;6;6,84;Non;2022-10-09;0,57;2;750;En retard
CLI00761;Agathe Chauvet-Pineau;Homme;44;Korhogo;Transport;1183637;3428542;36;16,18;Non;2022-06-29;0,96;0;761;Actif
CLI00762;Inäs Guillou;Femme;49;Daloa;Education;1106642;3547398;12;7,89;Oui;2022-01-27;0,24;13;520;DÇfaut
CLI00763;Colette Loiseau;Homme;65;Abidjan;Education;525943;3870443;24;5,65;Non;2023-05-14;0,27;14;536;DÇfaut
CLI00764;LÇon Weiss;Femme;28;Yamoussoukro;Immobilier;333475;3150311;36;10,79;Non;2023-08-14;0,68;1;678;En retard
CLI00765;Adrien Barbe;Femme;39;Yamoussoukro;Immobilier;1099059;284694;12;7,84;Oui;2023-09-21;0,75;0;850;Actif
CLI00766;Camille Lopes-Hamel;Homme;32;San Pedro;Education;1105074;67496;6;15,95;Non;2023-03-27;0,17;6;661;DÇfaut
CLI00767;Augustin Auger;Femme;57;BouakÇ;Education;1028697;2883866;24;14,5;Oui;2022-06-21;0,89;0;772;Actif
CLI00768;Tristan Roussel de Martins;Femme;49;San Pedro;Agriculture;1021777;1299756;18;6,79;Non;2024-11-21;0,79;0;850;Actif
CLI00769;GÇrard Chauvin;Femme;42;Korhogo;SantÇ;176090;3766960;18;17,92;Oui;2021-05-29;1,05;0;654;SoldÇ
CLI00770;Christophe Hernandez;Femme;56;Korhogo;Education;339588;4742191;6;8,85;Oui;2024-08-02;0,78;0;759;Actif
CLI00771;êlisabeth Pons;Homme;51;BouakÇ;Agriculture;1134109;206565;6;18,17;Non;2022-02-12;0,69;1;819;En retard
CLI00772;Roland Hebert;Femme;26;San Pedro;Agriculture;1198922;2737971;24;16,78;Non;2024-10-24;0,64;1;750;En retard
CLI00773;Pierre Mallet;Femme;22;Yamoussoukro;Agriculture;1187090;2712396;24;10,14;Oui;2024-12-12;0,23;7;676;DÇfaut
CLI00774;Henri Roy;Homme;37;Korhogo;Immobilier;267964;1343752;18;24,04;Oui;2022-05-17;0,85;0;752;Actif
CLI00775;ZoÇ Bertrand;Homme;22;San Pedro;Commerce;202687;2550009;24;6,97;Non;2024-01-22;0,26;11;499;DÇfaut
CLI00776;Benoåt Dumont;Homme;33;Abidjan;Immobilier;582525;4965968;12;14,86;Non;2022-07-03;0,93;0;645;Actif
CLI00777;ThÇodore Rodriguez;Homme;41;Yamoussoukro;Education;1054805;4689915;24;6,31;Oui;2024-10-24;0,13;9;549;DÇfaut
CLI00778;Aurore de la Menard;Homme;36;BouakÇ;Immobilier;343342;2605277;36;13,13;Oui;2022-08-23;0,19;14;418;DÇfaut
CLI00779;Bertrand Becker;Homme;36;Daloa;Agriculture;968673;4706954;24;5,84;Non;2023-01-19;0,99;0;746;Actif
CLI00780;Franáois Bonnin;Homme;24;Daloa;Agriculture;1091217;2342631;36;10,02;Non;2021-07-09;0,85;0;810;Actif
CLI00781;Jean Pascal-Faure;Femme;23;Daloa;Education;418514;4530265;36;6,4;Oui;2024-08-22;0,2;7;563;DÇfaut
CLI00782;Michelle Millet;Femme;48;Daloa;Transport;522184;4284739;18;22,68;Non;2024-05-08;1,14;0;655;SoldÇ
CLI00783;Thibaut-TimothÇe Clerc;Femme;36;Daloa;Agriculture;754524;2915798;12;14,2;Oui;2025-05-31;0,76;0;761;Actif
CLI00784;ThÇräse Gaudin-Mace;Homme;59;Korhogo;Commerce;1079353;85896;6;18,45;Non;2025-10-23;0,55;4;751;En retard
CLI00785;Catherine Bouchet;Homme;55;San Pedro;Agriculture;144901;3784413;6;12,06;Non;2023-12-29;0,99;0;699;Actif
CLI00786;Agnäs Alves du Delaunay;Homme;28;Daloa;SantÇ;1050336;3157816;12;13,89;Non;2023-07-13;0,34;6;696;DÇfaut
CLI00787;Marc Gomez;Femme;33;Yamoussoukro;Transport;268673;2593245;12;9,69;Oui;2024-09-28;0,64;3;674;En retard
CLI00788;Marcel Lacombe;Homme;21;Korhogo;Agriculture;491223;3372611;6;22,4;Oui;2023-08-30;0,73;4;653;En retard
CLI00789;Alexandria Garcia;Homme;25;BouakÇ;SantÇ;348952;595673;12;10,19;Non;2022-04-16;0,73;2;686;En retard
CLI00790;Daniel Clerc de la Thierry;Homme;65;Yamoussoukro;Transport;1197659;2171655;36;22,66;Oui;2024-09-06;0,1;12;491;DÇfaut
CLI00791;Gabrielle Marty;Femme;38;Abidjan;Immobilier;335260;4397775;24;14,91;Oui;2023-07-24;0,67;1;686;En retard
CLI00792;Henriette Couturier;Femme;55;Daloa;Agriculture;1021330;2702829;6;12,84;Oui;2021-12-12;0,47;5;683;En retard
CLI00793;FrÇdÇric Le Vidal;Femme;25;San Pedro;Transport;604254;1701522;12;11,58;Oui;2024-03-15;0,17;7;614;DÇfaut
CLI00794;Luc Guichard;Homme;58;Yamoussoukro;Education;781083;2150586;12;7,16;Oui;2023-11-03;0,36;11;485;DÇfaut
CLI00795;Christophe Dubois;Homme;25;San Pedro;Immobilier;999662;852544;24;16,58;Oui;2025-01-30;0,19;6;628;DÇfaut
CLI00796;Nicole Colin;Homme;29;Abidjan;SantÇ;210028;3757080;6;11,03;Oui;2023-11-05;0,79;0;725;Actif
CLI00797;Margot Le Bigot;Homme;56;BouakÇ;Education;189477;2523941;24;13,03;Non;2025-06-24;0,78;0;692;Actif
CLI00798;Laurent Baron-Ollivier;Homme;50;Daloa;SantÇ;885138;3944068;24;22,6;Non;2023-01-28;0,78;0;776;Actif
CLI00799;Benjamin de Ferrand;Homme;50;Korhogo;Agriculture;1164674;2803088;36;8,85;Oui;2025-01-05;0,21;15;489;DÇfaut
CLI00800;Emmanuel du Allain;Homme;61;BouakÇ;Agriculture;1147236;2199883;18;13,42;Non;2025-11-24;0,9;0;793;Actif
CLI00801;Marthe Bonnin;Homme;23;Korhogo;Education;206859;1121063;18;16,69;Non;2025-02-10;0,66;3;687;En retard
CLI00802;JosÇphine Jacob;Homme;30;Abidjan;Agriculture;1064662;2639348;36;11,86;Oui;2023-12-21;0,51;1;739;En retard
CLI00803;Pierre-FrÇdÇric Pierre;Homme;48;BouakÇ;SantÇ;801034;1689193;12;17,81;Non;2022-07-28;0,32;7;627;DÇfaut
CLI00804;Dominique Moreno;Femme;65;Yamoussoukro;Agriculture;1060213;2827849;36;16,32;Non;2025-03-19;0,47;3;699;En retard
CLI00805;Benjamin Picard de la Reynaud;Homme;50;San Pedro;Education;168483;4210168;12;23,4;Oui;2025-10-26;0,8;0;657;Actif
CLI00806;Chantal Jacquot;Homme;36;Abidjan;Commerce;1088197;2830950;24;9,11;Non;2023-02-02;0,3;6;648;DÇfaut
CLI00807;GÇrard Hebert;Femme;22;Abidjan;Commerce;321569;1244554;18;13,81;Non;2026-01-06;0,79;0;728;Actif
CLI00808;LÇon Lagarde;Homme;33;Korhogo;Agriculture;675802;1510847;12;22,71;Non;2025-02-13;0,89;0;733;Actif
CLI00809;Susan-Margaud Tanguy;Homme;33;Daloa;Commerce;125072;1527044;18;23,21;Non;2025-04-26;0,12;8;587;DÇfaut
CLI00810;Danielle Hardy;Femme;34;Daloa;Commerce;719783;3876913;12;12,39;Non;2025-06-30;0,51;2;657;En retard
CLI00811;Franck Joly;Homme;30;Korhogo;Transport;354296;1640825;12;15,65;Non;2025-06-02;0,86;0;711;Actif
CLI00812;SÇbastien Duval;Homme;23;BouakÇ;Education;476575;4541834;18;20,79;Non;2024-04-09;0,46;1;664;En retard
CLI00813;AimÇ Carre;Femme;34;San Pedro;Education;250724;3998243;36;6,3;Non;2022-10-26;0,66;5;642;En retard
CLI00814;VÇronique Thierry;Femme;32;San Pedro;Immobilier;754912;3186322;36;18,89;Non;2023-07-22;0,89;0;751;Actif
CLI00815;AmÇlie Gomes du Carre;Femme;61;BouakÇ;Immobilier;156765;1788116;12;22,9;Non;2021-09-12;0,6;2;699;En retard
CLI00816;OcÇane Morvan;Femme;45;San Pedro;Education;409691;3188239;18;16,01;Non;2021-12-28;0,25;7;509;DÇfaut
CLI00817;Michäle Legendre;Femme;35;San Pedro;Immobilier;166282;3952825;36;17,42;Non;2025-08-05;0,57;4;607;En retard
CLI00818;Lucy Leleu;Femme;41;Abidjan;Immobilier;652563;3257559;6;8,59;Non;2021-09-08;0,36;7;628;DÇfaut
CLI00819;Augustin Gilbert;Homme;38;BouakÇ;SantÇ;557608;875515;6;6,43;Non;2022-01-03;0,14;9;570;DÇfaut
CLI00820;Louise Girard;Femme;37;Abidjan;Immobilier;714840;2352375;12;19,11;Non;2024-12-05;1,2;0;790;SoldÇ
CLI00821;Richard de Fleury;Femme;43;San Pedro;Agriculture;926853;3453748;36;20,16;Oui;2025-06-09;0,11;14;457;DÇfaut
CLI00822;ThÇodore Leroy de Pires;Homme;34;Yamoussoukro;Commerce;1074969;2010612;36;16,74;Non;2024-08-02;0,71;4;763;En retard
CLI00823;FrÇdÇric Regnier;Femme;33;Yamoussoukro;Agriculture;979244;3553819;12;13,77;Oui;2024-01-09;1,04;0;850;SoldÇ
CLI00824;Jacques Lemaåtre;Homme;40;Yamoussoukro;Education;100302;4242628;18;11,8;Non;2024-09-27;0,56;4;573;En retard
CLI00825;Matthieu-Benoåt Laurent;Homme;57;San Pedro;Agriculture;147547;1217146;12;24,54;Non;2023-04-12;1,19;0;684;SoldÇ
CLI00826;Alex Bousquet de la Munoz;Femme;25;Abidjan;Agriculture;890410;1629899;24;7,17;Non;2025-01-23;0,73;4;750;En retard
CLI00827;Gilles Tessier;Homme;64;Yamoussoukro;Agriculture;452529;318931;36;14,77;Non;2025-03-21;0,31;7;665;DÇfaut
CLI00828;ClÇmence Auger;Homme;39;San Pedro;Transport;1179737;637030;24;6,15;Non;2021-11-10;0,67;2;750;En retard
CLI00829;AndrÇ Huet;Homme;28;BouakÇ;Immobilier;350821;4550094;24;14,57;Oui;2021-05-31;0,18;9;492;DÇfaut
CLI00830;Pierre Marty;Femme;63;Yamoussoukro;Agriculture;1075685;1381953;36;16,5;Non;2025-01-30;0,44;9;602;DÇfaut
CLI00831;William LabbÇ;Homme;30;San Pedro;Transport;1014766;586619;24;17,1;Non;2026-01-19;0,37;11;521;DÇfaut
CLI00832;Margot Valentin-Vincent;Homme;26;San Pedro;Education;683794;3877777;18;19,01;Non;2025-08-01;0,88;0;692;Actif
CLI00833;Christine Jacques;Homme;47;San Pedro;SantÇ;602473;1556410;36;19,66;Oui;2022-11-14;0,6;2;664;En retard
CLI00834;Michel Morvan;Homme;36;San Pedro;Transport;411207;2346601;36;10,84;Oui;2022-06-11;1,11;0;686;SoldÇ
CLI00835;Michelle Lemaire;Homme;44;Yamoussoukro;Agriculture;240502;932687;36;20,33;Oui;2023-11-24;0,46;4;633;En retard
CLI00836;Michelle Muller;Homme;50;San Pedro;Commerce;136031;664008;24;12,62;Oui;2025-10-27;0,92;0;716;Actif
CLI00837;Margaux-Christelle Delattre;Homme;37;Abidjan;Education;320507;1194882;18;18,41;Oui;2024-05-08;0,61;4;702;En retard
CLI00838;Laurence Marie;Homme;49;BouakÇ;Immobilier;374137;3999253;18;21,83;Oui;2022-01-27;0,29;6;537;DÇfaut
CLI00839;DorothÇe du Salmon;Homme;55;San Pedro;Immobilier;899670;1463089;6;18,43;Oui;2021-06-30;0,11;10;614;DÇfaut
CLI00840;Luc de Breton;Homme;34;San Pedro;SantÇ;152236;4515246;12;13,84;Oui;2021-06-18;0,15;14;381;DÇfaut
CLI00841;FrÇdÇric Blondel;Femme;49;Yamoussoukro;Agriculture;189922;89139;6;20,45;Oui;2025-07-03;0,94;0;716;Actif
CLI00842;Martin de la Guyot;Homme;26;BouakÇ;Commerce;113635;3587331;6;24,79;Oui;2025-03-28;0,47;2;662;En retard
CLI00843;Colette Allard-Duval;Homme;31;Korhogo;Agriculture;172300;3536976;36;7,15;Oui;2023-12-28;0,46;5;536;En retard
CLI00844;Lorraine Salmon;Femme;48;Daloa;Immobilier;333344;1999580;12;7,12;Non;2025-12-15;0,46;1;708;En retard
CLI00845;Bernard Moulin de Pascal;Homme;45;Abidjan;Commerce;526206;3898491;12;6,32;Non;2023-02-14;1;0;720;SoldÇ
CLI00846;NoÇmi Barbier;Homme;47;Yamoussoukro;Commerce;712363;4240747;6;19,25;Oui;2023-11-04;0,97;0;748;Actif
CLI00847;Sabine Le Roux;Femme;61;Daloa;Transport;894880;1165109;18;8,51;Non;2021-09-26;0,94;0;789;Actif
CLI00848;Bernadette Petit;Homme;42;Korhogo;Education;117012;4957645;24;12,65;Oui;2024-11-29;0,8;0;760;Actif
CLI00849;FrÇdÇric-HonorÇ Loiseau;Homme;35;Abidjan;Agriculture;124487;1090658;18;9,73;Oui;2023-10-02;0,57;2;636;En retard
CLI00850;Jean-Daniel Ferrand;Femme;52;Daloa;Education;702046;1744597;12;12,51;Oui;2023-10-30;0,81;0;731;Actif
CLI00851;Claude Cousin de la Bonneau;Femme;42;Daloa;Immobilier;361578;2383093;18;17,87;Non;2025-09-24;0,94;0;687;Actif
CLI00852;Victor Benoit;Homme;35;Korhogo;Transport;774724;2925014;12;9,12;Oui;2024-11-29;0,16;9;546;DÇfaut
CLI00853;RenÇ Carlier;Femme;32;Daloa;Agriculture;1007698;100689;6;22,4;Oui;2023-06-16;0,18;9;594;DÇfaut
CLI00854;Sabine Guyon de Humbert;Homme;29;BouakÇ;Education;272433;1506898;36;15,98;Oui;2021-11-24;0,97;0;759;Actif
CLI00855;Richard LÇvàque;Homme;48;Yamoussoukro;Immobilier;1059525;2662740;12;19,43;Oui;2024-12-06;0,37;8;676;DÇfaut
CLI00856;Daniel De Oliveira de la Baron;Femme;61;San Pedro;Agriculture;502368;2330533;24;6,6;Non;2022-12-21;1,17;0;704;SoldÇ
CLI00857;Alex de la Dupuis;Femme;49;Abidjan;Transport;966460;4288701;36;19,7;Non;2024-07-20;0,94;0;720;Actif
CLI00858;Paul Le Gall;Femme;26;Yamoussoukro;Transport;709631;4556340;12;16,06;Non;2024-06-23;0,29;12;504;DÇfaut
CLI00859;Arnaude Baudry-Martel;Femme;45;Abidjan;Commerce;1088403;653473;18;7,73;Oui;2024-09-24;0,62;2;740;En retard
CLI00860;Anastasie Ledoux;Femme;52;Daloa;Education;928413;3538152;24;24,41;Non;2023-05-06;0,51;4;702;En retard
CLI00861;Chantal Loiseau;Homme;47;Daloa;Immobilier;161425;1094193;24;23,64;Non;2025-04-12;0,28;12;473;DÇfaut
CLI00862;GÇrard-Noâl LÇvàque;Femme;61;San Pedro;Commerce;852130;534061;24;23,53;Oui;2021-12-26;0,91;0;719;Actif
CLI00863;Georges Lambert;Femme;61;Yamoussoukro;Agriculture;139257;1290543;18;17,11;Oui;2025-09-28;1,14;0;762;SoldÇ
CLI00864;Alexandre Le Gall;Homme;21;San Pedro;Agriculture;324801;824317;24;12,95;Oui;2022-08-04;0,74;1;776;En retard
CLI00865;Marcelle Sanchez;Femme;37;Daloa;Commerce;713800;4249729;36;18,17;Non;2023-08-27;0,52;3;644;En retard
CLI00866;Mathilde-Brigitte Samson;Homme;61;Daloa;Immobilier;802244;1247167;18;19,97;Non;2025-04-14;1,12;0;752;SoldÇ
CLI00867;Virginie Meyer;Homme;31;Daloa;Immobilier;1111218;63242;6;6,4;Non;2024-09-19;0,87;0;821;Actif
CLI00868;HonorÇ Buisson-Bonnet;Femme;31;San Pedro;Education;449940;3192803;12;19,08;Oui;2025-03-29;0,32;8;566;DÇfaut
CLI00869;Anouk Bägue;Homme;32;Daloa;Education;501403;544777;12;21,18;Non;2023-11-04;0,31;12;531;DÇfaut
CLI00870;Guy-Gabriel Gomes;Homme;61;Abidjan;Education;428391;719493;18;6,71;Non;2023-04-12;0,24;7;676;DÇfaut
CLI00871;Philippe Michaud;Homme;51;Daloa;Education;1097526;895648;6;6,22;Oui;2021-10-09;0,93;0;793;Actif
CLI00872;Bernadette Lebreton;Homme;27;San Pedro;Immobilier;522642;4431659;6;12,51;Non;2021-08-13;0,67;3;616;En retard
CLI00873;Auguste Marques;Femme;42;San Pedro;Education;857592;2927942;18;21,34;Non;2025-01-11;1,14;0;701;SoldÇ
CLI00874;Julien Merle;Homme;43;Abidjan;Education;772595;890348;6;14,14;Oui;2023-02-25;0,87;0;739;Actif
CLI00875;Juliette Gilbert;Homme;54;Korhogo;Transport;666085;2134884;18;14,04;Non;2023-01-26;0,85;0;743;Actif
CLI00876;GrÇgoire Bourgeois;Homme;21;Daloa;Transport;755667;189505;18;22,47;Non;2023-07-02;1,17;0;845;SoldÇ
CLI00877;Christiane Leclercq;Homme;59;Daloa;Transport;1096145;3406828;36;20,88;Oui;2023-05-13;0,48;4;674;En retard
CLI00878;Vincent Chauveau;Femme;59;BouakÇ;Transport;489106;1250925;36;22,52;Oui;2022-03-04;0,96;0;745;Actif
CLI00879;CÇcile LabbÇ-Vasseur;Homme;40;BouakÇ;Agriculture;1058956;1459729;24;24,1;Oui;2025-09-17;0,63;5;690;En retard
CLI00880;Henri Le Pons;Homme;63;Yamoussoukro;Agriculture;267552;934743;24;24,87;Non;2024-02-09;0,13;11;544;DÇfaut
CLI00881;HonorÇ Petit de Martel;Femme;63;Abidjan;SantÇ;1078878;1082621;12;23,45;Non;2023-04-07;0,8;0;850;Actif
CLI00882;Juliette Lemoine de Colin;Femme;35;Daloa;SantÇ;215616;2929186;24;23,2;Non;2024-12-27;0,92;0;671;Actif
CLI00883;Adäle Gilbert;Femme;35;Daloa;Commerce;548820;2223437;6;10,82;Oui;2023-01-17;0,22;11;493;DÇfaut
CLI00884;Denis Nicolas;Femme;29;San Pedro;Transport;737189;3239307;36;19,74;Oui;2024-09-24;0,44;15;483;DÇfaut
CLI00885;Alexandre Thibault de la Thierry;Femme;44;Yamoussoukro;Agriculture;344885;4409990;36;16,82;Non;2025-10-04;0,22;6;597;DÇfaut
CLI00886;Nicolas Pascal;Femme;35;Yamoussoukro;Education;1128225;3873397;12;17,03;Non;2024-12-14;0,26;6;727;DÇfaut
CLI00887;Brigitte Rodriguez-Fouquet;Homme;38;Yamoussoukro;Agriculture;1083031;1859465;24;10,83;Oui;2025-03-24;1,16;0;813;SoldÇ
CLI00888;Madeleine Toussaint-Blanchard;Homme;35;Korhogo;Transport;190239;1551730;24;19,55;Oui;2023-03-10;0,43;8;529;DÇfaut
CLI00889;Catherine Jean-Marques;Femme;48;Daloa;Agriculture;1072837;2971812;24;12,82;Non;2021-11-24;0,68;3;741;En retard
CLI00890;Michel Turpin;Femme;27;Daloa;Agriculture;354518;2763031;36;22,32;Non;2026-04-04;0,16;10;552;DÇfaut
CLI00891;Madeleine-Margot Pinto;Homme;49;Daloa;SantÇ;1091753;2491769;12;9,2;Oui;2025-04-23;0,98;0;817;Actif
CLI00892;Dominique du Lambert;Homme;44;Abidjan;Immobilier;293800;1288204;24;24,01;Oui;2022-04-02;0,57;2;696;En retard
CLI00893;Emmanuelle Auger;Femme;32;Daloa;SantÇ;190042;1034376;36;18;Oui;2022-08-26;0,75;0;751;Actif
CLI00894;RÇmy David;Femme;36;Daloa;SantÇ;151288;1046587;12;12,93;Oui;2021-09-03;0,43;15;451;DÇfaut
CLI00895;Anouk Le Gall;Femme;65;Abidjan;Commerce;267928;3939577;24;10,5;Non;2024-01-27;0,82;0;742;Actif
CLI00896;Agathe-Alexandrie Michaud;Homme;26;Yamoussoukro;SantÇ;335960;4153861;36;9,5;Non;2025-03-11;0,75;0;718;Actif
CLI00897;Maryse Turpin;Homme;58;Korhogo;Agriculture;459787;3270888;24;25;Non;2025-07-24;0,87;0;706;Actif
CLI00898;Anastasie HervÇ;Homme;41;Korhogo;Education;213165;4558969;12;13,11;Non;2022-05-14;0,87;0;681;Actif
CLI00899;Alfred Marchand;Femme;25;BouakÇ;SantÇ;1168214;4954999;36;19,27;Oui;2022-12-08;0,97;0;815;Actif
CLI00900;êlise Chevallier-Potier;Homme;32;Korhogo;Agriculture;457356;94660;36;13,94;Oui;2024-11-09;0,45;1;692;En retard
CLI00901;Marcel Michaud;Homme;26;San Pedro;SantÇ;618465;343645;6;24,6;Oui;2021-09-21;0,66;3;713;En retard
CLI00902;LÇon Le Besnard;Homme;36;BouakÇ;Education;710403;437270;36;23,09;Non;2023-05-04;0,42;14;470;DÇfaut
CLI00903;Olivie-Catherine Ledoux;Femme;65;BouakÇ;Commerce;736274;4434442;18;17,12;Oui;2023-10-20;0,66;1;710;En retard
CLI00904;Emmanuel-Jules Baron;Homme;30;BouakÇ;SantÇ;708535;1855336;12;17,04;Non;2021-11-14;0,34;11;583;DÇfaut
CLI00905;Daniel Guibert-De Oliveira;Femme;25;Yamoussoukro;SantÇ;614705;2236695;24;18;Oui;2026-01-10;0,28;13;486;DÇfaut
CLI00906;FrÇdÇric Collet;Femme;65;Daloa;Immobilier;380404;4545491;12;6,41;Oui;2022-09-07;0,91;0;694;Actif
CLI00907;SÇbastien Renard;Homme;47;Abidjan;Immobilier;401894;2703822;24;12,58;Oui;2022-12-12;1,16;0;658;SoldÇ
CLI00908;Zacharie Marty;Homme;55;Yamoussoukro;Immobilier;310666;4650050;24;6,32;Non;2023-10-14;0,8;0;714;Actif
CLI00909;Marcelle Pons;Homme;35;Abidjan;Commerce;653878;132739;6;12,54;Non;2025-07-26;1,17;0;789;SoldÇ
CLI00910;AmÇlie Valentin de Bruneau;Homme;54;Korhogo;Immobilier;722881;4989439;24;6,91;Non;2021-12-04;0,48;5;708;En retard
CLI00911;ValÇrie Munoz;Homme;24;San Pedro;Education;438083;2717547;24;8,61;Non;2023-06-23;0,99;0;704;Actif
CLI00912;Roland Meyer;Homme;37;Abidjan;SantÇ;99917;4358098;12;18,15;Non;2024-12-20;0,26;15;375;DÇfaut
CLI00913;Jean-Emmanuel Lombard;Femme;36;Yamoussoukro;Transport;957120;3890192;12;13,78;Non;2024-02-01;0,49;4;686;En retard
CLI00914;Lucas Bruneau;Homme;40;Abidjan;SantÇ;262331;2614074;24;20,41;Oui;2024-06-08;1,03;0;763;SoldÇ
CLI00915;HÇläne Morin;Homme;26;San Pedro;SantÇ;426267;4876106;6;6,69;Oui;2026-01-01;0,41;13;430;DÇfaut
CLI00916;Alphonse Lopes;Homme;51;Daloa;Commerce;1123973;4370229;36;18,96;Oui;2023-09-21;0,55;5;679;En retard
CLI00917;Luc-Georges GuÇrin;Femme;65;Daloa;Education;803644;2098718;36;18,68;Oui;2025-01-01;0,15;13;523;DÇfaut
CLI00918;Marine-Bernadette Cohen;Homme;32;San Pedro;Transport;237543;3129046;12;15,27;Non;2025-12-06;1,15;0;699;SoldÇ
CLI00919;Claude de la Renault;Homme;44;Yamoussoukro;Immobilier;317467;2885002;12;21,63;Oui;2023-03-03;1,04;0;685;SoldÇ
CLI00920;David de la Bouchet;Femme;39;Daloa;Education;635222;1837326;6;19,76;Non;2023-07-15;0,73;2;712;En retard
CLI00921;Jeanne du Rossi;Homme;50;Abidjan;Commerce;1103968;532317;18;5,12;Non;2025-08-16;0,61;3;788;En retard
CLI00922;Astrid Gomez;Femme;32;San Pedro;Commerce;923197;3024032;6;7,03;Oui;2024-11-10;0,64;1;701;En retard
CLI00923;Guy Guilbert;Femme;21;BouakÇ;Education;406380;2148282;12;14,41;Non;2025-09-07;0,51;3;664;En retard
CLI00924;RÇmy Texier;Femme;27;Yamoussoukro;SantÇ;999752;3735591;12;7,8;Oui;2022-10-21;0,92;0;734;Actif
CLI00925;Susanne Fontaine;Homme;28;BouakÇ;SantÇ;477550;2439912;6;7,67;Oui;2022-05-01;0,56;3;711;En retard
CLI00926;VÇronique-Juliette Humbert;Homme;51;San Pedro;Education;637422;1046502;24;14,78;Non;2022-10-29;0,65;2;652;En retard
CLI00927;Isaac Ribeiro-Fournier;Femme;29;Abidjan;SantÇ;310126;954959;6;7,52;Oui;2022-08-07;0,48;1;679;En retard
CLI00928;Alex Toussaint;Femme;48;Korhogo;Agriculture;96837;3693411;24;10,79;Oui;2022-03-25;0,63;4;607;En retard
CLI00929;êlisabeth Ruiz;Homme;36;San Pedro;SantÇ;669590;1014857;18;24,89;Oui;2024-09-19;0,37;12;579;DÇfaut
CLI00930;Nicole Collet;Homme;65;BouakÇ;Commerce;1133470;1569917;12;24,85;Oui;2024-05-09;0,75;0;795;Actif
CLI00931;Franáoise Ferrand;Homme;46;Abidjan;Commerce;160460;2347317;12;23,58;Oui;2021-10-14;0,57;5;570;En retard
CLI00932;Manon Hardy;Femme;47;Daloa;Commerce;1180944;2620654;12;9,44;Non;2021-11-05;0,57;1;847;En retard
CLI00933;Audrey DuprÇ;Femme;28;Yamoussoukro;Commerce;644649;3099897;18;23,86;Oui;2022-04-27;0,88;0;675;Actif
CLI00934;Antoine Adam;Homme;23;San Pedro;Agriculture;81123;487303;18;9,24;Oui;2021-07-02;0,62;5;515;En retard
CLI00935;HonorÇ Albert;Femme;52;Yamoussoukro;Immobilier;842485;2854161;18;7,23;Oui;2024-07-14;0,84;0;773;Actif
CLI00936;Jeanne de Berthelot;Femme;58;Abidjan;Agriculture;1189104;3167142;12;18;Oui;2025-07-14;0,33;12;527;DÇfaut
CLI00937;Anne Albert;Homme;23;Yamoussoukro;SantÇ;479368;1668393;24;23,51;Non;2025-04-15;0,18;14;410;DÇfaut
CLI00938;Laure Gimenez-Lefebvre;Femme;33;Yamoussoukro;Transport;1198951;1339097;6;7,56;Non;2023-04-29;0,56;3;774;En retard
CLI00939;Susan Pineau;Homme;48;BouakÇ;Education;221995;4100192;24;15,48;Oui;2021-07-08;1,15;0;690;SoldÇ
CLI00940;Susanne Auger;Femme;65;San Pedro;SantÇ;350394;2479813;6;24,12;Non;2025-09-04;0,17;9;507;DÇfaut
CLI00941;CÇcile Aubert;Homme;31;BouakÇ;Agriculture;998017;4322136;24;16,25;Non;2025-12-21;0,53;5;605;En retard
CLI00942;SÇbastien Cousin de Chevallier;Homme;31;Yamoussoukro;Agriculture;536775;124334;36;14,11;Non;2025-07-28;0,88;0;787;Actif
CLI00943;Philippine-Corinne Dupont;Femme;38;Yamoussoukro;Agriculture;329777;1485367;12;5,91;Oui;2025-01-21;0,36;6;624;DÇfaut
CLI00944;GÇrard Lefävre Le Lemoine;Femme;24;Yamoussoukro;Commerce;602207;1811376;36;7,32;Non;2023-10-09;0,81;0;738;Actif
CLI00945;Marine Ferreira;Femme;29;Yamoussoukro;Agriculture;936357;2523761;18;24,71;Oui;2025-02-14;0,79;0;842;Actif
CLI00946;HonorÇ Peltier;Femme;32;Daloa;SantÇ;616844;181185;36;18,15;Oui;2022-08-11;1,05;0;717;SoldÇ
CLI00947;Philippine êtienne-Duval;Femme;62;Korhogo;SantÇ;619691;4671097;12;21,34;Oui;2024-09-11;0,34;10;454;DÇfaut
CLI00948;Patrick Sauvage-Perrier;Femme;30;San Pedro;Agriculture;1015447;1993834;24;12,37;Oui;2024-05-11;1,09;0;753;SoldÇ
CLI00949;Nicole Colin;Femme;32;Abidjan;Immobilier;449330;1634271;36;14,81;Non;2023-07-03;0,9;0;726;Actif
CLI00950;Joseph du Vasseur;Homme;32;Abidjan;SantÇ;906691;1625783;6;7,87;Non;2026-04-27;0,57;4;704;En retard
CLI00951;Catherine Moreau;Homme;21;BouakÇ;Agriculture;289148;3219846;24;5,41;Oui;2021-07-30;1,01;0;687;SoldÇ
CLI00952;Dominique-Christine Louis;Homme;38;BouakÇ;Agriculture;379128;163220;6;24,15;Oui;2024-04-23;0,22;11;530;DÇfaut
CLI00953;Maurice Regnier;Femme;57;Daloa;Education;1011819;1418554;18;11,64;Non;2024-07-26;0,27;6;616;DÇfaut
CLI00954;Emmanuel Gros;Homme;22;Abidjan;Agriculture;173377;912477;36;10,93;Oui;2021-11-05;0,66;4;685;En retard
CLI00955;FrÇdÇric Techer;Homme;35;San Pedro;Agriculture;975767;3282827;12;12,07;Oui;2024-06-12;0,42;12;521;DÇfaut
CLI00956;Thibault GrÇgoire;Homme;35;Abidjan;Education;293356;2414029;18;6,53;Oui;2024-04-04;0,47;3;689;En retard
CLI00957;Franck Lacombe-Raymond;Homme;32;Daloa;SantÇ;978898;4499994;18;16,99;Oui;2022-12-09;0,85;0;766;Actif
CLI00958;Franáoise Thierry;Femme;60;Daloa;Commerce;681894;2972470;6;10,42;Non;2024-08-30;0,65;3;696;En retard
CLI00959;Franck Da Costa Le Vincent;Homme;30;Abidjan;Commerce;387419;2736502;12;12,81;Non;2022-07-24;0,89;0;734;Actif
CLI00960;VÇronique LabbÇ;Femme;38;Yamoussoukro;Transport;383390;808724;18;24,9;Non;2024-10-15;0,3;12;508;DÇfaut
CLI00961;êmile Raymond;Femme;51;San Pedro;Transport;948104;2847308;12;21,04;Oui;2025-11-09;0,82;0;792;Actif
CLI00962;êlise Bernard;Femme;55;Korhogo;Education;1199398;4182240;36;15,72;Non;2021-11-03;0,35;7;691;DÇfaut
CLI00963;êlodie du Legendre;Homme;65;Yamoussoukro;Education;262976;2022942;18;5,06;Oui;2026-04-21;1,19;0;713;SoldÇ
CLI00964;Olivier Rousset;Femme;29;Yamoussoukro;Transport;311014;549771;18;12,22;Oui;2024-01-22;1,03;0;753;SoldÇ
CLI00965;AndrÇ Petit;Homme;56;Daloa;SantÇ;963062;2084215;12;21,56;Oui;2024-09-28;0,16;8;611;DÇfaut
CLI00966;Jules Dupuis-Vaillant;Homme;45;San Pedro;Education;135253;3612715;18;6,08;Oui;2025-12-18;0,22;15;435;DÇfaut
CLI00967;Richard Lefävre;Homme;22;BouakÇ;Agriculture;388043;3113890;12;6,58;Non;2023-12-09;0,18;15;380;DÇfaut
CLI00968;Pauline Thibault;Femme;29;Abidjan;Agriculture;1186142;2562452;24;13,23;Non;2025-07-28;0,47;1;845;En retard
CLI00969;Constance-Inäs Toussaint;Homme;62;Korhogo;SantÇ;147358;1506096;36;8,21;Non;2023-10-25;0,54;4;618;En retard
CLI00970;AndrÇe Marty;Femme;57;BouakÇ;SantÇ;1132502;2617198;12;13,47;Non;2023-12-29;0,27;7;589;DÇfaut
CLI00971;Luc Petitjean Le ChrÇtien;Homme;46;Daloa;Transport;197433;1886320;24;8,67;Oui;2022-10-25;0,92;0;706;Actif
CLI00972;Olivier Joubert Le Pages;Femme;41;Yamoussoukro;Commerce;929556;3241614;12;6,09;Oui;2023-03-23;0,51;4;653;En retard
CLI00973;Lucie Dumas;Homme;25;BouakÇ;Education;840640;2864140;6;9,79;Oui;2024-03-02;0,28;7;649;DÇfaut
CLI00974;HonorÇ de Antoine;Homme;40;Korhogo;Education;473727;4677922;12;17,77;Oui;2024-08-18;0,14;10;474;DÇfaut
CLI00975;GÇrard Leblanc du Evrard;Homme;57;Yamoussoukro;Immobilier;1094616;433196;6;11,29;Oui;2023-12-11;1,14;0;787;SoldÇ
CLI00976;Jean Philippe;Femme;53;Yamoussoukro;Transport;488700;2687986;24;19,51;Oui;2025-08-27;1,17;0;646;SoldÇ
CLI00977;Marianne Lejeune-Arnaud;Homme;53;BouakÇ;Agriculture;394964;248686;36;20,92;Non;2026-01-19;0,62;1;698;En retard
CLI00978;Daniel Da Costa;Femme;26;Korhogo;Education;275645;1992550;12;21,15;Oui;2025-07-18;0,82;0;610;Actif
CLI00979;Agnäs Rousseau de la Thomas;Femme;49;Abidjan;SantÇ;355141;2893911;18;12,21;Non;2024-07-28;1,04;0;643;SoldÇ
CLI00980;AmÇlie Sanchez;Femme;36;Abidjan;Agriculture;517928;679131;12;16,34;Oui;2024-06-12;1,19;0;775;SoldÇ
CLI00981;Joseph Berger;Femme;56;Abidjan;Immobilier;262803;4235179;6;14,1;Oui;2023-02-01;0,29;10;515;DÇfaut
CLI00982;Alfred-Jean Buisson;Femme;43;San Pedro;SantÇ;267127;646714;12;19,21;Non;2024-02-04;0,61;4;657;En retard
CLI00983;Sabine Carpentier;Homme;28;San Pedro;Immobilier;1103953;382127;18;22,18;Oui;2022-09-14;0,54;5;667;En retard
CLI00984;Yves Le Goff;Femme;44;Korhogo;SantÇ;255092;3516124;36;14;Oui;2024-11-14;1,07;0;688;SoldÇ
CLI00985;Victoire Da Silva;Homme;36;BouakÇ;Transport;96657;1346561;6;10,81;Oui;2023-11-22;0,27;12;456;DÇfaut
CLI00986;Guy Evrard;Femme;63;Abidjan;Agriculture;276090;2977103;24;14,37;Oui;2023-12-18;0,69;4;571;En retard
CLI00987;Marguerite Briand;Homme;46;BouakÇ;SantÇ;988306;1723284;24;11,57;Non;2026-04-05;0,45;5;741;En retard
CLI00988;Roger-Michel Perrier;Femme;28;Daloa;Agriculture;663794;3863282;6;15,9;Oui;2023-09-24;1,14;0;762;SoldÇ
CLI00989;ThÇräse Camus;Femme;57;BouakÇ;Commerce;145689;3240060;6;23,73;Non;2025-02-22;0,5;4;593;En retard
CLI00990;êmile Legrand;Homme;22;San Pedro;Commerce;966928;2313650;18;17,71;Non;2024-08-10;0,19;7;634;DÇfaut
CLI00991;Emmanuel de Faivre;Femme;49;San Pedro;Immobilier;960220;4452156;12;18,39;Oui;2023-04-08;0,39;6;639;DÇfaut
CLI00992;Valentine Launay;Femme;31;Yamoussoukro;SantÇ;496505;2979941;24;14,63;Non;2021-12-16;0,69;2;598;En retard
CLI00993;Gabriel Munoz;Femme;21;BouakÇ;Transport;496410;702706;36;17,33;Oui;2022-06-17;0,46;3;672;En retard
CLI00994;Victor Le Bailly;Homme;52;BouakÇ;SantÇ;743555;1003003;24;10,26;Non;2024-06-15;0,89;0;737;Actif
CLI00995;GrÇgoire Boucher;Femme;61;Korhogo;Transport;284359;356066;12;19,91;Oui;2024-01-04;0,31;14;404;DÇfaut
CLI00996;Nathalie Albert;Homme;43;Yamoussoukro;Immobilier;519905;1653557;36;24,1;Oui;2024-05-26;0,51;3;664;En retard
CLI00997;Laetitia Gomez;Homme;65;Korhogo;Immobilier;1126752;3875184;24;13,21;Non;2021-11-19;0,49;5;745;En retard
CLI00998;Guillaume-êmile Jacques;Homme;32;San Pedro;Immobilier;1042222;3643542;18;8,54;Non;2023-11-06;0,75;0;793;Actif
CLI00999;Michelle Charpentier;Femme;61;Abidjan;Transport;674014;882360;6;21,12;Non;2024-11-26;0,21;6;615;DÇfaut
CLI01000;Nathalie Pasquier;Homme;61;BouakÇ;Agriculture;1011352;4272502;36;21,12;Non;2022-08-01;0,83;0;781;Actif
CLI01001;ThÇräse Petitjean;Femme;56;San Pedro;Transport;879182;1010504;12;22,13;Non;2023-09-18;1,15;0;833;SoldÇ
CLI01002;Josette de la Morin;Femme;21;Yamoussoukro;Transport;865684;1928516;36;10,67;Non;2024-02-25;1,07;0;804;SoldÇ
CLI01003;Laurent Mary;Homme;21;Yamoussoukro;Agriculture;949388;324094;6;5,52;Non;2023-06-10;0,97;0;794;Actif
CLI01004;RenÇ Valette;Femme;36;BouakÇ;SantÇ;900746;1666152;36;17,89;Non;2026-02-23;1,01;0;747;SoldÇ
CLI01005;Antoine Hardy de Guillon;Femme;32;Daloa;Education;925401;2718625;36;8,17;Oui;2023-11-10;0,35;8;633;DÇfaut
CLI01006;Martin Bousquet;Femme;61;San Pedro;Commerce;625742;4688107;12;23,97;Oui;2022-10-13;0,32;7;591;DÇfaut
CLI01007;Daniel Vidal;Homme;22;Daloa;SantÇ;245197;4846554;24;5,51;Non;2024-06-14;0,91;0;711;Actif
CLI01008;Marine Gimenez de la Bruneau;Femme;32;Yamoussoukro;SantÇ;582733;1910217;18;8,88;Non;2025-07-31;1,02;0;764;SoldÇ
CLI01009;Thibaut Brunel;Homme;38;San Pedro;Education;253986;1256026;6;17,77;Oui;2021-07-06;0,74;1;734;En retard
CLI01010;Patricia Gillet-Lenoir;Homme;27;BouakÇ;Transport;377450;2419471;18;22,89;Non;2025-09-27;0,2;13;432;DÇfaut
CLI01011;Danielle Joseph-Mercier;Homme;52;Daloa;Transport;126047;3520745;6;14,73;Oui;2025-01-17;0,79;0;730;Actif
CLI01012;Thierry Gosselin;Femme;41;Abidjan;Immobilier;1025560;1401435;12;10,98;Oui;2025-06-18;1,09;0;796;SoldÇ
CLI01013;Bertrand Toussaint;Femme;51;Korhogo;Commerce;90516;1378657;36;19,83;Oui;2024-05-27;1,12;0;778;SoldÇ
CLI01014;AimÇ-Jacques Martineau;Homme;54;Yamoussoukro;Agriculture;1153206;1327971;12;22,34;Oui;2021-10-18;0,23;9;594;DÇfaut
CLI01015;Margaud du Lambert;Homme;26;Daloa;Education;345458;2294712;18;14,63;Non;2024-09-15;1,15;0;781;SoldÇ
CLI01016;Christine Foucher;Femme;50;BouakÇ;Agriculture;1119771;3707953;36;23,93;Non;2025-12-23;1,11;0;782;SoldÇ
CLI01017;Benjamin-Bertrand Martinez;Femme;46;San Pedro;Transport;295785;4945996;36;11,23;Non;2023-05-15;0,97;0;654;Actif
CLI01018;Claude Schneider;Femme;59;Yamoussoukro;SantÇ;649741;2723857;36;7,15;Non;2023-08-08;0,52;2;678;En retard
CLI01019;Eugäne Salmon;Homme;49;San Pedro;Commerce;430746;333199;36;10,06;Non;2022-10-01;0,55;5;626;En retard
CLI01020;êdouard Duval-Loiseau;Homme;32;BouakÇ;Immobilier;756711;3651957;12;12,15;Non;2026-03-21;0,18;11;536;DÇfaut
CLI01021;Louise-Lorraine Delaunay;Homme;21;Korhogo;Commerce;748129;141444;18;9,28;Oui;2024-05-09;0,72;3;734;En retard
CLI01022;Madeleine Lucas;Femme;39;Korhogo;SantÇ;524963;4472997;12;7,06;Oui;2024-07-21;0,41;15;384;DÇfaut
CLI01023;Lorraine de la Lamy;Femme;64;Abidjan;Immobilier;992692;2715759;18;8,96;Non;2025-01-04;0,15;13;511;DÇfaut
CLI01024;Nath VallÇe;Femme;28;Korhogo;Commerce;340241;3848236;12;17,03;Oui;2023-07-21;0,75;0;781;Actif
CLI01025;Charlotte Antoine;Femme;22;Korhogo;Education;89745;3923623;18;7,62;Oui;2024-02-21;1,16;0;738;SoldÇ
CLI01026;Inäs Normand de la Hebert;Homme;42;Yamoussoukro;Immobilier;114125;632623;24;6,9;Non;2024-09-23;0,98;0;722;Actif
CLI01027;êdouard Grenier;Femme;46;San Pedro;SantÇ;247283;4717842;18;14,88;Non;2025-03-21;0,15;10;479;DÇfaut
CLI01028;Jacques-Franáois Rey;Homme;44;Daloa;SantÇ;295468;295687;12;5,96;Non;2021-10-07;0,11;7;591;DÇfaut
CLI01029;Christophe Diallo;Femme;35;Daloa;Commerce;436917;788337;12;19,48;Oui;2024-04-20;0,99;0;760;Actif
CLI01030;Marcelle Leclerc;Femme;23;Yamoussoukro;SantÇ;312371;452681;18;6,5;Non;2022-08-25;0,46;5;585;En retard
CLI01031;Noâl Bonnin;Homme;29;Daloa;Transport;1046144;1055806;12;11,39;Non;2021-07-31;0,26;15;483;DÇfaut
CLI01032;Zacharie Delorme;Homme;54;Daloa;Transport;1186434;2067656;36;14,56;Non;2022-11-26;0,64;3;671;En retard
CLI01033;Jacqueline Joseph;Homme;26;Daloa;SantÇ;633253;2534992;6;12,06;Oui;2022-12-21;1,02;0;753;SoldÇ
CLI01034;Christophe-Laurent LÇvy;Homme;65;San Pedro;Agriculture;243612;680356;24;6,21;Non;2024-03-10;0,11;9;563;DÇfaut
CLI01035;êdith Girard;Femme;27;Daloa;Transport;793975;1800379;36;20,23;Non;2025-06-09;0,67;3;682;En retard
CLI01036;AimÇe Alves de Duval;Homme;53;San Pedro;Agriculture;301586;1141026;12;23,33;Oui;2023-08-13;0,52;4;701;En retard
CLI01037;Zacharie Faure;Homme;38;San Pedro;Commerce;967292;1427378;18;24,03;Oui;2023-11-21;0,73;1;713;En retard
CLI01038;Claudine Leconte;Homme;36;Yamoussoukro;Immobilier;114787;3915863;12;10,34;Non;2021-11-21;0,62;5;513;En retard
CLI01039;Suzanne Bouvier;Homme;56;Abidjan;Transport;256300;3023147;24;9,24;Non;2022-08-07;0,54;4;624;En retard
CLI01040;Lucas Samson-Lejeune;Femme;44;San Pedro;Agriculture;285128;462169;24;19,64;Oui;2022-03-04;0,56;3;705;En retard
CLI01041;Robert du Chauvet;Femme;54;BouakÇ;Commerce;1115188;4400486;24;7,18;Oui;2021-09-23;0,15;9;654;DÇfaut
CLI01042;Charles-Jules Riviäre;Homme;23;San Pedro;Transport;638216;2052923;6;15,64;Non;2024-09-27;0,4;15;424;DÇfaut
CLI01043;Monique Payet;Homme;35;Daloa;Commerce;642596;4203800;12;8,42;Non;2021-09-16;0,32;10;565;DÇfaut
CLI01044;AndrÇe Sanchez Le Lambert;Homme;32;Yamoussoukro;SantÇ;1135371;4049338;18;22,05;Oui;2022-01-03;0,86;0;771;Actif
CLI01045;Benoåt Pruvost;Homme;31;Yamoussoukro;Commerce;472889;2836320;24;7,84;Non;2024-05-11;0,11;13;452;DÇfaut
CLI01046;ClÇmence Joubert;Homme;37;San Pedro;Agriculture;241432;1482146;6;16,88;Oui;2026-01-04;1,17;0;744;SoldÇ
CLI01047;êmile de la Gilles;Femme;28;BouakÇ;Commerce;174742;195884;36;18,6;Oui;2022-03-18;0,42;9;561;DÇfaut
CLI01048;Philippe Julien;Homme;40;Daloa;Transport;783966;3846821;24;19,7;Non;2025-01-21;1,19;0;676;SoldÇ
CLI01049;êlodie ClÇment;Femme;44;Abidjan;Immobilier;1042070;163758;18;11,02;Non;2021-10-26;0,47;5;761;En retard
CLI01050;Anaãs Guillot;Homme;30;Yamoussoukro;Agriculture;940501;1897637;12;12,14;Non;2023-05-29;0,13;15;530;DÇfaut
CLI01051;Yves Buisson;Homme;33;Korhogo;Agriculture;872258;955396;18;22,54;Non;2023-06-26;0,85;0;752;Actif
CLI01052;Nicolas Mary;Femme;64;Yamoussoukro;Agriculture;811581;2828270;24;16,78;Non;2023-11-11;1,14;0;768;SoldÇ
CLI01053;HÇläne Maury-Bazin;Homme;58;Yamoussoukro;Commerce;1170682;2929594;36;7,46;Non;2025-12-29;0,97;0;807;Actif
CLI01054;Pauline Nicolas de Martinez;Homme;52;Yamoussoukro;Transport;388556;3961754;12;15,46;Oui;2024-09-27;0,42;14;429;DÇfaut
CLI01055;ThÇophile Bonnet;Femme;25;Abidjan;Transport;698086;180798;24;5,82;Oui;2024-05-06;0,41;15;445;DÇfaut
CLI01056;Alfred Ledoux-Laurent;Femme;21;Abidjan;SantÇ;982452;3004933;6;6;Oui;2025-07-04;0,25;10;541;DÇfaut
CLI01057;ZoÇ Colas;Femme;30;Yamoussoukro;Agriculture;492567;3674304;36;23,37;Non;2023-10-05;0,42;6;591;DÇfaut
CLI01058;StÇphanie Benard;Femme;48;Korhogo;Transport;917001;873247;18;23,4;Oui;2023-06-16;0,76;0;829;Actif
CLI01059;Georges Le Humbert;Femme;58;Abidjan;Immobilier;371873;1723583;18;7,71;Non;2023-07-18;0,71;3;681;En retard
CLI01060;HÇläne Fabre;Femme;55;San Pedro;Immobilier;464559;3203830;24;6,92;Non;2025-10-13;0,68;3;639;En retard
CLI01061;TimothÇe Regnier;Femme;50;BouakÇ;Education;961864;3491498;24;5,55;Oui;2024-07-09;0,71;4;712;En retard
CLI01062;Suzanne Auger;Femme;36;Abidjan;Transport;1154175;3179883;12;17,42;Non;2025-05-22;1,09;0;669;SoldÇ
CLI01063;William VallÇe;Homme;46;Daloa;Commerce;92484;3932313;36;14,2;Non;2022-10-20;0,16;6;595;DÇfaut
CLI01064;GrÇgoire du Garnier;Femme;59;Daloa;Education;284260;2487535;36;14,63;Oui;2021-08-28;0,46;1;613;En retard
CLI01065;Aurore Pascal;Homme;65;BouakÇ;SantÇ;510051;4380736;12;16,24;Oui;2023-02-06;1,16;0;692;SoldÇ
CLI01066;Jean Diaz;Homme;40;BouakÇ;Education;731985;104113;24;17,47;Oui;2023-06-19;0,32;7;587;DÇfaut
CLI01067;Jean Aubert;Homme;54;San Pedro;Commerce;283137;2123714;12;7,07;Non;2021-05-24;0,13;14;375;DÇfaut
CLI01068;Bernard Chauveau;Homme;40;Korhogo;SantÇ;928418;4107733;12;21,41;Non;2023-05-07;1,03;0;798;SoldÇ
CLI01069;Franáois de LÇvy;Femme;63;Korhogo;SantÇ;338361;3676845;12;17,72;Oui;2024-03-07;0,3;9;498;DÇfaut
CLI01070;Joseph de Monnier;Homme;51;Yamoussoukro;SantÇ;1087611;2482999;18;18,35;Non;2025-07-09;1,16;0;797;SoldÇ
CLI01071;Robert-Jacques Meyer;Femme;46;San Pedro;Commerce;889124;950398;24;13,34;Non;2021-05-28;0,57;1;757;En retard
CLI01072;Gabriel du GrÇgoire;Femme;21;BouakÇ;Transport;714937;335913;36;13,89;Non;2024-08-03;1,1;0;787;SoldÇ
CLI01073;Colette Cordier;Femme;38;Yamoussoukro;SantÇ;99126;1378038;18;15,01;Oui;2021-08-22;1,05;0;699;SoldÇ
CLI01074;Josette Lemaåtre;Femme;53;San Pedro;SantÇ;211629;1513785;12;12,04;Non;2025-03-08;0,89;0;654;Actif
CLI01075;Alain de Blin;Homme;38;San Pedro;Education;715290;3354513;6;23,32;Non;2023-04-09;0,81;0;777;Actif
CLI01076;Monique du Masse;Homme;57;Korhogo;Education;1143214;4457659;18;7,59;Non;2025-01-04;0,46;5;649;En retard
CLI01077;Nicolas Roche;Femme;25;Daloa;Transport;174223;297647;12;9,63;Non;2022-01-11;0,83;0;652;Actif
CLI01078;Margaret-DorothÇe Andre;Femme;35;Abidjan;Education;576222;934426;12;19,56;Oui;2025-05-26;0,52;4;651;En retard
CLI01079;Guy Besnard;Femme;28;BouakÇ;Immobilier;158471;661375;24;20,27;Oui;2024-09-15;0,77;0;769;Actif
CLI01080;Marcelle Franáois;Homme;65;Yamoussoukro;Transport;1022690;3217781;12;24,78;Oui;2024-05-09;0,73;2;764;En retard
CLI01081;Hortense Lebrun;Femme;64;Abidjan;Education;679972;1941602;12;19,84;Oui;2023-06-26;0,58;5;634;En retard
CLI01082;Anouk Bonnet;Homme;61;San Pedro;Education;281758;1757414;6;21,2;Non;2021-10-13;1,08;0;696;SoldÇ
CLI01083;Michelle VallÇe;Homme;42;Yamoussoukro;Education;468611;4480481;24;8,8;Non;2024-06-02;0,33;13;429;DÇfaut
CLI01084;Matthieu Pottier;Homme;25;Abidjan;Commerce;1000394;3636228;24;22,48;Non;2023-05-11;0,73;2;806;En retard
CLI01085;CÇlina de la Lopez;Femme;35;Yamoussoukro;Transport;187959;4584361;18;5,45;Non;2026-03-07;1;0;688;SoldÇ
CLI01086;Alexandria Bernier;Femme;25;San Pedro;Education;411062;2466497;6;15,69;Non;2021-05-26;0,37;14;453;DÇfaut
CLI01087;Marine Gomes de Grondin;Homme;55;Abidjan;Immobilier;312520;4938650;24;23,74;Oui;2024-08-14;1,18;0;723;SoldÇ
CLI01088;êtienne-Luc Guillon;Femme;37;BouakÇ;Transport;500502;2856335;6;7,79;Oui;2026-01-01;0,7;3;671;En retard
CLI01089;LÇon Vincent-Lenoir;Homme;57;Korhogo;Transport;154159;2951162;6;24;Oui;2024-08-23;0,76;0;675;Actif
CLI01090;William Valette;Homme;38;San Pedro;Immobilier;167537;922928;6;14,93;Non;2025-06-21;0,35;11;479;DÇfaut
CLI01091;AndrÇ Perrier;Homme;22;Korhogo;Transport;196091;271071;12;15,68;Oui;2025-10-25;1,05;0;714;SoldÇ
CLI01092;Raymond Dufour;Homme;45;Abidjan;Education;871104;1100567;24;19,03;Non;2023-04-24;0,7;1;754;En retard
CLI01093;Adrienne-Inäs Maurice;Femme;43;BouakÇ;Transport;486104;2928346;24;23,36;Oui;2025-03-05;0,36;7;608;DÇfaut
CLI01094;Franck de Rey;Homme;21;Yamoussoukro;Immobilier;604125;527174;6;6,13;Oui;2025-04-17;0,58;3;697;En retard
CLI01095;Aurore Bousquet;Homme;39;Yamoussoukro;Education;352034;3387144;24;18,15;Oui;2022-07-10;0,82;0;730;Actif
CLI01096;Margaux Briand;Homme;52;Daloa;Agriculture;828595;1897903;24;19,26;Non;2022-09-15;1,14;0;760;SoldÇ
CLI01097;GrÇgoire Roger;Femme;41;Yamoussoukro;Commerce;1135801;925587;6;11,93;Non;2024-03-04;0,55;5;707;En retard
CLI01098;Louis-Bertrand Devaux;Homme;29;Abidjan;Agriculture;1172605;1983875;18;19,84;Oui;2024-03-20;0,33;11;497;DÇfaut
CLI01099;Benjamin Fontaine de la Lecomte;Femme;62;Yamoussoukro;Commerce;1031609;1008303;6;14,98;Non;2023-10-19;0,14;10;629;DÇfaut
CLI01100;Claudine Mallet;Homme;38;BouakÇ;Transport;885172;4205359;6;22,26;Oui;2025-07-11;0,52;1;740;En retard
CLI01101;Marine Boyer;Homme;63;Korhogo;Immobilier;984050;4516866;6;18,21;Oui;2021-06-29;0,13;11;573;DÇfaut
CLI01102;Monique du Pereira;Femme;58;Daloa;SantÇ;534125;279387;18;19,52;Non;2026-02-18;0,78;0;634;Actif
CLI01103;êmile Martins;Homme;27;BouakÇ;Transport;893926;2461040;36;14,27;Non;2022-06-27;0,73;5;748;En retard
CLI01104;RenÇ-Tristan Dubois;Femme;36;BouakÇ;Education;356557;177367;18;20,99;Oui;2021-06-06;1,15;0;728;SoldÇ
CLI01105;Roland de la Pelletier;Femme;42;Abidjan;Immobilier;907538;373852;36;10,49;Oui;2021-07-09;0,4;10;631;DÇfaut
CLI01106;Noâl Turpin;Femme;37;San Pedro;SantÇ;454938;3772937;24;5,35;Non;2022-11-12;0,11;6;546;DÇfaut
CLI01107;Auguste Marion;Homme;47;Abidjan;Transport;202861;4911788;6;10,53;Non;2024-03-25;0,77;0;695;Actif
CLI01108;Olivie Lacombe;Homme;37;Korhogo;SantÇ;659116;2227186;24;7,54;Oui;2022-04-30;0,79;0;701;Actif
CLI01109;Isaac Joseph;Homme;35;Abidjan;Education;320011;372976;12;18,69;Non;2022-10-09;1,05;0;703;SoldÇ
CLI01110;Nicolas Lebrun;Homme;24;Korhogo;SantÇ;623277;2209605;6;18,57;Non;2023-10-11;1,04;0;816;SoldÇ
CLI01111;Yves Hubert;Homme;59;BouakÇ;Agriculture;572194;2983744;6;6,55;Oui;2024-03-14;0,59;5;619;En retard
CLI01112;Paulette Normand de Rodrigues;Femme;57;Abidjan;Immobilier;858797;3539406;6;17,84;Oui;2025-03-25;1,06;0;759;SoldÇ
CLI01113;Nath Legendre;Femme;42;Yamoussoukro;Commerce;935926;3193342;24;23,85;Oui;2021-12-30;0,42;6;676;DÇfaut
CLI01114;TimothÇe Guyot;Femme;30;BouakÇ;Transport;133551;941139;36;9,23;Non;2025-10-20;0,44;14;443;DÇfaut
CLI01115;Louise GÇrard;Homme;63;Korhogo;Education;394729;3246811;6;24,1;Oui;2025-08-24;1,15;0;713;SoldÇ
CLI01116;Matthieu Camus;Femme;55;Yamoussoukro;Immobilier;334263;4477141;6;17,14;Non;2024-02-04;0,83;0;703;Actif
CLI01117;Jeanne Carpentier;Homme;57;BouakÇ;Transport;694602;2097063;18;9,86;Non;2023-05-08;0,94;0;844;Actif
CLI01118;Bernard Rousset-Pascal;Femme;28;Yamoussoukro;SantÇ;585511;3782993;24;12,24;Oui;2025-10-22;0,49;5;618;En retard
CLI01119;William Raynaud;Femme;59;Korhogo;Agriculture;563078;3816216;24;9,6;Oui;2025-01-07;1,01;0;726;SoldÇ
CLI01120;Constance Le RÇmy;Femme;64;Korhogo;Agriculture;369700;2233378;18;11,83;Non;2023-09-01;0,23;12;516;DÇfaut
CLI01121;Vincent Voisin;Femme;61;Daloa;Commerce;495454;1559242;24;5,31;Non;2024-08-19;0,23;10;578;DÇfaut
CLI01122;Victor Nguyen;Homme;23;San Pedro;Immobilier;984753;250751;12;24,8;Non;2022-07-25;0,25;14;563;DÇfaut
CLI01123;Dominique Renaud;Homme;46;Korhogo;Education;586325;2511149;6;11,74;Non;2025-11-24;1,01;0;759;SoldÇ
CLI01124;Claire Dupont;Homme;23;Yamoussoukro;Transport;234670;3027600;24;23,21;Non;2024-07-25;0,79;0;647;Actif
CLI01125;Brigitte Reynaud;Homme;32;Daloa;SantÇ;1148234;752877;12;22,91;Non;2023-11-29;0,75;0;850;Actif
CLI01126;Olivier Le Gall-Guyon;Femme;45;BouakÇ;Immobilier;752004;3729134;12;15,17;Oui;2023-08-03;0,75;0;692;Actif
CLI01127;Patrick Lefävre;Femme;42;Yamoussoukro;Transport;181267;4782276;36;22,95;Non;2024-08-29;0,74;4;602;En retard
CLI01128;Denis Ferrand;Femme;32;Abidjan;Immobilier;380304;401771;12;13,61;Non;2026-02-01;0,41;15;403;DÇfaut
CLI01129;Hugues RÇmy;Femme;31;Yamoussoukro;Education;328619;2464603;18;14,73;Non;2025-08-05;0,35;8;545;DÇfaut
CLI01130;PÇnÇlope du Masse;Homme;35;Abidjan;Education;664326;1232819;6;9,14;Oui;2023-01-29;1,02;0;767;SoldÇ
CLI01131;Daniel Le Lemaåtre;Homme;55;Korhogo;Transport;489222;105910;24;21,65;Non;2026-03-30;0,13;9;580;DÇfaut
CLI01132;Constance Michaud du Philippe;Femme;54;San Pedro;Transport;344615;3857164;18;23,36;Oui;2021-09-28;0,89;0;712;Actif
CLI01133;Roger Franáois;Femme;37;Daloa;Agriculture;262166;1197712;18;19,63;Oui;2024-06-11;0,23;11;558;DÇfaut
CLI01134;Agnäs-Camille Blanchard;Homme;41;Daloa;SantÇ;408680;4303529;18;10,52;Oui;2024-08-16;0,79;0;715;Actif
CLI01135;Bertrand-JÇrìme Loiseau;Femme;23;Daloa;SantÇ;988858;892541;36;11,35;Oui;2023-07-06;1,03;0;780;SoldÇ
CLI01136;Susanne Wagner;Homme;36;San Pedro;Agriculture;367046;4968604;24;22,44;Non;2026-02-25;0,34;9;545;DÇfaut
CLI01137;Gabriel Le Gallet;Femme;32;Abidjan;Transport;1121710;2420617;12;8,97;Oui;2024-04-10;1,06;0;835;SoldÇ
CLI01138;Roland Gonzalez-Chauvin;Homme;52;Daloa;Immobilier;517354;1544137;6;13,36;Oui;2025-10-29;0,39;12;447;DÇfaut
CLI01139;Michel Petitjean;Femme;54;Daloa;Transport;457622;2567426;12;22,5;Non;2026-04-12;0,83;0;743;Actif
CLI01140;AndrÇ de la Jacquot;Femme;55;San Pedro;Transport;1088644;2528139;6;9,38;Non;2025-05-30;1,16;0;811;SoldÇ
CLI01141;TimothÇe Roussel;Femme;36;Daloa;Transport;971007;1021561;12;14,29;Non;2022-04-06;0,45;1;754;En retard
CLI01142;Thomas Legendre;Homme;51;Abidjan;Education;1105873;3506130;12;5,58;Non;2022-02-04;0,39;9;650;DÇfaut
CLI01143;Denise Le Schmitt;Femme;37;Yamoussoukro;Transport;746093;3499639;24;21,18;Oui;2022-12-12;0,57;3;673;En retard
CLI01144;Sabine Hebert;Homme;42;Daloa;Commerce;175689;2637974;24;13,2;Oui;2021-11-17;0,73;2;656;En retard
CLI01145;RenÇe Lefort;Femme;29;Korhogo;Commerce;121775;227148;24;6,81;Non;2023-07-11;0,88;0;702;Actif
CLI01146;OcÇane Tanguy;Homme;54;Daloa;Agriculture;521373;3087496;36;8,97;Non;2021-08-12;0,27;14;441;DÇfaut
CLI01147;Emmanuelle Weber de Albert;Femme;31;Abidjan;Commerce;864083;2830841;24;9,31;Oui;2025-01-13;0,91;0;714;Actif
CLI01148;RenÇ Chevallier;Homme;53;Abidjan;Immobilier;914535;4117635;6;8,14;Oui;2022-11-01;0,43;9;512;DÇfaut
CLI01149;Anouk Le Rossi;Homme;45;Abidjan;Commerce;920435;1150528;18;22,24;Non;2023-10-16;0,18;14;564;DÇfaut
CLI01150;AmÇlie-Claude Duhamel;Homme;27;Korhogo;SantÇ;900246;1679772;36;22,19;Non;2025-11-12;0,96;0;739;Actif
CLI01151;Lucas Dupuy;Homme;40;San Pedro;Immobilier;654723;3899579;12;6,99;Non;2025-11-02;1,17;0;686;SoldÇ
CLI01152;Pierre de la Lejeune;Femme;26;San Pedro;Commerce;546098;3458549;36;10,57;Oui;2025-10-30;0,41;14;353;DÇfaut
CLI01153;Geneviäve Mendäs;Femme;46;BouakÇ;Transport;861687;4635057;6;14,05;Non;2024-08-25;0,74;1;694;En retard
CLI01154;ThÇophile ClÇment;Femme;51;Abidjan;Education;308481;2655584;18;7,88;Oui;2021-12-07;0,79;0;651;Actif
CLI01155;Jules Charles;Homme;34;Korhogo;SantÇ;1107209;2146892;6;7,83;Non;2025-04-13;0,78;0;850;Actif
CLI01156;Gabriel Costa;Homme;24;Yamoussoukro;SantÇ;1114772;2164129;24;11,23;Oui;2024-03-29;0,47;2;790;En retard
CLI01157;Xavier Breton;Femme;21;Yamoussoukro;Transport;642340;1805099;36;20,89;Oui;2023-05-20;0,7;3;658;En retard
CLI01158;êmilie Paris;Femme;53;Korhogo;SantÇ;250780;931171;24;18,99;Oui;2022-04-28;0,51;1;785;En retard
CLI01159;Martine-Chantal Laroche;Homme;31;BouakÇ;SantÇ;493909;3720865;6;5,78;Non;2023-03-18;0,57;2;711;En retard
CLI01160;Sophie Rodrigues;Femme;46;Korhogo;Immobilier;99416;2539328;6;13,71;Non;2025-12-12;0,42;10;471;DÇfaut
CLI01161;FrÇdÇrique-Jacqueline Maillard;Homme;30;Korhogo;Education;688586;4439349;12;21,06;Non;2023-03-09;1,15;0;624;SoldÇ
CLI01162;Isabelle Le Gall;Femme;51;BouakÇ;Education;1050730;1816784;18;23,54;Oui;2022-12-14;0,89;0;850;Actif
CLI01163;Corinne Le Michel;Femme;21;Daloa;Agriculture;746240;3542202;12;8,01;Non;2022-06-29;0,17;6;563;DÇfaut
CLI01164;AdÇlaãde-Olivie Lemonnier;Homme;65;Abidjan;Immobilier;276813;4560818;24;11,62;Oui;2024-12-31;0,17;13;356;DÇfaut
CLI01165;êlise du Lombard;Homme;43;Korhogo;SantÇ;109631;1665987;18;10,68;Non;2022-10-18;1,1;0;735;SoldÇ
CLI01166;Vincent Bertrand;Femme;44;Korhogo;Agriculture;925715;2186992;36;15,82;Oui;2026-04-02;0,83;0;850;Actif
CLI01167;Gabriel-Vincent Dijoux;Homme;34;Yamoussoukro;Education;667172;1545900;18;16,27;Non;2025-01-13;0,24;14;526;DÇfaut
CLI01168;SÇbastien Parent;Femme;60;Korhogo;Agriculture;1072806;1805791;12;5,05;Oui;2025-09-11;0,36;9;631;DÇfaut
CLI01169;Constance ChrÇtien;Homme;31;Korhogo;Transport;1077120;52070;18;6,56;Oui;2023-12-20;1,17;0;830;SoldÇ
CLI01170;ThÇodore Morin;Femme;63;San Pedro;Transport;1069203;2793824;18;15,01;Non;2025-06-26;0,23;14;533;DÇfaut
CLI01171;Augustin Lecoq de Julien;Femme;43;BouakÇ;SantÇ;733811;4428733;18;15,61;Oui;2024-09-07;1,07;0;759;SoldÇ
CLI01172;Christophe du Berger;Femme;30;Korhogo;Transport;996965;4751696;24;14,8;Oui;2022-10-24;0,97;0;763;Actif
CLI01173;Suzanne Jacquot;Femme;32;Korhogo;Education;133048;3117606;24;20,41;Oui;2023-12-02;0,48;4;606;En retard
CLI01174;Capucine Lebon-Toussaint;Homme;45;Korhogo;Immobilier;864766;1551607;6;8,92;Oui;2025-02-19;0,5;2;728;En retard
CLI01175;Jeanne Carpentier du Alexandre;Femme;27;Daloa;Immobilier;853571;2178695;36;23,43;Oui;2023-04-29;0,77;0;733;Actif
CLI01176;Henri Deschamps;Femme;46;Daloa;Transport;172101;2172636;18;17,51;Oui;2026-02-24;1,17;0;684;SoldÇ
CLI01177;GrÇgoire Gaillard;Femme;52;Daloa;SantÇ;444424;4021573;36;21,15;Oui;2026-01-20;0,14;6;516;DÇfaut
CLI01178;Adäle VallÇe;Homme;29;Yamoussoukro;Commerce;253695;3569629;6;6,12;Oui;2023-11-27;0,8;0;685;Actif
CLI01179;Georges Leclerc;Femme;33;Korhogo;Commerce;114968;2840596;18;22,95;Non;2022-01-20;0,29;15;343;DÇfaut
CLI01180;Gilles Ferrand;Femme;47;BouakÇ;Transport;208940;594881;12;21,5;Oui;2025-10-14;0,65;3;610;En retard
CLI01181;RÇmy Roche;Homme;38;Yamoussoukro;Immobilier;496669;4290154;24;8,46;Oui;2025-06-26;0,92;0;713;Actif
CLI01182;Patrick Blanchard;Femme;28;Abidjan;Commerce;796077;3961207;36;21,72;Oui;2024-04-13;0,19;13;535;DÇfaut
CLI01183;Louise Gaudin-Bruneau;Homme;26;BouakÇ;SantÇ;469354;2713393;36;17,53;Oui;2025-04-04;0,12;8;596;DÇfaut
CLI01184;êric Tanguy;Femme;50;Daloa;SantÇ;250445;2119739;18;21,75;Oui;2023-11-01;0,81;0;641;Actif
CLI01185;Laure Richard;Homme;40;BouakÇ;Agriculture;191852;3231886;18;8,56;Non;2023-07-23;0,25;11;427;DÇfaut
CLI01186;Robert de Garcia;Femme;33;Korhogo;Immobilier;451430;2524071;18;18,95;Non;2022-11-25;0,39;13;497;DÇfaut
CLI01187;Nicole Leconte;Femme;62;BouakÇ;Education;1176900;3822131;12;5,73;Non;2022-08-27;1,02;0;740;SoldÇ
CLI01188;Noâl ChrÇtien;Homme;65;Abidjan;Education;989856;2960188;18;9,15;Non;2024-11-17;0,87;0;760;Actif
CLI01189;Sylvie de la Ferreira;Homme;37;BouakÇ;Transport;537713;3973252;18;5,63;Non;2021-08-28;0,23;8;576;DÇfaut
CLI01190;Laurent Le Paul;Femme;44;BouakÇ;Transport;872535;4985779;6;11,45;Oui;2025-05-08;0,22;11;478;DÇfaut
CLI01191;Aurore Gonzalez;Femme;42;Abidjan;Transport;786052;890603;12;23,26;Oui;2026-02-17;0,44;13;513;DÇfaut
CLI01192;Geneviäve Gonzalez du Fabre;Femme;58;San Pedro;SantÇ;992195;3399852;24;21,68;Non;2026-04-15;0,38;11;491;DÇfaut
CLI01193;Daniel-Julien Olivier;Femme;40;Korhogo;Commerce;164156;2015476;36;7,16;Non;2025-11-08;0,57;3;612;En retard
CLI01194;Marine Chauvin;Homme;53;Korhogo;Agriculture;428934;2571470;36;24,3;Oui;2022-06-26;1,14;0;729;SoldÇ
CLI01195;êlÇonore Laurent;Homme;63;San Pedro;Transport;778660;501307;6;11,19;Non;2026-03-08;0,94;0;709;Actif
CLI01196;Aurore VallÇe;Homme;50;BouakÇ;Agriculture;81768;1287244;12;22,66;Oui;2022-03-31;0,43;7;572;DÇfaut
CLI01197;êdouard Lacombe;Femme;26;Yamoussoukro;Commerce;593241;1343002;36;21,91;Oui;2024-07-15;0,51;4;665;En retard
CLI01198;Charles de Bernier;Femme;56;Abidjan;Transport;906377;1832511;24;18,37;Oui;2025-08-25;1,01;0;794;SoldÇ
CLI01199;ThÇodore Coste;Homme;41;Korhogo;Transport;360024;3404466;18;22,96;Non;2024-07-26;1;0;710;SoldÇ
CLI01200;Claire Potier;Homme;43;Yamoussoukro;Immobilier;1104058;4969322;6;9,43;Oui;2023-11-02;0,77;0;815;Actif
CLI01201;Franck GrÇgoire;Femme;53;BouakÇ;Immobilier;83337;3390182;6;17,91;Oui;2025-04-09;0,25;9;499;DÇfaut
CLI01202;Thibault Le Pichon;Femme;26;Abidjan;Immobilier;792164;3271783;12;13,51;Non;2023-02-13;0,41;12;489;DÇfaut
CLI01203;Paul Marin;Femme;32;Daloa;SantÇ;422974;3390479;36;21,68;Non;2025-06-27;0,61;1;693;En retard
CLI01204;Lucas Pascal;Homme;62;Abidjan;Transport;928242;152546;12;11,38;Non;2024-01-28;0,73;4;733;En retard
CLI01205;Lucas Launay;Femme;48;Korhogo;Immobilier;194318;2591366;24;10,17;Non;2025-08-27;0,8;0;695;Actif
CLI01206;Margot Charpentier;Femme;42;BouakÇ;Commerce;845170;986773;12;24,61;Oui;2021-10-05;0,68;4;696;En retard
CLI01207;Laurence Bertin;Femme;58;San Pedro;Commerce;620722;1707698;36;21,26;Non;2026-05-11;0,9;0;716;Actif
CLI01208;Paul Fernandez;Femme;39;Yamoussoukro;Transport;163559;1069647;24;14,21;Non;2024-06-02;0,16;15;379;DÇfaut
CLI01209;GrÇgoire Bonnin;Femme;64;San Pedro;Immobilier;701059;247386;36;10,34;Oui;2021-11-06;0,42;12;471;DÇfaut
CLI01210;Michelle Salmon;Femme;61;BouakÇ;Commerce;154690;986867;18;19,64;Oui;2025-09-10;0,68;4;695;En retard
CLI01211;Alfred Renault;Homme;29;Daloa;Education;383341;4189361;24;22,85;Oui;2023-04-03;0,48;4;566;En retard
CLI01212;Laurent Carlier;Femme;23;San Pedro;Education;240507;2789622;18;5,77;Oui;2022-12-14;0,77;0;668;Actif
CLI01213;Brigitte Marin-Coulon;Homme;42;Daloa;SantÇ;713310;3594437;24;5,45;Non;2026-03-12;1,15;0;706;SoldÇ
CLI01214;Jeanne Arnaud;Homme;48;Daloa;Commerce;324161;1657623;36;10,22;Oui;2021-12-28;0,43;14;471;DÇfaut
CLI01215;Caroline êtienne;Femme;57;Yamoussoukro;Education;1071781;1855306;24;10,5;Oui;2024-06-22;0,86;0;776;Actif
CLI01216;Louise Humbert;Homme;59;Daloa;Agriculture;916072;1570522;18;10,45;Non;2023-09-15;0,55;1;805;En retard
CLI01217;Lucas Vaillant;Femme;38;Abidjan;Education;1049809;2718914;6;9,43;Oui;2022-05-17;0,12;11;530;DÇfaut
CLI01218;êlÇonore Dufour;Femme;59;Korhogo;Commerce;1046040;4981781;24;17,7;Non;2023-03-10;0,46;4;685;En retard
CLI01219;AndrÇe Benoit;Femme;42;BouakÇ;Education;750339;2955531;24;8,04;Non;2023-05-20;1,04;0;712;SoldÇ
CLI01220;Philippe-Roger Charrier;Homme;64;Daloa;Transport;898017;2194904;24;5,65;Oui;2021-12-23;1,04;0;850;SoldÇ
CLI01221;Joseph Poulain;Femme;26;Daloa;Transport;515266;4492537;18;11,08;Non;2024-11-04;0,93;0;659;Actif
CLI01222;TimothÇe Fabre-Chartier;Homme;30;Yamoussoukro;Education;429667;2999655;36;13,63;Oui;2023-04-20;1,2;0;725;SoldÇ
CLI01223;Virginie Ramos;Femme;36;Abidjan;Transport;867028;4559654;12;12,57;Oui;2023-10-31;1,14;0;766;SoldÇ
CLI01224;Virginie Chevalier;Homme;34;Yamoussoukro;Agriculture;312013;4837756;18;8,57;Non;2023-04-30;0,28;12;459;DÇfaut
CLI01225;Franck Aubry;Femme;59;Korhogo;Education;664853;2729350;18;17,61;Non;2022-07-15;0,83;0;731;Actif
CLI01226;Luc Le Michel;Femme;35;BouakÇ;Transport;927178;4200961;24;10,73;Oui;2026-02-11;1,12;0;745;SoldÇ
CLI01227;Adrien Grondin;Femme;21;San Pedro;Education;1197080;2852255;24;18,12;Oui;2025-04-13;0,85;0;792;Actif
CLI01228;Odette Vidal;Femme;47;Korhogo;Education;940448;1634397;6;17,38;Oui;2023-01-19;0,25;15;471;DÇfaut
CLI01229;ValÇrie Colin du Denis;Femme;22;Abidjan;SantÇ;761616;2146655;12;16,39;Non;2022-07-22;0,62;1;773;En retard
CLI01230;Julie Thibault;Femme;56;BouakÇ;Transport;1152348;1669266;12;14,16;Oui;2023-05-20;0,9;0;850;Actif
CLI01231;Alain Turpin du Grondin;Homme;41;BouakÇ;SantÇ;358187;2507710;6;22,89;Non;2023-06-17;0,33;13;428;DÇfaut
CLI01232;JÇrìme GrÇgoire-Gomez;Femme;36;BouakÇ;Agriculture;450939;3920555;36;17,83;Non;2021-08-17;0,98;0;651;Actif
CLI01233;Marthe Louis;Femme;25;Abidjan;Transport;94435;321141;24;22,34;Non;2025-09-01;1,2;0;702;SoldÇ
CLI01234;Benjamin Lefort;Femme;55;Yamoussoukro;Transport;333717;4530949;6;13,77;Oui;2021-06-14;1,01;0;791;SoldÇ
CLI01235;Emmanuelle Becker-Pages;Homme;44;Korhogo;Commerce;917664;4341273;24;13,57;Non;2025-02-25;0,24;8;556;DÇfaut
CLI01236;Antoine Simon;Homme;44;Yamoussoukro;Commerce;945899;2900739;12;23,26;Oui;2022-01-09;0,98;0;831;Actif
CLI01237;Luc Traore;Femme;62;Yamoussoukro;SantÇ;235335;3894012;24;20,05;Non;2025-02-07;0,93;0;751;Actif
CLI01238;GÇrard Fouquet;Femme;42;Korhogo;Immobilier;1024507;2213604;36;10,51;Oui;2023-05-05;0,14;8;598;DÇfaut
CLI01239;Thibaut Blanchet;Homme;35;San Pedro;SantÇ;857731;4777311;18;19,28;Non;2021-09-04;0,44;8;600;DÇfaut
CLI01240;Thibault DuprÇ-PrÇvost;Femme;64;Daloa;Agriculture;698407;1345547;12;7,93;Non;2024-08-21;0,42;12;581;DÇfaut
CLI01241;AurÇlie Fouquet;Homme;34;San Pedro;Education;715345;1294562;36;5,24;Non;2024-07-18;0,5;5;643;En retard
CLI01242;Monique Barbe;Homme;43;Korhogo;Transport;406897;4975248;36;11,29;Oui;2022-12-28;0,51;4;602;En retard
CLI01243;Alain-Franck Bailly;Homme;51;Yamoussoukro;Education;876650;169391;6;11,85;Oui;2024-09-01;0,44;9;582;DÇfaut
CLI01244;Claudine Imbert-Pierre;Homme;62;Daloa;Education;493017;3040551;24;14,19;Oui;2021-08-01;1,1;0;678;SoldÇ
CLI01245;David PrÇvost;Homme;33;Yamoussoukro;Education;842441;325486;24;17,53;Oui;2022-03-15;1,15;0;755;SoldÇ
CLI01246;AndrÇ Bailly;Homme;24;BouakÇ;SantÇ;1016656;4803842;36;9,96;Oui;2024-09-17;0,38;8;544;DÇfaut
CLI01247;Victoire Launay;Femme;32;BouakÇ;Education;164374;2279384;36;10,55;Oui;2021-09-18;0,92;0;695;Actif
CLI01248;Sabine Maillard;Femme;24;Korhogo;Commerce;515645;1959131;12;16,71;Oui;2023-04-12;0,74;4;621;En retard
CLI01249;ThÇräse Renaud;Femme;61;Korhogo;Education;233206;1697739;24;7,33;Oui;2025-11-27;0,19;9;535;DÇfaut
CLI01250;Gilles Alves;Homme;59;Daloa;Agriculture;1101796;2566254;36;5,19;Non;2022-09-12;0,57;1;702;En retard
CLI01251;Madeleine Barbe;Femme;21;Korhogo;Transport;607953;3465580;36;10,41;Non;2023-02-01;0,79;0;739;Actif
CLI01252;William Bouvet de la Bourgeois;Femme;62;Daloa;Transport;708384;2266269;36;9,98;Non;2022-12-25;0,4;14;501;DÇfaut
CLI01253;Nathalie Riou;Homme;32;BouakÇ;Commerce;1102530;104670;18;22,87;Oui;2023-02-02;0,66;4;649;En retard
CLI01254;ValÇrie-Sylvie Jacob;Femme;64;BouakÇ;Commerce;718878;843293;24;11,85;Oui;2021-08-01;0,86;0;778;Actif
CLI01255;StÇphanie-Maryse Seguin;Homme;34;Korhogo;Agriculture;724245;4259232;18;11,4;Non;2022-03-27;0,68;1;758;En retard
CLI01256;Alphonse Raymond de Pages;Homme;41;Yamoussoukro;Education;407968;1659807;24;20,72;Oui;2025-01-23;1,04;0;675;SoldÇ
CLI01257;Alexandrie-Nathalie Mace;Femme;62;BouakÇ;Immobilier;954321;2309749;12;23,66;Non;2024-05-10;0,62;3;779;En retard
CLI01258;Thibaut Chauveau;Femme;43;San Pedro;Commerce;741329;3822423;18;13,51;Oui;2022-12-17;0,53;4;672;En retard
CLI01259;Julie Olivier Le Blanchard;Femme;43;Daloa;SantÇ;373455;3882668;18;5,39;Oui;2023-09-05;0,87;0;670;Actif
CLI01260;Monique de la Lemaåtre;Femme;39;BouakÇ;Education;863234;248633;18;13,55;Oui;2023-04-18;0,52;5;681;En retard
CLI01261;PÇnÇlope de la Blot;Femme;38;Abidjan;SantÇ;304048;674338;12;8,21;Non;2022-08-18;0,9;0;745;Actif
CLI01262;AurÇlie Lenoir;Femme;65;Abidjan;SantÇ;1101399;2145861;18;24,74;Oui;2025-06-18;0,74;1;771;En retard
CLI01263;Susanne Alves-Rocher;Femme;38;Daloa;Transport;854790;3725253;18;7,22;Non;2024-06-08;0,25;7;629;DÇfaut
CLI01264;Henri Cohen;Homme;30;Korhogo;Education;706745;4865800;12;16,24;Non;2025-10-26;0,58;3;625;En retard
CLI01265;Michel Schneider;Femme;65;Yamoussoukro;Transport;125826;1228327;6;22,41;Non;2025-05-17;0,87;0;707;Actif
CLI01266;Inäs-Suzanne Gilbert;Homme;32;Korhogo;SantÇ;753746;3978606;12;14,22;Non;2025-12-08;0,47;3;619;En retard
CLI01267;Alex Peltier;Homme;29;Korhogo;Immobilier;329960;3495863;24;12,93;Oui;2021-09-30;0,63;1;673;En retard
CLI01268;ThÇophile Michaud;Homme;57;Yamoussoukro;Education;996889;319140;36;22,46;Non;2022-12-11;0,46;5;660;En retard
CLI01269;Claude-Laure Petitjean;Femme;61;Korhogo;Commerce;220738;683780;36;6,84;Oui;2024-11-05;0,71;1;665;En retard
CLI01270;êdouard-Henri Schneider;Femme;60;Abidjan;Agriculture;480320;663069;24;21,36;Non;2025-07-17;0,61;2;750;En retard
CLI01271;Victoire Schneider;Femme;50;Abidjan;Commerce;1186696;3677210;6;13,03;Non;2026-02-08;0,42;15;525;DÇfaut
CLI01272;Luce du Chauvin;Homme;41;Daloa;SantÇ;975797;1312442;18;22,11;Non;2026-01-21;0,74;3;748;En retard
CLI01273;Noâl Delannoy;Homme;57;Abidjan;Commerce;823745;4889019;12;8,78;Oui;2024-08-31;0,26;10;489;DÇfaut
CLI01274;Roger Bonneau;Homme;29;BouakÇ;Immobilier;810898;631052;18;22,41;Oui;2023-09-10;1,12;0;762;SoldÇ
CLI01275;Caroline Martel;Homme;48;San Pedro;Commerce;648491;2004368;12;20,45;Oui;2024-10-09;0,13;13;533;DÇfaut
CLI01276;AimÇe Pelletier;Femme;34;Abidjan;Agriculture;877791;462839;24;13,77;Oui;2023-09-03;0,32;12;548;DÇfaut
CLI01277;Guillaume Lesage;Homme;31;BouakÇ;Agriculture;519642;1059638;24;19,81;Non;2023-03-19;0,49;3;774;En retard
CLI01278;êtienne Carlier;Homme;53;Abidjan;Transport;834677;4059578;18;15,17;Oui;2024-07-29;1,14;0;758;SoldÇ
CLI01279;RÇmy Brun;Femme;46;Daloa;Immobilier;289853;3025280;18;23,91;Non;2025-06-18;1,02;0;706;SoldÇ
CLI01280;êric Bouvier;Homme;65;Abidjan;Agriculture;257107;3318924;24;5,32;Non;2023-02-12;1,16;0;680;SoldÇ
CLI01281;Eugäne Philippe;Homme;32;Abidjan;Education;99448;1123308;36;8,12;Oui;2024-07-10;0,86;0;704;Actif
CLI01282;Martine Vidal-Chauveau;Homme;63;Korhogo;Agriculture;694642;3168079;36;13,3;Oui;2023-07-20;0,27;8;571;DÇfaut
CLI01283;Auguste Goncalves;Homme;44;Korhogo;Immobilier;309410;1412089;6;14,95;Non;2023-12-26;0,44;11;525;DÇfaut
CLI01284;VÇronique Barre-Guillon;Homme;22;Abidjan;Education;775377;289049;24;5,68;Non;2025-06-13;1,06;0;812;SoldÇ
CLI01285;Raymond Rossi;Femme;59;San Pedro;Commerce;1181433;1473884;12;7;Oui;2024-02-18;0,48;2;731;En retard
CLI01286;Jules Moreno;Homme;51;Yamoussoukro;Transport;1053987;3531916;36;13,81;Oui;2022-12-30;1,04;0;716;SoldÇ
CLI01287;Gabrielle Renard de PrÇvost;Femme;37;San Pedro;Transport;348851;2758484;36;12,31;Oui;2021-10-10;0,77;0;633;Actif
CLI01288;Michelle-Caroline Blanchet;Homme;29;Daloa;Transport;539928;4367902;12;21,11;Oui;2025-02-16;0,26;7;590;DÇfaut
CLI01289;Henri-Denis Hardy;Femme;60;Yamoussoukro;SantÇ;300679;2145296;12;10,01;Non;2026-02-18;0,9;0;664;Actif
CLI01290;Patrick Salmon-Rolland;Femme;63;San Pedro;Immobilier;1170344;4386108;36;24,75;Non;2021-08-02;0,39;8;527;DÇfaut
CLI01291;Marguerite Devaux;Homme;58;BouakÇ;SantÇ;151775;3279865;6;20,88;Oui;2023-02-02;1,18;0;697;SoldÇ
CLI01292;FrÇdÇric ClÇment;Homme;36;Daloa;Education;419497;3378294;18;5,23;Oui;2021-08-07;0,63;3;747;En retard
CLI01293;GrÇgoire Barbier;Femme;49;Yamoussoukro;Agriculture;530544;3851663;36;10,26;Non;2022-10-19;0,58;3;654;En retard
CLI01294;HonorÇ Guibert;Femme;42;Korhogo;Immobilier;1102057;4654513;24;18,26;Non;2021-09-11;0,83;0;797;Actif
CLI01295;Agathe Martins;Homme;44;Abidjan;Education;974465;263187;36;7,52;Oui;2024-06-21;0,35;13;538;DÇfaut
CLI01296;Gabrielle Rossi;Femme;29;Korhogo;Agriculture;809020;2625557;24;13,72;Oui;2024-03-01;1,18;0;750;SoldÇ
CLI01297;AmÇlie-Laurence Perrier;Femme;53;Korhogo;Education;488688;1238736;12;20,52;Oui;2024-09-29;0,32;11;553;DÇfaut
CLI01298;Tristan Normand;Homme;55;Yamoussoukro;Agriculture;840545;4575295;12;18,87;Oui;2026-02-08;1,2;0;726;SoldÇ
CLI01299;Caroline GÇrard;Homme;64;BouakÇ;Immobilier;427362;1947985;12;15,82;Non;2025-01-28;1,15;0;733;SoldÇ
CLI01300;VÇronique Barbier;Homme;46;Yamoussoukro;Agriculture;701798;3319647;36;24,44;Non;2021-11-02;1,08;0;749;SoldÇ
CLI01301;Xavier Couturier;Femme;21;Abidjan;Transport;237014;2158302;36;18,36;Oui;2021-10-14;0,33;15;375;DÇfaut
CLI01302;Thomas de la Marin;Homme;30;Korhogo;Agriculture;1088587;1394299;12;12,82;Non;2021-10-30;0,28;12;594;DÇfaut
CLI01303;Susan Becker;Homme;43;BouakÇ;Transport;227915;1948384;18;7,81;Oui;2026-04-12;0,54;5;596;En retard
CLI01304;William-Guillaume Grondin;Homme;64;Daloa;Education;657703;2797012;6;17,74;Oui;2024-11-28;0,67;5;607;En retard
CLI01305;Pauline Le Pichon;Femme;35;Abidjan;SantÇ;999122;2556702;6;15,83;Oui;2023-04-02;0,77;0;795;Actif
CLI01306;Auguste Hebert;Femme;38;Daloa;SantÇ;165923;3250268;18;7,26;Oui;2023-07-02;0,61;5;548;En retard
CLI01307;Adäle Godard;Femme;39;BouakÇ;SantÇ;551090;4435894;6;6,77;Non;2024-06-29;0,9;0;711;Actif
CLI01308;Luce Barre;Femme;65;Daloa;SantÇ;986970;3587258;6;17,76;Non;2022-09-19;1,05;0;762;SoldÇ
CLI01309;Nathalie Texier-Leroy;Femme;37;Abidjan;Commerce;1144983;2808423;24;18,34;Oui;2022-06-10;0,38;11;609;DÇfaut
CLI01310;Augustin Royer;Femme;36;Korhogo;Education;1118040;1907138;36;13,68;Non;2026-04-27;0,39;13;551;DÇfaut
CLI01311;Colette LabbÇ;Femme;23;Yamoussoukro;Education;306068;876921;36;6,9;Oui;2023-10-01;1,16;0;720;SoldÇ
CLI01312;Alfred Dufour;Femme;46;San Pedro;SantÇ;163602;2963400;24;22,04;Oui;2025-05-23;0,73;5;619;En retard
CLI01313;Manon de Poirier;Femme;63;Abidjan;Immobilier;133772;1862270;36;8,61;Non;2021-08-08;0,79;0;750;Actif
CLI01314;AndrÇe Louis-Techer;Femme;22;San Pedro;Commerce;1037608;2176631;18;21,37;Non;2023-10-05;0,48;2;764;En retard
CLI01315;William Becker;Femme;50;Daloa;Transport;631915;1397144;12;16,17;Non;2024-05-16;1,05;0;749;SoldÇ
CLI01316;Auguste Ledoux;Femme;32;Yamoussoukro;Commerce;1128232;795491;18;12,04;Non;2025-12-19;0,69;2;712;En retard
CLI01317;RenÇ Gosselin;Homme;61;Yamoussoukro;SantÇ;931580;2674999;36;14,94;Oui;2021-11-11;0,3;12;483;DÇfaut
CLI01318;Jacqueline Valette-GuÇrin;Femme;43;Abidjan;Commerce;786742;3722273;18;20,1;Non;2023-10-10;1,16;0;729;SoldÇ
CLI01319;Alain Guillet;Homme;58;Korhogo;SantÇ;731223;4295636;36;10,92;Non;2022-07-16;0,72;2;665;En retard
CLI01320;Michelle Olivier;Homme;33;BouakÇ;SantÇ;275797;809523;36;23,29;Non;2025-09-27;0,83;0;712;Actif
CLI01321;Emmanuel Fouquet;Femme;55;Yamoussoukro;Agriculture;821971;3378236;12;23,43;Oui;2022-01-02;0,21;10;550;DÇfaut
CLI01322;Susanne Le Gimenez;Femme;23;Daloa;Agriculture;595697;4646849;12;18,35;Oui;2021-10-15;0,4;13;474;DÇfaut
CLI01323;Marthe Bägue Le Cordier;Homme;35;San Pedro;Transport;1003493;1861671;12;5,25;Non;2022-02-11;0,37;6;658;DÇfaut
CLI01324;Raymond Garnier-Martel;Homme;47;Daloa;Immobilier;470191;4400092;36;12,99;Non;2025-07-03;0,73;4;642;En retard
CLI01325;Luce Collin;Femme;48;Daloa;Agriculture;856425;3107769;12;11,4;Non;2023-07-09;0,49;2;717;En retard
CLI01326;Daniel Coste;Homme;27;Daloa;Immobilier;1144207;4040777;36;11,27;Oui;2025-01-08;0,99;0;694;Actif
CLI01327;Hortense Maillot;Homme;50;Abidjan;Agriculture;644413;4867234;6;14,2;Non;2021-12-01;0,58;5;578;En retard
CLI01328;Antoine Merle;Homme;56;Daloa;Immobilier;1020506;4739198;6;22,92;Oui;2021-10-29;0,62;2;708;En retard
CLI01329;Odette Legendre;Homme;38;San Pedro;Agriculture;608507;281332;36;14,82;Oui;2025-05-13;0,87;0;709;Actif
CLI01330;Jacques Picard;Femme;40;BouakÇ;Education;718920;2822713;12;16,4;Non;2025-09-23;1,06;0;767;SoldÇ
CLI01331;Gabrielle Maury;Femme;21;Korhogo;Transport;191088;3056053;36;7,39;Oui;2025-01-27;1,18;0;749;SoldÇ
CLI01332;Joseph Gimenez de Guilbert;Homme;33;Yamoussoukro;Commerce;601770;1554419;12;5,59;Oui;2022-03-15;1,12;0;793;SoldÇ
CLI01333;Suzanne Daniel;Homme;46;Abidjan;Immobilier;892543;3468980;24;18,93;Oui;2023-04-05;0,25;11;526;DÇfaut
CLI01334;Agnäs Le Boulanger;Femme;32;Yamoussoukro;SantÇ;982532;2164047;24;6,81;Oui;2024-05-14;0,39;9;656;DÇfaut
CLI01335;Yves Gomez;Homme;42;Korhogo;Commerce;1027341;838763;36;10,16;Oui;2021-07-31;1,07;0;800;SoldÇ
CLI01336;Catherine Ribeiro;Femme;27;Korhogo;Education;433397;64503;36;5,25;Oui;2021-12-19;0,46;3;669;En retard
CLI01337;Nath Pages;Femme;25;Daloa;Agriculture;441534;1631102;36;14,96;Oui;2023-10-06;0,69;3;643;En retard
CLI01338;Nath Ferreira;Femme;57;Abidjan;Education;451045;3746839;12;15,15;Non;2024-01-28;1;0;695;SoldÇ
CLI01339;JÇrìme Klein;Homme;55;Abidjan;Transport;332251;2664438;18;7,16;Oui;2023-12-23;0,85;0;691;Actif
CLI01340;LÇon Charrier-Pelletier;Homme;59;Abidjan;SantÇ;405588;2880288;24;23,57;Non;2024-11-04;0,7;4;638;En retard
CLI01341;Philippe Louis;Homme;42;San Pedro;Commerce;596365;3117659;12;9,79;Oui;2025-01-24;1;0;734;SoldÇ
CLI01342;êtienne Jacques;Femme;24;Korhogo;SantÇ;1087520;878629;36;6,82;Non;2025-04-03;0,82;0;800;Actif
CLI01343;VÇronique Daniel;Homme;39;San Pedro;Transport;751752;1186452;24;20,27;Non;2022-01-05;0,42;12;540;DÇfaut
CLI01344;Roger-AimÇ Caron;Homme;52;San Pedro;Immobilier;129983;4170814;6;11,43;Non;2025-06-12;0,63;4;638;En retard
CLI01345;Claudine Deschamps;Homme;54;Daloa;Immobilier;167309;1627720;6;11,14;Oui;2026-05-12;0,75;0;738;Actif
CLI01346;Marguerite Garcia;Homme;55;Daloa;Transport;138642;446005;18;12,7;Oui;2021-11-18;0,49;5;550;En retard
CLI01347;Marcelle Marques;Homme;53;Daloa;Immobilier;857674;425144;12;6,97;Oui;2022-10-07;1,14;0;679;SoldÇ
CLI01348;Marc Benard;Homme;34;Daloa;Commerce;1118667;1784235;36;17,81;Oui;2026-03-06;0,12;12;591;DÇfaut
CLI01349;Victoire Klein;Femme;21;San Pedro;Commerce;584128;2824537;12;24,74;Non;2023-09-03;1,01;0;675;SoldÇ
CLI01350;Emmanuelle Mace;Homme;30;BouakÇ;SantÇ;596262;2215815;24;18,61;Non;2022-10-05;0,88;0;728;Actif
CLI01351;Louis Georges;Femme;47;San Pedro;Immobilier;101448;3538716;24;12,54;Oui;2023-07-22;1,03;0;627;SoldÇ
CLI01352;êlisabeth Guilbert du Brunel;Homme;61;Daloa;Commerce;909357;400638;24;7,58;Oui;2021-06-01;0,86;0;714;Actif
CLI01353;êric Coulon;Homme;31;Yamoussoukro;Education;1104535;607845;12;15,74;Non;2024-05-20;0,28;10;626;DÇfaut
CLI01354;Nath Letellier;Femme;39;Abidjan;Education;628403;960097;6;12,9;Oui;2025-04-12;1,07;0;783;SoldÇ
CLI01355;Susan Roux;Femme;33;San Pedro;Agriculture;346579;4397191;6;14,38;Oui;2025-07-21;0,22;9;487;DÇfaut
CLI01356;Margaret-AmÇlie Berthelot;Homme;65;Korhogo;Commerce;221348;2077961;24;17,31;Non;2025-06-18;0,58;2;557;En retard
CLI01357;Christelle Neveu;Homme;34;Yamoussoukro;Transport;746729;417067;36;5,28;Oui;2026-01-31;0,27;10;548;DÇfaut
CLI01358;Noâl Moreno de Marie;Homme;62;BouakÇ;SantÇ;198338;3332561;24;8,06;Oui;2021-08-15;0,42;7;562;DÇfaut
CLI01359;Marc Guillou;Homme;42;Korhogo;Agriculture;1000380;262312;24;6,39;Non;2022-09-22;0,37;14;458;DÇfaut
CLI01360;Denis Lombard;Homme;56;Korhogo;SantÇ;745958;525744;6;18,7;Oui;2021-08-12;0,55;5;676;En retard
CLI01361;Lucie Le Roux;Homme;41;San Pedro;Commerce;856726;372374;12;23,03;Oui;2022-12-12;0,85;0;781;Actif
CLI01362;Maryse Muller;Homme;45;Yamoussoukro;SantÇ;330907;1933394;6;16,27;Non;2023-12-15;0,18;13;476;DÇfaut
CLI01363;Colette Moreau-Verdier;Femme;49;San Pedro;Agriculture;578428;4165135;36;10;Non;2021-11-16;1,18;0;720;SoldÇ
CLI01364;Nathalie Pires;Femme;55;Yamoussoukro;Agriculture;835258;1927704;12;10,74;Non;2024-07-05;0,9;0;725;Actif
CLI01365;Anaãs Collin;Femme;22;San Pedro;Agriculture;985417;2565388;12;5,85;Oui;2023-03-30;0,55;5;720;En retard
CLI01366;Zacharie Leroy-Da Silva;Femme;34;Yamoussoukro;Immobilier;931008;3582783;24;14,21;Non;2023-12-04;0,6;4;670;En retard
CLI01367;Alphonse Ollivier;Femme;63;Daloa;SantÇ;916518;1166646;36;9,12;Oui;2025-06-15;0,34;9;598;DÇfaut
CLI01368;FrÇdÇric Garcia;Femme;50;Yamoussoukro;Education;936074;3194189;18;9,27;Non;2025-06-06;0,26;7;584;DÇfaut
CLI01369;Laetitia Gonzalez-Bonnin;Femme;24;BouakÇ;Transport;498192;1871822;18;16,03;Non;2026-03-23;0,27;12;473;DÇfaut
CLI01370;êtienne-Arthur Renault;Homme;65;Daloa;Transport;512963;3287756;36;18,34;Oui;2022-06-25;0,4;15;383;DÇfaut
CLI01371;ValÇrie-Jeanne Gros;Homme;30;Yamoussoukro;Education;942537;2704916;24;9,91;Non;2022-08-22;0,91;0;760;Actif
CLI01372;Aurore Blanchard;Homme;64;Yamoussoukro;Commerce;283559;598271;6;5,43;Oui;2025-01-11;1,11;0;790;SoldÇ
CLI01373;Lorraine Langlois;Femme;43;Korhogo;Transport;505736;1313348;12;11,15;Non;2022-02-20;0,17;15;382;DÇfaut
CLI01374;ThÇophile Duhamel-Maillot;Femme;42;San Pedro;Commerce;447458;2480524;18;7,03;Oui;2024-06-03;0,72;2;615;En retard
CLI01375;ThÇräse Thibault;Femme;31;San Pedro;Commerce;1064754;2409166;12;24,52;Oui;2023-11-22;0,83;0;841;Actif
CLI01376;Susanne du LÇger;Homme;29;San Pedro;Education;878908;4016243;24;14,54;Non;2025-05-01;0,94;0;739;Actif
CLI01377;LÇon de Picard;Homme;49;Abidjan;Agriculture;121642;4175240;36;11,88;Non;2025-09-25;0,47;1;623;En retard
CLI01378;Bertrand Lacroix;Homme;60;Daloa;Immobilier;709364;3351888;12;7,22;Oui;2024-01-07;1,13;0;779;SoldÇ
CLI01379;LÇon Dos Santos;Femme;26;Yamoussoukro;Immobilier;823884;4200262;6;17,44;Oui;2023-07-22;0,75;0;716;Actif
CLI01380;êlÇonore-Christiane Dupont;Homme;53;Daloa;Agriculture;667718;4415696;6;14,79;Oui;2022-01-25;1,1;0;795;SoldÇ
CLI01381;Patrick Camus;Femme;37;Daloa;Commerce;1021476;3681845;18;5,81;Non;2024-01-13;0,92;0;792;Actif
CLI01382;Henriette Lopez;Femme;56;BouakÇ;Transport;145795;1145970;36;5,21;Non;2024-12-04;0,73;3;623;En retard
CLI01383;Jeannine Alves;Femme;45;San Pedro;SantÇ;155462;2317303;24;11,71;Non;2023-02-04;0,98;0;778;Actif
CLI01384;Thibaut Hubert;Femme;29;Daloa;Commerce;806116;2244358;36;8,86;Non;2025-08-17;0,41;7;593;DÇfaut
CLI01385;Christophe Bourdon;Femme;53;Yamoussoukro;Commerce;318079;243000;12;21,12;Oui;2025-11-22;0,22;7;619;DÇfaut
CLI01386;Marine Boulay;Homme;57;BouakÇ;Education;576910;783055;6;5,19;Oui;2022-10-14;0,11;11;541;DÇfaut
CLI01387;Pierre Michaud de Munoz;Femme;61;Daloa;Commerce;773948;937789;36;7,44;Oui;2025-02-25;0,87;0;820;Actif
CLI01388;Anne Breton de Monnier;Homme;26;San Pedro;Immobilier;272069;82221;24;20,83;Oui;2024-12-22;0,36;6;668;DÇfaut
CLI01389;NoÇmi Normand;Homme;51;San Pedro;Agriculture;493767;4204880;36;19,13;Oui;2021-05-15;0,62;5;608;En retard
CLI01390;Bertrand Mathieu;Homme;26;Daloa;Commerce;448786;1708599;18;7,88;Oui;2023-05-28;0,7;2;657;En retard
CLI01391;Robert de Rodrigues;Homme;32;Korhogo;Transport;754036;1960216;12;12,89;Non;2024-08-22;1,02;0;774;SoldÇ
CLI01392;Dominique Da Silva;Femme;34;BouakÇ;Commerce;974484;2155119;18;19,71;Non;2025-06-04;0,68;3;688;En retard
CLI01393;êlise-CÇcile Grondin;Homme;25;Daloa;SantÇ;1115831;2937553;6;17,4;Oui;2022-08-14;1;0;850;SoldÇ
CLI01394;Camille Benoit;Femme;21;Korhogo;Immobilier;265035;2720916;36;20,43;Oui;2025-08-17;1,11;0;704;SoldÇ
CLI01395;Martine De Oliveira;Femme;49;Korhogo;SantÇ;831016;4080296;18;14,99;Non;2025-09-21;0,94;0;727;Actif
CLI01396;Alix de la Masson;Homme;35;San Pedro;Transport;437675;408189;18;13,19;Non;2024-07-09;1,07;0;747;SoldÇ
CLI01397;Robert Baron-Arnaud;Femme;49;San Pedro;SantÇ;400203;1241877;24;13,39;Non;2024-07-16;0,13;8;513;DÇfaut
CLI01398;ThÇodore de la Arnaud;Homme;46;BouakÇ;Education;846949;167022;24;20,83;Oui;2025-05-25;0,83;0;744;Actif
CLI01399;Christophe Verdier-Martins;Homme;34;San Pedro;Transport;278906;187483;24;14,45;Oui;2021-10-31;0,4;9;594;DÇfaut
CLI01400;GÇrard Blanc;Homme;40;San Pedro;Agriculture;662315;1960415;12;14,73;Non;2024-02-13;0,9;0;720;Actif
CLI01401;Patrick Vallet;Femme;63;BouakÇ;Agriculture;205326;3014277;6;6,34;Non;2021-12-17;0,46;4;568;En retard
CLI01402;Marguerite du Julien;Femme;34;Daloa;Immobilier;953139;4164669;6;24,14;Non;2023-03-22;0,79;0;775;Actif
CLI01403;êdouard Ferreira;Femme;60;Yamoussoukro;Education;335532;1135721;36;10,64;Oui;2024-04-28;0,9;0;769;Actif
CLI01404;LÇon-Alfred Lemaire;Femme;25;Yamoussoukro;SantÇ;117140;3800363;18;13,34;Oui;2025-11-09;0,33;11;482;DÇfaut
CLI01405;Thibaut Seguin-Caron;Femme;38;Daloa;Education;794619;4892070;18;18,97;Non;2025-06-22;1,09;0;770;SoldÇ
CLI01406;Marcel Leduc de la Lucas;Homme;58;Korhogo;Commerce;577062;2139594;24;16,27;Non;2022-12-15;1,08;0;706;SoldÇ
CLI01407;Yves Maillet;Femme;30;Abidjan;Transport;754559;732058;36;14,82;Non;2022-08-07;0,76;0;711;Actif
CLI01408;Christelle du Valette;Femme;33;Daloa;Commerce;659255;1250270;18;21,96;Oui;2021-08-01;0,16;9;633;DÇfaut
CLI01409;Roland du Maury;Femme;43;Yamoussoukro;Education;1091987;4763373;12;20,67;Non;2022-05-07;1,15;0;748;SoldÇ
CLI01410;RÇmy Barre Le Ledoux;Homme;62;Korhogo;Education;474673;1059673;18;19,67;Oui;2025-09-01;0,91;0;726;Actif
CLI01411;Susan Delorme;Femme;36;Abidjan;SantÇ;868547;3598308;6;10,96;Oui;2023-10-13;0,32;10;603;DÇfaut
CLI01412;Antoinette-Adrienne Samson;Femme;26;Yamoussoukro;Commerce;853076;3950195;12;13,93;Non;2025-12-11;0,52;2;728;En retard
CLI01413;Adäle ClÇment de la Diallo;Femme;50;Abidjan;Commerce;658707;1709104;36;14,07;Non;2022-11-27;0,28;8;607;DÇfaut
CLI01414;CÇcile Guichard;Homme;41;Daloa;Transport;1080554;3143903;12;11,31;Oui;2026-01-14;0,89;0;850;Actif
CLI01415;Eugäne Vincent du Marie;Femme;46;Korhogo;Education;453289;2789807;36;21,72;Non;2024-10-04;0,14;10;491;DÇfaut
CLI01416;Marc Meyer;Homme;53;Korhogo;Agriculture;197145;1156178;24;6,28;Oui;2023-03-28;0,17;8;585;DÇfaut
CLI01417;Franáoise du Gomes;Homme;26;San Pedro;Education;835639;3045412;18;6,62;Non;2025-04-21;0,48;1;735;En retard
CLI01418;Lucy Henry;Homme;54;BouakÇ;Commerce;953155;3371806;12;15,96;Non;2025-03-17;0,2;9;592;DÇfaut
CLI01419;êdouard Pereira;Femme;35;San Pedro;Commerce;581775;524075;36;5,48;Oui;2023-02-10;0,81;0;814;Actif
CLI01420;Noâl Paris;Homme;35;Korhogo;Immobilier;567935;1330359;12;15,01;Oui;2023-06-13;0,46;4;683;En retard
CLI01421;AimÇ Mathieu;Femme;22;BouakÇ;Education;950189;4663995;6;5,8;Oui;2023-12-11;0,75;0;769;Actif
CLI01422;Maryse Bonneau;Femme;21;BouakÇ;Agriculture;812706;726351;36;22,63;Non;2025-09-24;0,66;2;776;En retard
CLI01423;êmile-Jules Guillou;Homme;61;Yamoussoukro;Agriculture;670174;2278406;36;12,49;Non;2026-01-07;0,53;2;689;En retard
CLI01424;Adrien-Arthur Mace;Femme;37;BouakÇ;Agriculture;903409;1049650;18;14,03;Non;2022-10-20;0,59;5;646;En retard
CLI01425;FrÇdÇric Lefort;Homme;23;Korhogo;Immobilier;892545;945312;12;9;Oui;2023-06-16;0,73;3;678;En retard
CLI01426;Philippe de la Cousin;Femme;50;Korhogo;Commerce;194017;1977786;36;22,8;Oui;2024-01-21;1,03;0;620;SoldÇ
CLI01427;Anastasie Maillard;Femme;21;Daloa;Immobilier;533873;1567659;18;9,13;Non;2023-05-23;1,14;0;819;SoldÇ
CLI01428;Chantal Le Gall-Dumont;Femme;46;Korhogo;Commerce;426569;4174529;24;16,22;Oui;2021-07-31;0,41;9;476;DÇfaut
CLI01429;AndrÇ Brunel;Homme;22;Abidjan;Commerce;184916;144052;18;23,6;Oui;2025-01-29;0,43;12;468;DÇfaut
CLI01430;Roger Nicolas;Femme;34;Abidjan;Commerce;480106;3599770;18;6,52;Non;2023-07-28;0,56;1;680;En retard
CLI01431;Maurice Lacroix;Femme;30;San Pedro;Agriculture;630975;3882986;12;7,41;Oui;2021-09-05;0,8;0;736;Actif
CLI01432;LÇon Benard-Durand;Homme;28;Yamoussoukro;Commerce;260554;2019668;24;22,4;Non;2021-07-16;0,74;5;638;En retard
CLI01433;Jean-ThÇophile Courtois;Femme;25;San Pedro;Transport;401482;1857540;6;12,95;Non;2021-11-24;0,52;1;735;En retard
CLI01434;Dominique Breton;Femme;32;Daloa;Immobilier;107827;4888219;6;18,13;Non;2022-11-10;1,16;0;638;SoldÇ
CLI01435;Emmanuel Bourgeois;Femme;33;Daloa;Commerce;640536;254790;18;24,26;Oui;2026-04-05;0,31;13;494;DÇfaut
CLI01436;Monique de la Briand;Femme;56;San Pedro;Education;1104516;1992137;6;10,73;Non;2025-01-13;0,2;11;581;DÇfaut
CLI01437;Marianne Peltier;Homme;44;San Pedro;Agriculture;858614;4672324;36;7,91;Non;2024-08-26;0,91;0;729;Actif
CLI01438;Thierry Adam du RÇmy;Femme;44;Daloa;Education;1060385;2964513;18;7,95;Non;2025-09-20;0,84;0;840;Actif
CLI01439;Chantal Marin;Femme;44;San Pedro;Education;985364;775157;36;10,06;Non;2022-04-25;0,25;11;590;DÇfaut
CLI01440;Caroline Coulon;Homme;23;BouakÇ;SantÇ;800274;4297595;12;16,98;Oui;2022-07-18;0,69;2;726;En retard
CLI01441;Hortense Rolland;Femme;26;Yamoussoukro;Education;958656;988517;36;15,88;Oui;2023-12-16;0,67;5;712;En retard
CLI01442;Paulette-Henriette Laine;Homme;35;Korhogo;Transport;782335;4153539;6;11,51;Non;2024-12-18;1,02;0;783;SoldÇ
CLI01443;Laurence Lucas;Femme;35;Daloa;Agriculture;816382;3472539;6;9,52;Oui;2024-03-23;0,81;0;754;Actif
CLI01444;Christophe Muller;Homme;53;BouakÇ;Transport;306074;4204063;12;23,32;Non;2023-04-06;0,86;0;636;Actif
CLI01445;Arnaude Le Foucher;Femme;34;Daloa;Commerce;282558;1652279;6;5,32;Oui;2022-06-04;0,43;9;547;DÇfaut
CLI01446;AndrÇe Adam;Homme;37;Daloa;Education;1029169;1047849;24;23,9;Oui;2021-05-26;0,83;0;766;Actif
CLI01447;Claire-Olivie Cousin;Femme;42;Daloa;Education;893165;3195022;12;11,08;Non;2022-05-15;0,78;0;736;Actif
CLI01448;SÇbastien Tanguy;Homme;64;Korhogo;Commerce;1110400;314392;24;11,39;Non;2024-08-21;0,13;13;571;DÇfaut
CLI01449;Caroline de la Tessier;Femme;65;San Pedro;Immobilier;816215;4163005;6;12,6;Oui;2021-07-13;1,16;0;789;SoldÇ
CLI01450;Hortense Michaud;Homme;26;Abidjan;Immobilier;594619;838576;24;12,6;Non;2023-08-12;0,47;5;651;En retard
CLI01451;Manon Weber;Femme;56;Korhogo;Transport;1026232;1866597;36;13,21;Oui;2024-04-13;0,11;8;636;DÇfaut
CLI01452;SÇbastien-Denis Pages;Homme;53;Yamoussoukro;Education;460073;3935435;18;18,94;Oui;2025-12-04;0,53;5;674;En retard
CLI01453;Constance Mathieu;Homme;65;Yamoussoukro;Education;1163674;4169637;12;23,05;Oui;2022-10-20;0,42;8;624;DÇfaut
CLI01454;StÇphane Torres de la Besnard;Femme;48;Daloa;SantÇ;310004;1348524;6;8,98;Non;2023-09-07;0,63;1;801;En retard
CLI01455;RenÇe Chartier;Homme;45;BouakÇ;SantÇ;172011;2585680;12;9,47;Non;2025-12-01;1,05;0;713;SoldÇ
CLI01456;êdouard du Laporte;Femme;65;San Pedro;Transport;323457;901760;12;7,78;Oui;2023-05-11;0,91;0;652;Actif
CLI01457;Aurore Julien-Guichard;Femme;65;San Pedro;Transport;981719;222281;36;22,95;Oui;2024-04-11;0,51;5;726;En retard
CLI01458;Benoåt Benard;Homme;38;San Pedro;Education;994968;4724816;24;6,34;Non;2024-04-13;0,2;11;547;DÇfaut
CLI01459;LÇon Bertrand;Homme;29;Daloa;Education;333778;252243;12;6,73;Non;2023-10-17;0,31;9;602;DÇfaut
CLI01460;ThÇräse Guillon;Femme;56;Abidjan;Education;631564;4058745;6;24,42;Non;2022-08-25;0,82;0;749;Actif
CLI01461;CÇcile Guibert;Homme;35;Yamoussoukro;Commerce;504562;1286373;18;7,66;Oui;2023-02-21;0,87;0;732;Actif
CLI01462;CÇlina Coste;Homme;28;BouakÇ;Transport;1180088;2280426;36;15,61;Non;2025-10-23;0,43;8;586;DÇfaut
CLI01463;Jules Charrier;Homme;33;BouakÇ;SantÇ;1075642;4062065;24;9,28;Oui;2021-09-08;0,29;14;478;DÇfaut
CLI01464;Denise Lemonnier de la Alves;Homme;53;BouakÇ;SantÇ;384931;620375;24;15,27;Oui;2022-05-04;1,19;0;698;SoldÇ
CLI01465;Thierry Humbert de la ChrÇtien;Femme;61;Yamoussoukro;Transport;838587;1940306;18;13,13;Oui;2025-01-24;0,93;0;741;Actif
CLI01466;Jeanne-OcÇane Lebreton;Homme;33;San Pedro;Education;863668;3328068;24;17,13;Oui;2024-04-21;1,05;0;776;SoldÇ
CLI01467;Jeanne Le Thomas;Femme;62;Korhogo;Commerce;409850;2074511;36;15,43;Non;2021-10-23;0,65;1;767;En retard
CLI01468;Franáoise de Moulin;Femme;25;Yamoussoukro;Education;257927;1271077;6;12,39;Non;2022-10-21;0,53;4;648;En retard
CLI01469;Alex Lebon;Femme;40;San Pedro;Immobilier;1065476;4340269;24;12,72;Oui;2022-11-07;1,06;0;715;SoldÇ
CLI01470;Luce Ribeiro;Homme;65;Daloa;Immobilier;1106924;2922343;36;15,34;Non;2023-04-19;0,79;0;799;Actif
CLI01471;Franck Fouquet;Femme;39;Yamoussoukro;Immobilier;1156925;1961279;18;23,54;Oui;2023-11-07;0,46;2;803;En retard
CLI01472;Michäle Faivre;Homme;42;Daloa;Immobilier;1165636;3502241;18;10,28;Oui;2023-02-10;0,57;2;717;En retard
CLI01473;FrÇdÇrique Maury;Homme;64;Abidjan;SantÇ;838093;4603134;36;11,42;Oui;2023-06-30;0,98;0;732;Actif
CLI01474;Adäle Benoit de Chevalier;Femme;61;Daloa;Transport;598053;1775820;36;20,8;Oui;2023-07-14;1,01;0;742;SoldÇ
CLI01475;Christophe Moreau-Simon;Femme;36;Yamoussoukro;Education;901308;4112966;18;23,65;Oui;2025-08-13;0,6;3;657;En retard
CLI01476;Caroline Pascal;Homme;37;San Pedro;Transport;340947;3208831;36;24,68;Non;2026-04-24;0,1;9;547;DÇfaut
CLI01477;Roger Le Bousquet;Femme;53;San Pedro;Transport;961838;1720926;18;6,02;Oui;2021-07-11;0,57;4;694;En retard
CLI01478;Sabine Allain-Vincent;Femme;41;Abidjan;Commerce;330493;1222118;12;7,46;Oui;2025-02-01;0,94;0;737;Actif
CLI01479;Antoine Klein;Femme;27;Abidjan;SantÇ;642905;1118894;6;23,51;Oui;2022-09-22;0,86;0;717;Actif
CLI01480;Julie Brunet-Parent;Homme;21;BouakÇ;Education;313689;2882043;36;19,39;Oui;2021-10-15;0,41;9;505;DÇfaut
CLI01481;OcÇane Paris-Foucher;Femme;56;San Pedro;Agriculture;821451;2032750;12;5,46;Oui;2025-04-26;0,74;2;750;En retard
CLI01482;Marianne-Valentine Moulin;Homme;31;Abidjan;Agriculture;271213;4841910;36;24,57;Oui;2022-09-26;0,4;13;403;DÇfaut
CLI01483;ThÇophile Barbe;Femme;35;Abidjan;Commerce;587562;3904620;36;8,31;Non;2023-09-27;0,29;9;608;DÇfaut
CLI01484;Anaãs Nicolas-Millet;Homme;63;BouakÇ;Agriculture;726959;3700665;36;22,22;Non;2021-08-03;1,03;0;719;SoldÇ
CLI01485;Isabelle Fournier;Homme;26;Abidjan;Education;936759;3775658;24;8,01;Non;2023-05-19;1,08;0;764;SoldÇ
CLI01486;Nathalie Cousin du Lejeune;Femme;34;San Pedro;Education;1110791;3712888;36;11,85;Non;2025-03-06;0,12;14;531;DÇfaut
CLI01487;PÇnÇlope Marchal;Homme;44;San Pedro;Agriculture;383071;698917;36;21,74;Oui;2024-10-19;0,85;0;674;Actif
CLI01488;Lucie Vaillant;Homme;41;Korhogo;Transport;820851;3448244;18;9,98;Non;2021-07-29;0,42;9;497;DÇfaut
CLI01489;Josette Voisin;Homme;64;Yamoussoukro;Transport;591857;592700;24;19,26;Non;2026-02-11;0,12;15;392;DÇfaut
CLI01490;Agnäs Peltier;Homme;52;Yamoussoukro;Immobilier;994970;3785678;24;6,79;Non;2023-01-31;0,38;9;632;DÇfaut
CLI01491;Monique Fernandes-Franáois;Femme;31;Abidjan;Transport;433457;1888252;36;17,9;Oui;2025-04-08;0,76;0;702;Actif
CLI01492;Thierry Lagarde;Femme;24;Yamoussoukro;Commerce;559367;804744;12;6,85;Oui;2021-12-15;0,86;0;850;Actif
CLI01493;Noâl-Gilbert Lacroix;Femme;49;San Pedro;Immobilier;392537;2509144;12;22,17;Oui;2025-02-07;0,41;8;531;DÇfaut
CLI01494;Dominique Guillet;Homme;54;Korhogo;Transport;220045;1994610;6;17,42;Non;2024-01-18;0,73;2;669;En retard
CLI01495;Guillaume Neveu;Femme;31;BouakÇ;Education;575442;194131;12;17,05;Non;2023-04-17;0,18;7;677;DÇfaut
CLI01496;Benoåt Colin;Homme;50;BouakÇ;Immobilier;853703;1550923;12;15,67;Non;2024-12-27;0,31;6;730;DÇfaut
CLI01497;Guillaume Clerc-Pasquier;Homme;53;BouakÇ;Education;1138033;526892;24;7,7;Oui;2021-09-04;0,15;8;730;DÇfaut
CLI01498;Victor Leleu du Loiseau;Femme;57;BouakÇ;SantÇ;665686;3928936;12;14,1;Oui;2024-09-09;0,88;0;775;Actif
CLI01499;Geneviäve Pelletier;Homme;25;Korhogo;Education;871517;1190047;6;10,74;Non;2023-04-29;0,68;4;736;En retard
CLI01500;Denis-Franck Leblanc;Femme;54;Korhogo;Transport;1058573;4409191;18;20,73;Non;2023-08-20;0,74;4;705;En retard
CLI01501;Catherine Riou;Homme;53;Yamoussoukro;Commerce;1128002;1108976;6;9,14;Non;2025-09-21;0,76;0;832;Actif
CLI01502;Diane Jacquot;Femme;45;San Pedro;SantÇ;868412;2562538;18;5,48;Oui;2022-10-10;0,64;1;719;En retard
CLI01503;Maurice de Costa;Homme;49;Yamoussoukro;Transport;373276;2583125;24;9,89;Non;2022-04-04;0,12;9;498;DÇfaut
CLI01504;Lucas Denis-Munoz;Femme;50;BouakÇ;SantÇ;1055604;3166930;12;14,27;Oui;2024-07-28;0,56;1;753;En retard
CLI01505;Gabriel Pinto;Homme;39;Korhogo;Immobilier;864409;495597;18;14,3;Oui;2026-03-13;0,53;4;694;En retard
CLI01506;Joseph Salmon;Femme;53;Abidjan;Commerce;1080568;389943;24;6,36;Oui;2022-03-26;0,46;3;726;En retard
CLI01507;Lorraine Meunier;Homme;56;Abidjan;Transport;645410;552368;6;15,19;Non;2025-09-23;0,79;0;786;Actif
CLI01508;Emmanuelle Le Guillet;Femme;42;San Pedro;Transport;1045300;2960224;36;11,53;Oui;2024-04-15;0,5;5;713;En retard
CLI01509;RenÇ Gosselin;Femme;53;San Pedro;Immobilier;155824;4646871;36;15,12;Oui;2022-06-09;1,2;0;672;SoldÇ
CLI01510;Michel-ThÇodore Letellier;Femme;61;Yamoussoukro;Transport;640161;1257552;12;20,24;Non;2021-11-21;0,32;15;510;DÇfaut
CLI01511;Thomas Dias;Homme;23;San Pedro;Agriculture;172302;2590995;6;24,07;Oui;2025-05-04;0,31;15;345;DÇfaut
CLI01512;êlodie Breton;Femme;56;Daloa;Transport;615083;1816774;6;24,82;Non;2024-09-27;0,28;6;615;DÇfaut
CLI01513;Luce Allain-Jacquot;Homme;35;Korhogo;SantÇ;1062110;1439186;24;7,28;Non;2026-02-03;0,84;0;763;Actif
CLI01514;AmÇlie Maury;Femme;51;Daloa;SantÇ;621240;4890591;36;15,96;Non;2025-01-02;1,09;0;638;SoldÇ
CLI01515;David Lamy;Femme;54;BouakÇ;Commerce;406313;4997429;36;18,65;Oui;2026-01-28;0,99;0;687;Actif
CLI01516;AndrÇe Marin-Couturier;Femme;51;Abidjan;Education;650820;2802752;36;11,01;Non;2023-10-14;1,17;0;732;SoldÇ
CLI01517;GÇrard Leroux;Femme;37;San Pedro;Agriculture;303339;1291278;36;9,47;Oui;2022-07-22;0,96;0;777;Actif
CLI01518;Hortense GÇrard;Homme;65;Abidjan;Agriculture;1140831;3095005;24;19,85;Non;2022-09-01;0,56;3;748;En retard
CLI01519;NoÇmi du GrÇgoire;Homme;60;BouakÇ;Transport;1089094;606337;18;23,52;Non;2022-07-13;0,16;12;521;DÇfaut
CLI01520;Astrid ClÇment-Dumont;Femme;22;Korhogo;Agriculture;779999;3156973;6;11,16;Non;2025-11-18;0,64;4;740;En retard
CLI01521;Maurice Meyer;Femme;48;Korhogo;Transport;573064;2453064;12;17,21;Non;2024-09-16;0,28;8;621;DÇfaut
CLI01522;Gilbert Royer;Homme;27;Abidjan;Commerce;252165;740468;6;8;Oui;2023-10-10;0,57;1;721;En retard
CLI01523;Julien PrÇvost;Femme;32;Abidjan;Agriculture;148544;1169739;18;24,67;Oui;2021-09-09;0,5;3;634;En retard
CLI01524;ThÇräse Aubert;Femme;42;BouakÇ;Transport;289655;376671;36;6,65;Oui;2026-04-17;0,14;6;566;DÇfaut
CLI01525;Georges Joseph;Femme;27;BouakÇ;Commerce;640632;2494678;36;21,74;Non;2024-02-18;0,18;15;424;DÇfaut
CLI01526;Audrey Vaillant;Femme;59;Abidjan;Transport;625222;1370316;36;6,92;Non;2022-06-01;0,77;0;792;Actif
CLI01527;êmilie Ramos;Femme;63;San Pedro;Agriculture;421430;4014962;24;12,18;Non;2022-11-22;0,66;3;717;En retard
CLI01528;Jules Gomes;Femme;63;Abidjan;Commerce;764950;1816198;12;14,23;Oui;2022-05-09;0,87;0;820;Actif
CLI01529;CÇlina Martins-Pages;Homme;30;Korhogo;Agriculture;305809;3815815;12;7,99;Non;2023-04-25;0,18;11;452;DÇfaut
CLI01530;êtienne Barbier-Peltier;Femme;48;Daloa;Commerce;939581;1078598;36;19,59;Non;2021-08-18;0,43;9;558;DÇfaut
CLI01531;SÇbastien Chauvet;Femme;31;BouakÇ;Transport;899555;1656322;18;6,32;Non;2022-02-17;0,13;10;579;DÇfaut
CLI01532;Martine Hubert Le Coulon;Femme;63;Korhogo;SantÇ;913596;2764382;24;7,66;Non;2024-08-14;0,46;4;612;En retard
CLI01533;JosÇphine Gros-Mercier;Homme;21;BouakÇ;Commerce;424308;2152188;24;6,86;Non;2024-06-09;1,06;0;733;SoldÇ
CLI01534;Franck Fabre;Homme;36;Abidjan;Commerce;1155386;4205361;18;23,15;Non;2021-06-28;0,89;0;767;Actif
CLI01535;Franáoise Didier Le Voisin;Femme;42;BouakÇ;Agriculture;862287;2878469;6;7,09;Oui;2024-01-04;0,95;0;738;Actif
CLI01536;Colette Boyer;Femme;64;San Pedro;SantÇ;1139022;2343831;36;12,81;Oui;2025-05-09;0,68;5;626;En retard
CLI01537;ThÇophile de Vasseur;Homme;50;San Pedro;Transport;688579;4569716;24;5,89;Oui;2023-02-22;0,47;4;663;En retard
CLI01538;êric Devaux;Femme;59;Daloa;Education;564327;2693917;36;9,46;Oui;2023-06-06;0,39;6;588;DÇfaut
CLI01539;Yves Carpentier;Femme;46;San Pedro;Commerce;636512;85945;36;9,58;Oui;2024-04-24;0,34;13;455;DÇfaut
CLI01540;StÇphane de la Colas;Femme;24;Korhogo;SantÇ;239605;2345414;36;21,29;Oui;2022-12-31;0,7;4;505;En retard
CLI01541;Jules de Vaillant;Femme;59;Abidjan;Agriculture;187365;4216081;36;9,27;Non;2024-01-29;0,83;0;675;Actif
CLI01542;AimÇ Le Boulay;Femme;56;Yamoussoukro;SantÇ;769097;1536769;36;18,12;Oui;2024-05-15;0,12;12;592;DÇfaut
CLI01543;Olivie Lagarde;Homme;51;Daloa;Immobilier;123391;884330;12;23,62;Oui;2022-05-01;0,9;0;769;Actif
CLI01544;Isaac Michel;Femme;47;Korhogo;SantÇ;419448;3627316;12;19,58;Non;2022-02-08;0,5;3;627;En retard
CLI01545;Michäle Voisin-Toussaint;Homme;25;Abidjan;Transport;406251;1068719;6;24,07;Oui;2021-10-24;0,17;10;505;DÇfaut
CLI01546;Claude Dias;Femme;28;Abidjan;Immobilier;1129547;4534481;24;15,22;Non;2023-07-21;0,63;5;686;En retard
CLI01547;Alphonse Carlier;Homme;43;Abidjan;Agriculture;449934;3303778;12;15,91;Oui;2024-07-13;0,38;6;552;DÇfaut
CLI01548;StÇphanie Julien;Homme;42;Abidjan;Immobilier;416256;4429580;36;8,88;Non;2023-04-20;1,19;0;709;SoldÇ
CLI01549;LÇon Wagner-Schmitt;Femme;48;Daloa;Agriculture;297200;4348488;24;9,25;Oui;2026-02-27;0,31;13;456;DÇfaut
CLI01550;Alphonse Riou;Femme;56;San Pedro;Agriculture;1040187;3298703;18;17,85;Oui;2025-07-23;0,32;6;700;DÇfaut
CLI01551;Roger Gay;Homme;57;San Pedro;Commerce;825372;193624;18;17,97;Non;2023-06-28;0,56;1;756;En retard
CLI01552;Susanne Gallet;Homme;27;Abidjan;Education;1171597;4759467;6;16,86;Non;2024-02-06;0,62;5;661;En retard
CLI01553;Alain Charpentier;Homme;61;Abidjan;Immobilier;744937;2113912;18;15,74;Oui;2026-02-09;0,57;1;698;En retard
CLI01554;Emmanuelle Lacroix;Homme;65;Korhogo;Immobilier;621655;3234157;12;10,61;Oui;2023-03-09;1,03;0;696;SoldÇ
CLI01555;GÇrard Besson;Homme;52;BouakÇ;SantÇ;726730;2565073;24;5,45;Non;2021-07-06;1,18;0;737;SoldÇ
CLI01556;Alphonse de Lenoir;Homme;29;Yamoussoukro;Commerce;1180909;889889;18;7,27;Non;2025-11-08;1,17;0;823;SoldÇ
CLI01557;Lucas Lemaåtre;Homme;57;Daloa;Education;525247;4934084;6;9,63;Oui;2025-01-11;0,4;14;459;DÇfaut
CLI01558;Philippe Delaunay de la Teixeira;Femme;56;Daloa;Immobilier;703999;892515;24;20,05;Oui;2021-09-16;0,14;12;489;DÇfaut
CLI01559;Alexandria Valentin;Femme;24;San Pedro;Commerce;367082;626696;6;23,98;Oui;2023-09-23;0,75;0;790;Actif
CLI01560;Nathalie de Techer;Femme;44;Abidjan;Immobilier;931419;4596327;6;10,29;Oui;2024-08-31;0,75;0;736;Actif
CLI01561;Franáois-Roger Baudry;Homme;32;Daloa;SantÇ;297839;191310;24;9,37;Oui;2024-07-08;0,88;0;727;Actif
CLI01562;Nicolas Dumont;Homme;47;San Pedro;Education;91086;4437033;18;16,53;Oui;2023-05-24;0,9;0;634;Actif
CLI01563;JÇrìme Briand;Homme;24;Yamoussoukro;Agriculture;981194;1820059;36;18,34;Non;2025-12-24;0,31;14;402;DÇfaut
CLI01564;Catherine Gomez;Femme;58;Daloa;Transport;943068;4901397;18;10,39;Oui;2023-09-08;0,78;0;780;Actif
CLI01565;Gabrielle Delaunay;Femme;62;Korhogo;Agriculture;1123704;62185;6;13,11;Oui;2023-01-26;0,31;10;641;DÇfaut
CLI01566;RenÇ Mahe;Homme;63;Daloa;Transport;601729;1161059;6;9,62;Oui;2023-11-05;0,37;6;617;DÇfaut
CLI01567;êtienne de Bourgeois;Homme;34;San Pedro;Commerce;659965;994670;36;5,06;Oui;2026-04-08;0,33;7;618;DÇfaut
CLI01568;Auguste Lemaåtre;Femme;34;Yamoussoukro;Transport;1017583;1261178;12;19,49;Non;2026-05-04;0,96;0;809;Actif
CLI01569;Constance Bonnet;Femme;63;BouakÇ;Transport;1168140;2357409;24;18,26;Oui;2022-02-02;1,04;0;730;SoldÇ
CLI01570;Constance Texier;Femme;33;San Pedro;Transport;589122;4159690;24;23,98;Oui;2024-01-26;0,58;3;636;En retard
CLI01571;Sabine Morvan de Blot;Homme;24;Yamoussoukro;Immobilier;204974;3898253;36;10,78;Oui;2024-02-04;0,55;3;653;En retard
CLI01572;Laetitia Maillard;Homme;48;San Pedro;Agriculture;108872;4019774;36;6,31;Oui;2024-05-25;0,6;3;560;En retard
CLI01573;Georges Deschamps-LÇvàque;Femme;51;BouakÇ;SantÇ;899136;2311900;12;14,61;Oui;2024-03-12;0,58;2;738;En retard
CLI01574;Adrien Loiseau;Femme;45;Korhogo;Immobilier;539009;4678385;36;17,84;Non;2024-08-31;0,26;10;452;DÇfaut
CLI01575;Luc Faivre;Homme;38;Yamoussoukro;Immobilier;1163138;2652290;24;5,41;Oui;2026-03-26;0,72;1;788;En retard
CLI01576;AdÇlaãde Le Gallet;Homme;63;Daloa;Education;1191321;1584672;24;24,55;Non;2023-02-04;0,1;6;681;DÇfaut
CLI01577;Henri Laporte;Femme;57;Yamoussoukro;SantÇ;795750;62251;24;8,87;Non;2025-08-06;0,22;10;514;DÇfaut
CLI01578;Laurence Diallo de la Descamps;Femme;58;Korhogo;Agriculture;498312;3421831;36;16,3;Non;2024-08-18;0,49;4;682;En retard
CLI01579;HonorÇ Mallet;Homme;41;BouakÇ;Transport;176056;2869813;18;14,43;Non;2025-04-05;0,37;11;439;DÇfaut
CLI01580;Marine Le Lemoine;Homme;65;San Pedro;Transport;239946;915640;36;22,92;Oui;2025-08-01;0,35;6;562;DÇfaut
CLI01581;Suzanne Blanchard;Homme;27;Yamoussoukro;Commerce;1005433;1188512;12;19,76;Oui;2026-02-03;0,34;7;656;DÇfaut
CLI01582;Virginie du Dias;Femme;28;Abidjan;Immobilier;668064;4987754;24;22,86;Oui;2022-04-22;0,2;9;582;DÇfaut
CLI01583;êdith Pichon;Homme;23;San Pedro;Agriculture;1078270;2374328;36;8,34;Oui;2021-06-29;0,93;0;743;Actif
CLI01584;Paulette-Philippine Guyot;Femme;42;Abidjan;Transport;289911;794154;36;16,66;Non;2023-10-21;1,12;0;723;SoldÇ
CLI01585;Luce-êlisabeth Tanguy;Femme;43;Daloa;Immobilier;1028658;4716472;12;5,54;Oui;2023-07-15;0,21;15;472;DÇfaut
CLI01586;Dominique Buisson Le Delannoy;Homme;32;BouakÇ;Immobilier;409156;2014776;6;19,65;Oui;2023-01-09;0,32;9;568;DÇfaut
CLI01587;Suzanne Mathieu;Femme;24;Daloa;Immobilier;1022600;1942681;36;7,69;Non;2023-07-18;0,23;9;609;DÇfaut
CLI01588;Philippe Le Blanchard;Femme;30;Daloa;Transport;212682;1384366;24;12,56;Oui;2025-11-11;0,29;6;572;DÇfaut
CLI01589;Michelle Rodrigues;Homme;26;Yamoussoukro;SantÇ;410373;1826582;6;8,07;Oui;2025-09-07;0,22;9;509;DÇfaut
CLI01590;Paul de la Lesage;Femme;49;Yamoussoukro;Immobilier;410085;4519851;36;9,31;Non;2024-10-28;0,59;2;659;En retard
CLI01591;FrÇdÇrique Breton de la Legros;Femme;59;Abidjan;Education;529099;218004;12;13,12;Non;2024-09-02;0,51;5;607;En retard
CLI01592;Guillaume Lacombe;Homme;65;San Pedro;SantÇ;345874;501241;12;19,74;Non;2023-04-10;0,69;1;592;En retard
CLI01593;Hortense Olivier;Homme;24;Abidjan;Education;1166229;1558209;36;22,52;Oui;2026-01-31;0,98;0;818;Actif
CLI01594;Christiane Dufour;Homme;36;BouakÇ;Commerce;255254;2894677;36;15,75;Oui;2022-08-23;0,39;11;512;DÇfaut
CLI01595;Bertrand David;Femme;52;Abidjan;Transport;510546;1221992;12;18,98;Non;2024-02-27;0,2;8;484;DÇfaut
CLI01596;Xavier Julien;Homme;41;Abidjan;SantÇ;1046575;1431055;18;24,86;Oui;2024-03-06;0,47;1;729;En retard
CLI01597;Roger Pineau;Homme;22;Abidjan;SantÇ;255392;2755297;12;20,15;Oui;2023-06-14;0,99;0;722;Actif
CLI01598;GÇrard Bernard;Homme;51;Daloa;Agriculture;286067;3732423;36;17,95;Oui;2023-10-08;0,16;15;473;DÇfaut
CLI01599;FrÇdÇrique Munoz;Femme;41;BouakÇ;Commerce;874915;1016011;36;17,91;Non;2025-01-29;0,93;0;778;Actif
CLI01600;Philippe Bigot;Homme;59;BouakÇ;Immobilier;1079876;2459072;24;15,44;Oui;2022-02-28;0,94;0;754;Actif
CLI01601;Augustin-Julien Peltier;Homme;41;Abidjan;SantÇ;875754;3983203;6;15,14;Oui;2022-01-09;0,61;1;720;En retard
CLI01602;Gabriel-Auguste Georges;Femme;36;Korhogo;Agriculture;872504;2947023;18;6,77;Non;2022-10-24;0,9;0;812;Actif
CLI01603;Victoire Sauvage;Femme;45;Yamoussoukro;SantÇ;337828;2028048;24;7,99;Non;2022-02-16;0,4;9;507;DÇfaut
CLI01604;Suzanne De Oliveira;Homme;44;Abidjan;Transport;730382;1478040;36;12,51;Non;2025-07-04;0,15;6;606;DÇfaut
CLI01605;Richard Humbert;Homme;36;Korhogo;SantÇ;940217;4733044;24;17,36;Oui;2023-04-09;0,97;0;727;Actif
CLI01606;Daniel Martins;Homme;29;Yamoussoukro;Education;215296;559287;18;21,04;Non;2021-06-03;1,12;0;677;SoldÇ
CLI01607;Mathilde-êlise Bonneau;Homme;56;San Pedro;Agriculture;1190000;91705;18;17,51;Non;2025-04-19;0,38;8;662;DÇfaut
CLI01608;RÇmy Gilbert;Homme;45;Daloa;Transport;473601;4481880;6;12,99;Oui;2021-08-25;0,37;7;627;DÇfaut
CLI01609;Laetitia Pierre;Femme;31;Daloa;Agriculture;1174133;4843421;18;13,15;Non;2023-02-21;0,27;9;601;DÇfaut
CLI01610;Benoåt Clerc;Femme;54;San Pedro;Commerce;983639;1844107;6;11,19;Oui;2025-08-04;0,96;0;769;Actif
CLI01611;HÇläne Grenier du Lecoq;Femme;39;BouakÇ;Transport;897639;1364260;18;23,92;Oui;2021-12-17;0,51;3;704;En retard
CLI01612;Louise LÇvàque;Homme;64;San Pedro;Transport;853948;2901545;36;18,66;Oui;2023-02-28;0,42;6;573;DÇfaut
CLI01613;AimÇe-Marine Ramos;Femme;47;BouakÇ;SantÇ;666757;2487735;36;16,51;Oui;2023-07-10;1;0;777;SoldÇ
CLI01614;Gabriel Gilbert;Homme;44;Yamoussoukro;SantÇ;586343;4714823;36;15,37;Non;2021-09-03;1,01;0;708;SoldÇ
CLI01615;Matthieu Leconte;Homme;50;BouakÇ;Agriculture;209037;2901531;6;10,79;Non;2022-07-10;0,8;0;684;Actif
CLI01616;Arthur-ThÇophile Boucher;Homme;34;Daloa;Agriculture;824622;1680149;36;10,15;Non;2022-09-05;0,45;1;850;En retard
CLI01617;Gilles Chauveau;Homme;27;Korhogo;Agriculture;268864;843351;36;14,09;Oui;2022-11-03;0,61;1;710;En retard
CLI01618;Christine Poulain-Dos Santos;Homme;58;Abidjan;Transport;271718;1710861;24;9,34;Oui;2025-01-26;0,55;3;619;En retard
CLI01619;Gabrielle Da Costa;Homme;25;San Pedro;Education;255878;4285294;24;20,17;Oui;2021-09-19;0,46;4;585;En retard
CLI01620;Guy Marty;Femme;56;Korhogo;Commerce;1179901;120312;6;23,23;Oui;2023-05-24;0,33;6;742;DÇfaut
CLI01621;Anouk Dumont-Courtois;Femme;47;Daloa;Transport;314911;4661557;12;21,75;Oui;2021-08-20;0,68;1;669;En retard
CLI01622;Alain du Jacob;Femme;51;Abidjan;Education;1123022;2263645;18;21,46;Non;2025-10-03;0,76;0;732;Actif
CLI01623;Louis Guilbert;Homme;46;Abidjan;Education;851552;2950718;12;22,72;Oui;2024-12-09;0,18;15;492;DÇfaut
CLI01624;Gilles Guichard;Femme;27;San Pedro;Agriculture;692879;1944517;12;12,94;Oui;2022-03-08;0,63;1;703;En retard
CLI01625;Geneviäve Ribeiro du Mahe;Homme;31;San Pedro;Commerce;532115;4293399;12;6,47;Non;2025-12-05;0,6;3;725;En retard
CLI01626;William Lebon;Homme;37;Daloa;Commerce;156510;2515817;12;15,39;Non;2025-11-29;0,55;1;713;En retard
CLI01627;Susan Guillet;Femme;36;Korhogo;SantÇ;1112586;3367665;24;13,71;Oui;2023-01-09;0,97;0;759;Actif
CLI01628;Manon Ferreira;Homme;28;Korhogo;Agriculture;350084;3627875;6;23,78;Oui;2026-03-25;1,14;0;749;SoldÇ
CLI01629;Marguerite Carpentier;Femme;45;Yamoussoukro;SantÇ;914310;791383;6;12,73;Oui;2023-03-02;0,85;0;786;Actif
CLI01630;Jacques Chartier;Homme;27;San Pedro;Education;448067;1883783;18;22,95;Oui;2025-01-13;0,49;4;680;En retard
CLI01631;Henri Jacquot;Homme;52;Yamoussoukro;SantÇ;1097685;3610742;36;17,88;Non;2024-05-14;0,26;9;613;DÇfaut
CLI01632;LÇon Lesage;Homme;28;Yamoussoukro;Immobilier;587720;2600188;36;5,1;Oui;2025-04-09;0,68;4;618;En retard
CLI01633;Raymond Le Gaudin;Homme;51;Abidjan;Commerce;1188571;1195005;24;5,92;Oui;2024-07-11;0,36;11;561;DÇfaut
CLI01634;Michäle Reynaud de la Dos Santos;Femme;49;Yamoussoukro;Education;117862;448385;36;12,36;Non;2021-06-10;0,72;1;728;En retard
CLI01635;Augustin-Eugäne Marin;Homme;22;Korhogo;Education;1030236;2191141;36;21,15;Non;2025-06-27;0,54;5;667;En retard
CLI01636;Lorraine Petitjean Le Aubert;Femme;63;Abidjan;Education;701620;4686371;36;20,19;Non;2022-07-23;0,92;0;707;Actif
CLI01637;Claire Vallet;Femme;30;Korhogo;Commerce;847936;4909349;24;17,74;Non;2025-05-22;0,73;2;657;En retard
CLI01638;Jules de Godard;Femme;22;BouakÇ;Agriculture;1129495;2647056;36;17,38;Oui;2025-04-19;1,17;0;803;SoldÇ
CLI01639;Patrick-Christophe David;Homme;32;San Pedro;Education;547723;2519871;12;20,53;Oui;2023-07-04;0,57;5;712;En retard
CLI01640;Margaud Riviäre;Homme;56;Daloa;Transport;1071905;1350241;24;17,8;Oui;2023-03-02;0,6;4;670;En retard
CLI01641;Maurice Gilbert-Chevalier;Homme;34;Daloa;Agriculture;729072;4761542;12;15,4;Non;2025-10-02;0,34;15;426;DÇfaut
CLI01642;Richard Dupuy;Homme;63;BouakÇ;SantÇ;116698;2438248;6;22,95;Oui;2022-10-31;1,16;0;743;SoldÇ
CLI01643;Astrid Robert;Femme;42;San Pedro;SantÇ;142788;4657461;12;13,12;Oui;2021-08-01;0,94;0;664;Actif
CLI01644;Augustin Carre;Femme;26;Abidjan;Education;882021;4855944;24;11,89;Oui;2023-01-31;0,79;0;757;Actif
CLI01645;Robert de Chauvin;Femme;48;Yamoussoukro;Agriculture;286051;1272367;12;21,14;Oui;2021-06-08;0,45;3;613;En retard
CLI01646;Alice Martins;Femme;46;Daloa;Commerce;392375;2068305;36;20,93;Non;2023-08-21;0,44;14;455;DÇfaut
CLI01647;Franáois Pruvost;Homme;31;Korhogo;Transport;1083313;1926822;6;5,13;Non;2022-06-16;1,04;0;781;SoldÇ
CLI01648;Christiane Olivier;Femme;25;Abidjan;Commerce;195659;1029654;24;15,08;Non;2026-02-05;0,18;9;568;DÇfaut
CLI01649;Jean Le Gall du Grenier;Homme;45;Daloa;Immobilier;1186902;519646;36;17,97;Oui;2024-04-20;0,19;15;560;DÇfaut
CLI01650;GrÇgoire Riou;Homme;50;Daloa;Agriculture;935199;1536370;36;8,92;Non;2023-02-19;0,74;4;801;En retard
CLI01651;Michel Picard du Le Goff;Homme;44;San Pedro;Agriculture;542444;2397134;18;5,34;Non;2023-02-16;0,64;4;673;En retard
CLI01652;Gabriel Gaillard;Homme;49;Abidjan;Education;373036;3432448;24;18,43;Non;2025-07-30;0,76;0;716;Actif
CLI01653;AimÇe Fernandes-Lefort;Homme;52;Yamoussoukro;Commerce;1074342;3275194;6;24,64;Oui;2026-03-25;0,72;5;682;En retard
CLI01654;êlÇonore Baudry;Femme;54;Abidjan;Agriculture;1198906;2254518;6;24,41;Oui;2022-02-28;0,32;13;523;DÇfaut
CLI01655;Nicolas Olivier;Femme;43;San Pedro;Commerce;439134;1749687;18;23,32;Oui;2024-09-23;0,54;4;659;En retard
CLI01656;Denis Guichard;Homme;31;BouakÇ;Education;293189;709299;36;8,27;Non;2025-06-19;0,52;2;670;En retard
CLI01657;Olivier Valette;Femme;29;BouakÇ;Transport;1060896;4208636;36;16,47;Oui;2021-07-27;0,48;1;750;En retard
CLI01658;Valentine du Poirier;Homme;63;Korhogo;Immobilier;702284;2626126;18;16,85;Oui;2023-10-30;0,9;0;796;Actif
CLI01659;Camille Mace;Homme;30;Yamoussoukro;Immobilier;909609;2516389;36;5,86;Non;2026-03-03;1;0;725;SoldÇ
CLI01660;Claire Maillard-Ledoux;Homme;36;BouakÇ;Transport;1027364;1768744;18;21,64;Oui;2025-01-07;0,54;5;730;En retard
CLI01661;Josette-StÇphanie Lecomte;Femme;63;San Pedro;Education;1156658;1478732;12;6,5;Oui;2024-12-02;1,02;0;850;SoldÇ
CLI01662;Franck-Maurice Bertin;Homme;27;Daloa;Transport;485558;2240251;36;23,61;Non;2023-06-05;0,56;5;621;En retard
CLI01663;Bernadette Rocher;Femme;35;Korhogo;SantÇ;973429;1993043;36;9,86;Oui;2023-01-08;0,23;14;412;DÇfaut
CLI01664;Agathe Paul;Femme;47;Daloa;Education;141146;2889302;12;16,45;Non;2025-05-26;0,59;1;640;En retard
CLI01665;AndrÇe Boyer;Femme;46;San Pedro;Education;329550;3854852;24;19;Oui;2021-06-07;0,54;4;666;En retard
CLI01666;Julien Lucas;Homme;21;BouakÇ;SantÇ;845641;68886;24;15,81;Oui;2024-06-26;0,19;8;622;DÇfaut
CLI01667;êlÇonore Da Silva-Leduc;Femme;41;Yamoussoukro;Education;413902;773006;24;18,57;Oui;2024-05-18;0,83;0;693;Actif
CLI01668;Alain Diaz;Femme;27;Korhogo;Agriculture;635553;3446838;36;8,01;Oui;2021-12-16;0,18;8;548;DÇfaut
CLI01669;JÇrìme Martinez;Femme;57;BouakÇ;Transport;914520;3881293;36;24,1;Non;2023-08-29;0,71;5;686;En retard
CLI01670;Paul Lucas-Buisson;Femme;55;Korhogo;SantÇ;113903;1378226;12;22,84;Oui;2023-04-23;0,14;11;499;DÇfaut
CLI01671;AmÇlie Goncalves;Homme;63;Korhogo;Immobilier;988383;2153622;36;24,38;Non;2026-02-27;0,81;0;767;Actif
CLI01672;Eugäne LabbÇ;Homme;62;Daloa;SantÇ;256190;2428723;18;14,04;Oui;2021-12-15;0,7;4;606;En retard
CLI01673;Christiane Bazin;Femme;26;BouakÇ;Education;828552;1551915;12;22,9;Non;2025-02-23;0,54;4;671;En retard
CLI01674;Juliette Masson;Homme;22;Daloa;SantÇ;1027926;2356028;24;20,6;Oui;2024-01-04;1,16;0;742;SoldÇ
CLI01675;Danielle Carre;Femme;52;Korhogo;Transport;1196098;4181147;24;15,84;Non;2022-08-01;1,04;0;842;SoldÇ
CLI01676;AndrÇ De Oliveira;Homme;29;Daloa;Education;751332;4379502;36;8,92;Oui;2025-03-06;1,19;0;718;SoldÇ
CLI01677;Caroline HervÇ;Femme;64;Yamoussoukro;Commerce;1179718;55491;24;17,87;Oui;2026-02-18;0,85;0;850;Actif
CLI01678;êlise-Capucine Gonzalez;Femme;22;Abidjan;SantÇ;835723;3322852;24;19,55;Oui;2021-06-08;0,47;4;731;En retard
CLI01679;Maryse Garcia-Duhamel;Homme;31;Yamoussoukro;Agriculture;666357;4594696;12;20,57;Non;2025-06-16;0,48;3;700;En retard
CLI01680;Pauline Lopez;Femme;50;BouakÇ;SantÇ;906418;1695066;12;12,06;Non;2024-09-01;1;0;756;SoldÇ
CLI01681;Hugues Mace;Homme;61;BouakÇ;Education;359126;4518637;36;21,93;Oui;2023-04-09;0,97;0;706;Actif
CLI01682;Agathe Mace du Garnier;Homme;42;BouakÇ;Education;929139;1429267;18;6,59;Non;2025-04-01;0,85;0;777;Actif
CLI01683;Laure Perrier;Femme;51;Daloa;Agriculture;453080;2930234;24;8,35;Oui;2021-11-10;0,73;4;599;En retard
CLI01684;Lorraine-Audrey Brunel;Femme;54;Korhogo;SantÇ;856055;907489;12;22,21;Oui;2022-12-05;1,13;0;789;SoldÇ
CLI01685;Victor Clerc;Femme;44;Abidjan;Education;847147;265245;24;15,38;Non;2024-04-10;1,15;0;734;SoldÇ
CLI01686;êric Gallet;Femme;52;Daloa;Education;682521;2245357;12;5,15;Oui;2022-01-04;0,44;15;493;DÇfaut
CLI01687;êdouard-RenÇ Parent;Homme;28;Yamoussoukro;Commerce;1089185;4112175;12;5,94;Oui;2025-09-06;0,67;3;689;En retard
CLI01688;StÇphane Techer;Homme;44;Yamoussoukro;Agriculture;520791;3359563;18;6,76;Non;2021-08-10;0,42;7;586;DÇfaut
CLI01689;SÇbastien Teixeira;Homme;34;Daloa;Education;443876;3121154;36;22,72;Non;2021-08-19;1;0;724;SoldÇ
CLI01690;HonorÇ Jean;Homme;36;BouakÇ;SantÇ;973911;3802449;18;5,92;Non;2021-10-26;1,16;0;749;SoldÇ
CLI01691;Marguerite Boucher;Homme;39;Daloa;Education;262739;345213;18;8,55;Oui;2025-07-27;0,52;5;646;En retard
CLI01692;Xavier Pineau;Femme;56;San Pedro;Agriculture;206127;1154229;24;5,13;Non;2025-08-19;0,5;2;650;En retard
CLI01693;Jules Guibert Le Charles;Homme;42;San Pedro;Education;977899;3540358;6;24,11;Non;2021-05-26;1,05;0;797;SoldÇ
CLI01694;Joseph Leleu-Bernier;Femme;38;Korhogo;SantÇ;706314;1455845;12;14,85;Non;2025-04-04;0,47;3;642;En retard
CLI01695;Margot Leleu;Femme;58;BouakÇ;Education;964923;3101018;18;20,75;Non;2024-08-16;1,03;0;770;SoldÇ
CLI01696;Margaret de Lefort;Homme;40;Abidjan;Agriculture;328843;746068;24;24,71;Oui;2025-10-06;0,13;6;682;DÇfaut
CLI01697;Suzanne Cousin;Femme;44;Yamoussoukro;Commerce;561450;4968503;12;6,45;Non;2022-07-17;0,36;7;526;DÇfaut
CLI01698;Bernard Bigot;Homme;21;Daloa;Commerce;759428;2901537;24;5,68;Oui;2023-07-21;0,32;12;479;DÇfaut
CLI01699;Josette Lefort;Femme;40;BouakÇ;Transport;676352;4410474;36;17,34;Non;2025-03-26;0,52;5;644;En retard
CLI01700;AmÇlie-Adäle Michel;Homme;48;Yamoussoukro;Education;1021630;3749911;18;17,86;Oui;2025-06-09;0,26;6;651;DÇfaut
CLI01701;Paul Lejeune;Homme;44;Daloa;Education;683797;1804484;6;15,52;Oui;2023-09-05;0,99;0;764;Actif
CLI01702;Guillaume-êtienne Marty;Homme;29;Korhogo;Commerce;479347;577774;12;9;Non;2026-02-19;0,26;6;641;DÇfaut
CLI01703;Raymond Coulon;Homme;45;Daloa;Education;97018;803724;36;9,89;Oui;2026-02-07;0,39;8;567;DÇfaut
CLI01704;AimÇ Bernard de Riviäre;Femme;43;BouakÇ;Agriculture;130804;4517043;12;20,34;Non;2021-10-19;0,54;1;692;En retard
CLI01705;ZoÇ Laporte-Normand;Femme;51;BouakÇ;Transport;1053626;2741475;18;19,94;Non;2024-01-28;0,5;3;734;En retard
CLI01706;Philippe Langlois;Homme;57;Daloa;Education;148563;2779940;12;17,37;Non;2024-12-03;0,66;4;597;En retard
CLI01707;Patrick Durand;Homme;27;Daloa;Transport;903122;495405;36;22,38;Oui;2022-10-20;0,89;0;812;Actif
CLI01708;ZoÇ Turpin;Homme;25;Korhogo;SantÇ;1038748;1854125;12;13,86;Oui;2022-01-17;0,89;0;850;Actif
CLI01709;HÇläne Renard-Gauthier;Homme;22;Daloa;Transport;763299;1574958;12;8,1;Oui;2023-10-19;1,15;0;755;SoldÇ
CLI01710;Valentine Pages Le Legros;Homme;27;BouakÇ;Agriculture;975693;2792694;36;6,51;Oui;2022-05-01;0,43;14;450;DÇfaut
CLI01711;Guillaume Philippe-Millet;Femme;62;Yamoussoukro;Transport;842718;2101192;36;22,11;Non;2023-08-11;0,69;3;747;En retard
CLI01712;Brigitte de Blanchet;Homme;52;Korhogo;Immobilier;1051038;4186437;12;8,23;Oui;2023-05-15;0,53;2;718;En retard
CLI01713;PÇnÇlope Techer;Femme;37;Abidjan;Agriculture;1124627;1027095;12;22,87;Non;2025-02-21;0,76;0;715;Actif
CLI01714;Benjamin Lebrun-Roger;Homme;49;Korhogo;Transport;226554;1409705;6;11,62;Non;2024-08-06;0,83;0;742;Actif
CLI01715;Michelle de la Hubert;Homme;34;BouakÇ;Agriculture;1108291;2792041;12;16,59;Oui;2022-02-12;0,71;5;661;En retard
CLI01716;Benoåt Diallo;Homme;64;Korhogo;Agriculture;286687;1180082;18;12,94;Oui;2021-06-06;0,97;0;713;Actif
CLI01717;Olivier Gay;Homme;23;Korhogo;Education;173251;2275594;36;14,78;Non;2024-09-07;0,99;0;707;Actif
CLI01718;êmilie Klein;Femme;43;Abidjan;Commerce;521630;3172180;36;12,15;Non;2024-02-21;0,36;14;448;DÇfaut
CLI01719;Paulette Blin;Homme;22;Abidjan;Transport;663281;2584228;12;23,45;Non;2024-09-29;0,81;0;768;Actif
CLI01720;Patricia Voisin-Rey;Homme;43;BouakÇ;SantÇ;421845;1812038;36;22,97;Oui;2024-02-05;1,05;0;706;SoldÇ
CLI01721;Georges Lebrun;Homme;58;Abidjan;Education;810328;251577;6;11,06;Oui;2024-03-21;0,63;5;699;En retard
CLI01722;Nicole Mathieu;Homme;21;Korhogo;Commerce;951543;3993456;6;9,21;Oui;2024-07-23;0,75;0;744;Actif
CLI01723;êmile Pages-Collin;Homme;46;San Pedro;SantÇ;181536;1316107;12;7,31;Non;2023-02-02;0,27;13;474;DÇfaut
CLI01724;Daniel Jacquet;Homme;24;Abidjan;Commerce;321520;798570;6;7,25;Oui;2023-10-11;0,54;2;708;En retard
CLI01725;Alain Dos Santos;Homme;49;Korhogo;SantÇ;365184;2926780;36;20,2;Oui;2022-02-15;1,13;0;669;SoldÇ
CLI01726;Jeanne Marin;Homme;23;Daloa;Agriculture;695749;4847309;12;13,63;Oui;2025-04-04;0,47;5;664;En retard
CLI01727;Chantal Gonzalez de la Menard;Femme;62;Abidjan;Commerce;712218;4420403;6;7,99;Oui;2021-09-02;0,96;0;705;Actif
CLI01728;Patrick Mace;Femme;22;BouakÇ;Agriculture;907921;4452478;12;23,44;Non;2023-09-14;1,05;0;778;SoldÇ
CLI01729;Margaux Weber;Femme;45;Daloa;Transport;350128;193570;36;8,87;Non;2024-04-01;1,03;0;747;SoldÇ
CLI01730;Luc Chauvet;Homme;62;Abidjan;Commerce;82592;1850347;36;16,92;Non;2026-02-25;0,24;15;463;DÇfaut
CLI01731;Richard Aubert de la Launay;Homme;50;Korhogo;Immobilier;328827;1240167;18;8,82;Non;2021-11-06;1,13;0;711;SoldÇ
CLI01732;êmilie Pires-Garcia;Femme;40;BouakÇ;Transport;353329;1828490;6;10,19;Oui;2023-09-12;0,18;8;543;DÇfaut
CLI01733;GÇrard Boyer-Guillot;Homme;48;Abidjan;Agriculture;338186;3085187;36;8,24;Non;2023-12-28;0,35;13;442;DÇfaut
CLI01734;Christine-DorothÇe VallÇe;Homme;49;BouakÇ;Immobilier;259041;3667351;24;22,24;Oui;2022-11-15;0,12;9;497;DÇfaut
CLI01735;AndrÇ Royer;Homme;42;BouakÇ;SantÇ;749904;2239945;12;21,56;Oui;2025-09-22;0,85;0;784;Actif
CLI01736;Alexandria Diaz;Femme;23;Korhogo;SantÇ;603653;541973;6;5,34;Non;2026-01-08;0,5;4;610;En retard
CLI01737;GrÇgoire Henry;Femme;44;Yamoussoukro;Transport;967491;2635866;36;6,3;Non;2022-04-20;0,59;3;668;En retard
CLI01738;Louis Pires;Homme;36;San Pedro;Commerce;606974;4072937;6;7,74;Non;2026-03-23;0,99;0;677;Actif
CLI01739;StÇphane Becker;Homme;23;Abidjan;Transport;204567;1044130;36;7,45;Oui;2026-02-22;0,33;12;508;DÇfaut
CLI01740;Zacharie Allain-Martineau;Femme;38;Daloa;SantÇ;268703;4151896;12;13,48;Oui;2025-04-03;0,15;6;633;DÇfaut
CLI01741;AimÇe Ollivier;Femme;49;Daloa;Commerce;305238;1292622;36;5,61;Non;2023-08-31;0,89;0;713;Actif
CLI01742;Nicolas Caron;Femme;26;Daloa;Agriculture;489963;4314458;6;13,17;Non;2023-09-25;0,21;6;579;DÇfaut
CLI01743;Benoåt Charles;Femme;26;Yamoussoukro;Agriculture;180240;2463614;18;24,4;Non;2025-04-28;1,15;0;696;SoldÇ
CLI01744;Victoire Rossi;Femme;32;San Pedro;Transport;319507;1698811;6;5,35;Non;2021-05-31;0,58;3;701;En retard
CLI01745;Sophie Bailly;Femme;59;Daloa;Agriculture;612174;4212210;6;9,09;Oui;2025-04-25;0,72;3;622;En retard
CLI01746;Gilles Gillet;Femme;31;Yamoussoukro;Education;1001648;2182561;24;22,79;Oui;2023-05-03;0,58;2;747;En retard
CLI01747;HonorÇ Le Hardy;Homme;54;San Pedro;Transport;584465;1209490;24;5,38;Non;2021-11-28;0,16;10;585;DÇfaut
CLI01748;RenÇe Daniel de Hardy;Homme;40;San Pedro;Education;772755;4993525;6;20,1;Oui;2026-04-03;0,97;0;747;Actif
CLI01749;êdith Chevalier;Femme;63;Korhogo;Agriculture;1060122;1092900;18;5,75;Non;2021-11-16;0,92;0;802;Actif
CLI01750;Daniel Dupuis du Pruvost;Homme;57;Yamoussoukro;Agriculture;645300;4866477;6;11,3;Oui;2022-02-01;0,83;0;755;Actif
CLI01751;Suzanne du Barbe;Homme;37;San Pedro;Education;1132426;367909;36;10,95;Non;2023-11-22;1,01;0;701;SoldÇ
CLI01752;Hortense Martinez;Femme;61;San Pedro;Education;549092;596254;12;14,26;Non;2022-04-16;0,58;1;756;En retard
CLI01753;Nath Bailly;Femme;27;San Pedro;Education;941692;3254481;6;7,97;Non;2026-03-02;0,63;1;715;En retard
CLI01754;Marguerite Lacroix;Femme;36;Korhogo;Education;569263;1511257;18;13,74;Non;2024-12-23;0,33;14;388;DÇfaut
CLI01755;SÇbastien Boucher;Homme;60;San Pedro;SantÇ;1015472;172981;6;19,23;Oui;2026-04-03;1,1;0;820;SoldÇ
CLI01756;Jules Godard de Dumas;Homme;22;Abidjan;Commerce;529508;3969732;6;15,31;Oui;2021-10-21;1;0;768;SoldÇ
CLI01757;Thibault Guyon;Femme;24;BouakÇ;Immobilier;412101;280094;18;6,9;Oui;2022-02-08;1,12;0;732;SoldÇ
CLI01758;Alexandrie Adam;Femme;30;Daloa;Education;314790;750455;24;24,25;Non;2024-05-27;0,9;0;762;Actif
CLI01759;VÇronique Barbe;Homme;25;Yamoussoukro;Education;916767;2231337;18;15,7;Non;2025-05-09;0,28;7;693;DÇfaut
CLI01760;Chantal Carlier;Homme;57;Abidjan;Immobilier;1003488;4301749;18;13,75;Oui;2023-10-05;0,11;8;649;DÇfaut
CLI01761;êlÇonore Petit;Homme;47;BouakÇ;Transport;1074695;2736016;24;18,33;Oui;2024-08-07;1,01;0;845;SoldÇ
CLI01762;Lucie Guilbert;Homme;40;BouakÇ;Education;925633;817588;6;23,68;Non;2022-11-18;0,66;4;734;En retard
CLI01763;êlise Lamy-Simon;Femme;56;Yamoussoukro;Commerce;1138404;1311957;24;19,52;Oui;2021-10-31;0,53;4;723;En retard
CLI01764;Adrien Fischer-Petit;Femme;35;Abidjan;Transport;327283;2219725;6;20,8;Non;2023-06-13;0,57;3;586;En retard
CLI01765;Nathalie-Agnäs Morel;Homme;32;Abidjan;Transport;1102375;2433350;36;16,16;Non;2025-01-08;0,47;4;696;En retard
CLI01766;AndrÇ Courtois;Femme;32;Korhogo;Transport;694150;428893;36;23,52;Non;2025-08-15;0,87;0;731;Actif
CLI01767;OcÇane Henry-Legrand;Femme;55;BouakÇ;Commerce;601467;2271566;36;13,59;Non;2021-07-08;0,39;14;544;DÇfaut
CLI01768;Tristan Blanc de la Petit;Femme;21;Daloa;Transport;400757;4754609;18;7,04;Oui;2022-08-18;0,26;11;465;DÇfaut
CLI01769;David Maillet;Femme;55;Yamoussoukro;Education;342265;52879;36;24,35;Oui;2025-06-09;1,16;0;738;SoldÇ
CLI01770;Hortense LÇvy Le Leleu;Femme;55;San Pedro;Agriculture;1132369;1962200;36;5,82;Non;2022-01-27;0,58;3;755;En retard
CLI01771;Suzanne-Lucie Cohen;Femme;59;BouakÇ;Commerce;222920;3614440;6;17,46;Oui;2023-12-24;0,17;10;487;DÇfaut
CLI01772;Pierre-Richard Torres;Homme;43;Yamoussoukro;Agriculture;422349;1766066;24;7,16;Oui;2025-07-01;0,33;12;552;DÇfaut
CLI01773;êlÇonore GÇrard de Noâl;Homme;23;Yamoussoukro;Immobilier;613751;2744568;36;15,22;Oui;2025-08-02;0,54;1;689;En retard
CLI01774;Brigitte Toussaint;Femme;52;Daloa;Immobilier;383341;2249348;6;17,33;Oui;2023-02-12;0,57;1;703;En retard
CLI01775;Virginie Lebreton;Femme;22;Korhogo;Agriculture;953234;3422763;6;14,4;Oui;2025-06-20;0,91;0;731;Actif
CLI01776;Thibaut Marchand;Femme;59;San Pedro;Education;167725;4636088;36;24,13;Non;2021-08-18;0,9;0;617;Actif
CLI01777;Thomas Dos Santos;Homme;27;Yamoussoukro;Education;649373;717896;24;10,42;Oui;2022-01-22;0,67;1;713;En retard
CLI01778;Arthur Barthelemy;Homme;46;Daloa;Education;869644;2273203;36;13,44;Oui;2023-09-21;0,83;0;762;Actif
CLI01779;Jean Renaud;Femme;65;Yamoussoukro;Education;1003473;2664022;36;12,62;Non;2024-11-27;0,44;7;616;DÇfaut
CLI01780;Thibault Dupuis;Femme;41;Abidjan;SantÇ;183390;978165;6;17,27;Oui;2023-01-15;0,89;0;680;Actif
CLI01781;Tristan Lebrun;Femme;44;Daloa;SantÇ;596730;3250169;6;12,03;Non;2025-03-03;0,18;7;530;DÇfaut
CLI01782;Denise Texier;Homme;35;Korhogo;Education;908135;1787629;24;11,29;Oui;2023-03-11;0,55;2;729;En retard
CLI01783;Nicolas Gilles;Femme;41;BouakÇ;Immobilier;860955;518179;24;14,71;Non;2024-03-10;0,15;15;420;DÇfaut
CLI01784;Adrienne Nguyen;Femme;32;Daloa;Education;178478;2510524;24;24,97;Non;2021-07-11;0,85;0;723;Actif
CLI01785;Thibault Huet-PrÇvost;Femme;48;Yamoussoukro;Immobilier;1123340;3493190;6;11,54;Oui;2022-09-21;0,58;2;740;En retard
CLI01786;Sylvie Perrot;Femme;44;Yamoussoukro;Agriculture;1107665;3766959;18;15,75;Non;2023-03-31;0,13;13;454;DÇfaut
CLI01787;Thierry Munoz;Homme;53;San Pedro;Transport;140589;3616428;12;9,85;Non;2025-05-28;0,96;0;665;Actif
CLI01788;Odette Bodin du Gilles;Homme;61;Korhogo;Education;466558;3562595;18;19,01;Non;2025-04-06;0,16;12;440;DÇfaut
CLI01789;Inäs Lambert-Georges;Femme;35;Yamoussoukro;Agriculture;192615;126806;24;8,21;Oui;2025-11-04;0,31;8;570;DÇfaut
CLI01790;TimothÇe Leduc;Femme;48;San Pedro;Commerce;1083203;4025767;18;13,02;Oui;2021-06-22;0,94;0;821;Actif
CLI01791;CÇlina Maillard;Homme;26;Korhogo;Education;450939;2406616;6;6,85;Non;2023-05-17;1,1;0;646;SoldÇ
CLI01792;Marcelle Pereira;Femme;24;San Pedro;SantÇ;92833;4553427;6;7,17;Non;2024-04-15;0,75;0;668;Actif
CLI01793;Susan Andre;Femme;56;San Pedro;Commerce;348125;1693192;6;8,46;Non;2022-07-09;0,76;0;711;Actif
CLI01794;Christophe Olivier;Femme;49;Abidjan;Agriculture;362926;3477154;18;22,05;Non;2021-08-05;0,8;0;728;Actif
CLI01795;êmile Couturier;Homme;31;Yamoussoukro;Agriculture;192137;1760361;36;10,02;Non;2021-05-29;0,91;0;710;Actif
CLI01796;Sophie Gomez de la Rocher;Femme;43;Yamoussoukro;Education;889226;4515171;6;14,22;Non;2023-10-24;0,49;2;673;En retard
CLI01797;Geneviäve-Maggie Morel;Homme;40;Yamoussoukro;Immobilier;348260;1085203;36;18,89;Non;2022-06-07;0,36;11;491;DÇfaut
CLI01798;Nath Thibault;Homme;23;Daloa;Agriculture;980175;2184604;18;18,06;Non;2022-09-11;0,41;13;484;DÇfaut
CLI01799;Alex de Pasquier;Homme;25;Yamoussoukro;Education;313630;1223932;12;8,08;Non;2025-04-22;0,88;0;762;Actif
CLI01800;Emmanuel Gimenez de Mace;Femme;64;Daloa;Immobilier;257978;3831166;24;23,02;Oui;2022-12-09;0,54;2;648;En retard
CLI01801;Lucy Buisson;Homme;52;Abidjan;Transport;435930;307573;12;22,35;Oui;2024-04-14;0,71;4;736;En retard
CLI01802;FrÇdÇric Roux;Femme;21;Yamoussoukro;Immobilier;207461;614314;36;20,68;Oui;2022-02-24;1,16;0;712;SoldÇ
CLI01803;DorothÇe-Charlotte Leliävre;Homme;23;Korhogo;Agriculture;890786;1975558;18;19,38;Non;2022-05-25;0,65;2;700;En retard
CLI01804;Hugues Da Costa du Leroy;Femme;35;Korhogo;Commerce;720855;149113;6;22,16;Oui;2021-11-01;1,05;0;710;SoldÇ
CLI01805;TimothÇe Gallet Le Jacques;Femme;49;BouakÇ;Immobilier;1074407;4287559;18;15,28;Non;2022-01-22;0,17;12;452;DÇfaut
CLI01806;Michelle Ledoux;Femme;37;Korhogo;Immobilier;833851;2244902;18;13,55;Oui;2025-03-28;1,01;0;697;SoldÇ
CLI01807;Thibaut-Franck Marie;Homme;51;BouakÇ;SantÇ;536010;3827695;36;7,14;Non;2021-11-28;0,81;0;726;Actif
CLI01808;Capucine Carre;Homme;30;Korhogo;Education;1037335;4263926;36;18,22;Non;2024-08-05;1,06;0;781;SoldÇ
CLI01809;Martine Texier;Femme;58;Yamoussoukro;Immobilier;1186654;4365875;12;22,7;Oui;2024-05-08;0,94;0;711;Actif
CLI01810;Anaãs Delattre;Femme;58;San Pedro;Agriculture;358595;4071006;6;10,48;Non;2025-12-17;0,59;2;690;En retard
CLI01811;Margaux Michel;Homme;26;Korhogo;Transport;879724;2169241;12;10,36;Oui;2024-04-12;1,1;0;746;SoldÇ
CLI01812;Bertrand Lemoine-Fischer;Homme;54;Abidjan;Transport;573807;2048729;36;20,85;Non;2025-11-03;0,27;7;602;DÇfaut
CLI01813;Capucine Chartier Le Tanguy;Homme;57;BouakÇ;Agriculture;520591;1496216;36;22,34;Oui;2023-07-06;1,12;0;801;SoldÇ
CLI01814;Alix Le Fouquet;Homme;23;Abidjan;SantÇ;325310;175014;12;9,6;Oui;2022-10-28;1,08;0;766;SoldÇ
CLI01815;Pierre Guillet;Femme;50;Daloa;Transport;990102;3232658;6;5,91;Non;2025-10-14;0,13;15;455;DÇfaut
CLI01816;Thibaut Barthelemy;Homme;21;Abidjan;SantÇ;255345;2528596;12;12,45;Non;2023-02-06;0,98;0;664;Actif
CLI01817;êtienne Boyer de Carre;Homme;56;San Pedro;Immobilier;686838;2728689;12;17,82;Oui;2024-01-26;0,19;14;375;DÇfaut
CLI01818;Alphonse-Daniel Leleu;Femme;56;Daloa;Commerce;369936;1685672;18;11,19;Non;2024-09-01;1,05;0;691;SoldÇ
CLI01819;Georges ChrÇtien;Homme;21;Yamoussoukro;Immobilier;496401;191781;24;21,71;Oui;2024-10-05;0,54;2;699;En retard
CLI01820;Alain Deschamps-Dupuy;Femme;58;San Pedro;Transport;875217;3720308;6;11,63;Oui;2023-11-02;1,09;0;710;SoldÇ
CLI01821;Roger Dufour;Femme;48;Yamoussoukro;Commerce;643447;821982;6;5,26;Non;2021-11-18;0,81;0;750;Actif
CLI01822;Victor Blondel;Homme;35;Korhogo;Transport;671800;63301;24;15,83;Non;2025-09-09;0,21;15;469;DÇfaut
CLI01823;Roland Legendre;Homme;54;Yamoussoukro;Education;111550;3131003;36;20,2;Oui;2023-09-21;0,57;5;570;En retard
CLI01824;AmÇlie de la Renaud;Homme;45;Korhogo;Transport;929884;1386352;24;17,14;Oui;2026-04-07;0,96;0;753;Actif
CLI01825;Charles-ThÇodore Lecoq;Homme;51;BouakÇ;Immobilier;1189684;4120950;36;6,45;Non;2023-09-07;0,13;15;484;DÇfaut
CLI01826;Maurice Leroux du Guibert;Femme;25;BouakÇ;Transport;1033094;3212962;6;18,86;Oui;2025-05-15;0,36;6;668;DÇfaut
CLI01827;Michel Pelletier Le Menard;Femme;50;Abidjan;Education;1174664;4892845;36;21,62;Non;2023-04-09;0,31;6;604;DÇfaut
CLI01828;Aurore Riou-Ferreira;Homme;57;Abidjan;Transport;852892;1217695;6;20,68;Non;2025-12-06;0,5;5;729;En retard
CLI01829;AndrÇ Leclerc;Femme;50;Abidjan;Education;689825;806755;12;14,77;Oui;2021-06-27;0,52;2;716;En retard
CLI01830;PÇnÇlope Gonzalez-Perrot;Homme;38;Yamoussoukro;Education;272732;3429039;12;13,71;Non;2024-02-17;0,29;8;533;DÇfaut
CLI01831;Denis Lefebvre de la Lefort;Homme;49;Daloa;Immobilier;191976;2267392;18;10,33;Non;2024-12-04;0,25;14;444;DÇfaut
CLI01832;Thierry-Robert Roussel;Femme;52;BouakÇ;Immobilier;175150;2725634;24;20,59;Oui;2022-10-12;0,24;15;399;DÇfaut
CLI01833;TimothÇe Robert de Guillon;Femme;21;Yamoussoukro;Commerce;117878;467593;6;17,64;Non;2026-01-28;0,34;11;525;DÇfaut
CLI01834;Adrien de la VallÇe;Femme;31;Korhogo;Education;523069;1190954;18;21,95;Oui;2021-08-30;0,62;2;711;En retard
CLI01835;AurÇlie Roussel;Femme;38;BouakÇ;SantÇ;90605;539985;6;14,71;Oui;2025-04-27;0,82;0;679;Actif
CLI01836;HÇläne Rey;Femme;49;Abidjan;Transport;584093;805725;12;24,87;Non;2025-03-22;0,18;14;484;DÇfaut
CLI01837;Anne Aubry du Riviäre;Homme;24;San Pedro;Commerce;817006;4768241;6;6,83;Oui;2022-02-24;0,73;1;668;En retard
CLI01838;Inäs Fischer;Homme;41;San Pedro;Commerce;469923;3635321;6;19,95;Oui;2023-02-18;0,15;11;494;DÇfaut
CLI01839;Olivier Arnaud;Homme;33;Abidjan;Transport;171960;325381;24;6,42;Oui;2021-07-02;0,57;3;652;En retard
CLI01840;Alix Joubert;Femme;65;BouakÇ;SantÇ;261663;4279368;36;20,7;Non;2022-07-05;0,72;3;615;En retard
CLI01841;Agnäs Bodin-Leclerc;Homme;57;BouakÇ;Education;1174509;3978596;24;16,86;Non;2023-11-28;0,73;4;692;En retard
CLI01842;Adrien Georges;Femme;38;San Pedro;Agriculture;1070311;1019446;24;21,73;Oui;2021-11-03;0,2;15;421;DÇfaut
CLI01843;Adrien Caron;Femme;55;Korhogo;SantÇ;253313;1838597;6;5,71;Non;2023-09-22;0,47;2;644;En retard
CLI01844;Camille Blondel;Femme;35;Yamoussoukro;Education;464147;626471;24;22,85;Non;2023-07-03;0,33;11;523;DÇfaut
CLI01845;Sophie Bernard de la Grenier;Homme;42;Abidjan;SantÇ;397475;3578893;36;6,21;Non;2024-09-02;1,05;0;710;SoldÇ
CLI01846;Antoinette Marty;Femme;49;Yamoussoukro;Education;486336;4984900;36;9,38;Non;2022-06-30;0,89;0;657;Actif
CLI01847;Benjamin de la Ollivier;Homme;56;BouakÇ;Education;716778;1533749;18;21;Non;2024-05-04;0,52;3;746;En retard
CLI01848;Eugäne Lebon-Leclercq;Homme;42;San Pedro;Immobilier;780433;495208;24;21,33;Oui;2024-08-02;1,12;0;738;SoldÇ
CLI01849;Marianne Charles;Femme;60;Daloa;Commerce;783727;3006474;6;12,28;Oui;2026-03-12;0,54;2;747;En retard
CLI01850;Sabine Pierre;Homme;55;Daloa;Commerce;778994;2772543;6;5,85;Non;2025-04-14;0,79;0;767;Actif
CLI01851;JÇrìme Guibert;Homme;35;Korhogo;SantÇ;289148;749061;6;14,25;Oui;2025-09-05;0,66;4;615;En retard
CLI01852;Suzanne Lombard;Homme;30;Daloa;Commerce;768985;2524068;24;18,64;Oui;2023-11-17;0,16;8;662;DÇfaut
CLI01853;Philippe-Louis Diallo;Femme;60;Daloa;Agriculture;857936;2011322;18;21,35;Oui;2023-09-26;1,13;0;717;SoldÇ
CLI01854;Adrienne Courtois;Homme;26;Abidjan;Commerce;363604;1578747;24;23,02;Non;2022-07-05;0,96;0;757;Actif
CLI01855;Julien Olivier;Homme;47;Daloa;SantÇ;186480;712195;18;7,22;Non;2021-08-19;0,34;8;591;DÇfaut
CLI01856;Matthieu Bousquet;Femme;49;Abidjan;Transport;792579;318356;24;10,65;Non;2023-03-22;1,15;0;749;SoldÇ
CLI01857;Paul Noâl-HervÇ;Homme;29;Daloa;Commerce;1052440;4669980;6;23,62;Non;2022-10-09;0,88;0;814;Actif
CLI01858;Tristan Parent;Homme;63;Yamoussoukro;SantÇ;217914;453865;6;24,65;Oui;2024-04-14;0,42;15;407;DÇfaut
CLI01859;Hugues-Luc Chartier;Homme;34;San Pedro;Commerce;328549;75201;18;11,96;Oui;2022-03-23;1,13;0;743;SoldÇ
CLI01860;Diane Bonneau;Femme;25;Daloa;Immobilier;231013;4603009;18;17,54;Oui;2025-12-02;1,1;0;687;SoldÇ
CLI01861;Marcel Raymond;Homme;55;BouakÇ;Commerce;833242;2953365;12;23,19;Non;2021-11-12;0,85;0;748;Actif
CLI01862;Nath Cohen;Femme;45;Daloa;Commerce;228188;328985;6;13,15;Oui;2021-09-13;0,64;5;651;En retard
CLI01863;TimothÇe Salmon;Femme;57;Yamoussoukro;Commerce;978573;4642746;6;6,47;Non;2024-11-09;0,53;4;703;En retard
CLI01864;êmile Vincent;Homme;51;Korhogo;Immobilier;1130576;2290227;12;19,33;Oui;2026-01-19;1,15;0;720;SoldÇ
CLI01865;Capucine Bägue;Femme;58;Yamoussoukro;Immobilier;866366;1937674;6;5,06;Oui;2022-03-31;0,64;4;739;En retard
CLI01866;Alexandrie Duval;Homme;34;Yamoussoukro;Agriculture;416970;2968722;6;6,46;Non;2025-10-01;0,33;12;405;DÇfaut
CLI01867;Emmanuelle Thomas Le Laine;Femme;32;Daloa;Education;679510;937245;24;15,74;Oui;2025-09-21;0,3;6;679;DÇfaut
CLI01868;Catherine-Alice Schmitt;Homme;35;Daloa;Transport;544146;2631302;18;22,12;Oui;2024-11-14;0,18;6;653;DÇfaut
CLI01869;Georges Roche-Germain;Homme;43;Abidjan;Agriculture;592303;97132;36;16,12;Oui;2022-04-09;0,56;3;654;En retard
CLI01870;Thibaut Guillet Le Tessier;Homme;26;Daloa;Immobilier;885361;3343217;24;9,4;Non;2026-01-03;0,25;6;618;DÇfaut
CLI01871;Richard Fouquet;Femme;42;Yamoussoukro;Agriculture;1026125;2761849;36;22,21;Non;2021-12-06;0,2;15;430;DÇfaut
CLI01872;Aurore Riou;Femme;23;Daloa;Agriculture;564327;2065525;24;18,42;Oui;2023-09-08;1,07;0;727;SoldÇ
CLI01873;Adrienne Bourgeois;Femme;44;Daloa;Education;821811;4417618;12;6,55;Oui;2024-08-20;0,61;4;645;En retard
CLI01874;Zacharie Potier;Homme;21;Daloa;Education;1013059;1010784;6;21,02;Oui;2023-11-26;1,03;0;822;SoldÇ
CLI01875;Nathalie-Danielle Loiseau;Homme;32;Abidjan;Immobilier;476456;3669257;12;6,98;Oui;2024-07-05;0,97;0;763;Actif
CLI01876;Julie Mahe du Bousquet;Homme;54;BouakÇ;Education;1105157;85869;18;16,31;Non;2021-08-11;0,58;1;845;En retard
CLI01877;Margot-Nicole Morin;Femme;42;Daloa;SantÇ;251029;4987041;18;16,38;Oui;2021-11-06;0,61;4;572;En retard
CLI01878;Bernadette Laroche-Carlier;Homme;45;San Pedro;Education;1163732;422932;6;20,01;Oui;2026-02-09;0,95;0;803;Actif
CLI01879;Benoåt Nicolas de la Martel;Homme;25;Yamoussoukro;Immobilier;867349;1346654;36;23,17;Non;2024-05-22;0,63;2;665;En retard
CLI01880;Christophe-Hugues Raynaud;Homme;63;Abidjan;Commerce;281273;4361020;12;8,36;Oui;2026-05-13;0,93;0;652;Actif
CLI01881;Guillaume Thierry;Homme;56;BouakÇ;SantÇ;528269;2520827;36;7,55;Oui;2022-12-13;1,12;0;766;SoldÇ
CLI01882;Anastasie du Paul;Homme;24;Daloa;Agriculture;608402;793906;18;10,57;Oui;2024-07-09;1,19;0;817;SoldÇ
CLI01883;StÇphane Lombard;Homme;25;Daloa;SantÇ;963866;3069072;36;17,05;Oui;2023-03-24;0,32;6;596;DÇfaut
CLI01884;SÇbastien Maillard;Homme;29;BouakÇ;Agriculture;155740;1793636;6;10,54;Oui;2022-04-01;0,89;0;673;Actif
CLI01885;AmÇlie-Capucine Pierre;Homme;49;Abidjan;Agriculture;1124438;3062980;12;18,91;Oui;2023-04-30;0,21;11;560;DÇfaut
CLI01886;Thibault Gallet;Homme;47;Daloa;Education;783521;444556;24;10,07;Non;2024-11-05;0,32;6;665;DÇfaut
CLI01887;HÇläne Cordier;Homme;49;BouakÇ;Commerce;1038226;3905394;18;12,96;Oui;2024-04-06;0,74;5;632;En retard
CLI01888;Bertrand-David Cohen;Homme;62;San Pedro;Immobilier;419527;802112;24;18,65;Oui;2025-05-09;0,99;0;750;Actif
CLI01889;DorothÇe Guilbert;Femme;59;Yamoussoukro;Agriculture;165724;1384806;36;19,98;Oui;2021-06-24;0,68;1;663;En retard
CLI01890;Suzanne Dubois;Femme;25;San Pedro;Transport;891806;3337344;12;8,02;Oui;2024-05-15;0,19;9;575;DÇfaut
CLI01891;Astrid Robin;Homme;53;San Pedro;Commerce;197182;3127717;24;16,14;Non;2023-03-27;0,51;4;630;En retard
CLI01892;Alain Maurice;Femme;35;Yamoussoukro;Commerce;906280;1333219;6;16,41;Non;2025-12-21;0,98;0;777;Actif
CLI01893;Aurore Delmas;Femme;58;BouakÇ;SantÇ;681756;2186878;18;18,12;Non;2022-11-17;0,59;4;648;En retard
CLI01894;Marthe Guyot;Femme;59;BouakÇ;Transport;475448;1935085;36;13,34;Non;2022-05-09;0,11;15;423;DÇfaut
CLI01895;Georges Costa;Homme;29;Yamoussoukro;Agriculture;434299;3282469;12;13,68;Oui;2021-07-10;1,02;0;707;SoldÇ
CLI01896;AimÇe Hebert;Femme;34;Daloa;Agriculture;941794;1202975;18;23,82;Non;2022-08-27;0,71;3;707;En retard
CLI01897;Maryse Lemoine du Coulon;Homme;64;Daloa;Education;1159377;4355353;6;15,68;Oui;2025-09-09;0,64;5;662;En retard
CLI01898;êric Martin;Femme;30;BouakÇ;Agriculture;583530;2659988;6;18,16;Non;2024-05-09;0,73;4;715;En retard
CLI01899;Thibaut Monnier;Femme;36;Yamoussoukro;Education;360972;2413351;24;24,48;Oui;2024-09-20;0,31;11;514;DÇfaut
CLI01900;CÇline Guichard;Homme;35;Abidjan;SantÇ;594898;2237262;12;23,99;Oui;2023-02-27;0,14;9;545;DÇfaut
CLI01901;Susanne Le Girard;Femme;63;Yamoussoukro;Transport;1189397;4240178;24;5,56;Non;2022-07-22;1,18;0;804;SoldÇ
CLI01902;Jacques Bonneau;Femme;65;BouakÇ;Immobilier;643217;4239098;18;20,92;Non;2023-12-31;0,54;3;648;En retard
CLI01903;Juliette Garcia;Homme;48;Abidjan;Transport;857453;4783839;24;24,82;Non;2025-01-21;0,4;12;544;DÇfaut
CLI01904;AndrÇe Peltier;Homme;38;Korhogo;Immobilier;345233;713359;12;11,87;Oui;2023-07-24;0,51;5;642;En retard
CLI01905;Michäle Texier de la Barre;Femme;53;Yamoussoukro;Education;263581;2916307;12;20,21;Non;2025-09-05;0,76;0;692;Actif
CLI01906;Adrien Lefort;Femme;46;San Pedro;Immobilier;713522;3797059;12;7,26;Oui;2022-02-23;1,11;0;751;SoldÇ
CLI01907;Guillaume du Fabre;Homme;36;Daloa;Immobilier;851631;4986706;6;10,31;Oui;2024-07-13;0,52;3;612;En retard
CLI01908;Franáois Torres;Homme;36;Daloa;Commerce;410119;3535098;6;11,02;Oui;2023-04-20;0,45;3;600;En retard
CLI01909;Roland Renault;Femme;57;Abidjan;Education;945388;1895583;24;9,52;Oui;2025-11-08;1,16;0;727;SoldÇ
CLI01910;StÇphane Marchand;Homme;52;Abidjan;Education;1193231;3038591;12;7,84;Non;2024-09-22;0,23;11;574;DÇfaut
CLI01911;êdith de la Pruvost;Femme;41;San Pedro;Education;408033;1804185;18;21,31;Oui;2025-01-06;0,82;0;792;Actif
CLI01912;Monique Roux-Dos Santos;Femme;37;Daloa;Education;640063;4227990;6;7,25;Oui;2026-01-24;0,31;8;650;DÇfaut
CLI01913;StÇphanie Muller;Femme;42;Daloa;Immobilier;389514;1917005;24;14,26;Non;2024-09-14;0,25;12;505;DÇfaut
CLI01914;JosÇphine Louis;Femme;33;Daloa;SantÇ;488901;3976125;6;7,23;Oui;2023-01-29;1,1;0;729;SoldÇ
CLI01915;Victoire Menard;Femme;30;Daloa;Education;1001338;4554765;6;5,49;Non;2023-11-30;1,13;0;682;SoldÇ
CLI01916;Anne Klein;Homme;23;Yamoussoukro;Agriculture;133094;1324926;24;22,13;Oui;2024-02-02;0,3;8;518;DÇfaut
CLI01917;Louise de Auger;Femme;50;BouakÇ;Transport;488666;1055920;24;5,53;Oui;2023-04-10;0,43;15;406;DÇfaut
CLI01918;Patricia Lamy;Homme;52;Daloa;Agriculture;424936;344291;12;7,43;Non;2023-08-27;0,52;3;654;En retard
CLI01919;Michel Bernard;Femme;32;Yamoussoukro;Agriculture;136180;1614366;36;19,53;Oui;2023-12-16;1,04;0;690;SoldÇ
CLI01920;Antoine Bouvier;Femme;60;Daloa;Education;818719;1838523;12;7,97;Oui;2022-07-27;0,27;13;484;DÇfaut
CLI01921;Marie Lamy;Homme;54;BouakÇ;Agriculture;445546;61946;18;12,27;Non;2023-09-11;0,62;2;624;En retard
CLI01922;Madeleine Guilbert;Homme;48;Abidjan;Education;975109;780711;36;12;Oui;2025-12-11;0,14;12;579;DÇfaut
CLI01923;Nicole Ramos-Poirier;Femme;23;Korhogo;Agriculture;1152589;1622340;24;17,14;Oui;2025-06-14;0,97;0;756;Actif
CLI01924;William Fouquet;Homme;45;Daloa;Education;160896;877706;6;14,83;Non;2024-12-06;0,27;7;576;DÇfaut
CLI01925;StÇphane Antoine de la Ollivier;Homme;56;Daloa;Immobilier;463537;801959;24;18,32;Non;2023-05-14;1,03;0;821;SoldÇ
CLI01926;Zacharie Pons;Femme;46;BouakÇ;SantÇ;1083437;1730272;18;13,85;Oui;2022-10-24;0,39;8;594;DÇfaut
CLI01927;ValÇrie-VÇronique Aubry;Homme;30;Yamoussoukro;Agriculture;418450;4314418;6;17,69;Non;2021-12-17;0,93;0;597;Actif
CLI01928;ThÇodore Ollivier;Femme;56;BouakÇ;Education;403554;1594614;12;19,69;Non;2022-01-28;0,49;1;692;En retard
CLI01929;Thierry Maurice;Femme;34;BouakÇ;Commerce;859282;463633;24;9,84;Non;2022-05-20;1,09;0;825;SoldÇ
CLI01930;William Boyer;Homme;55;Abidjan;Transport;196228;2327977;24;18,67;Oui;2025-03-18;0,64;1;754;En retard
CLI01931;Noâl Valette;Femme;35;San Pedro;Agriculture;719401;1073617;36;11,48;Oui;2022-01-12;0,11;7;572;DÇfaut
CLI01932;Bernard-Marcel Torres;Femme;63;San Pedro;Commerce;200233;4317435;18;18,28;Non;2025-05-07;0,35;13;436;DÇfaut
CLI01933;Pierre Hardy;Femme;38;Yamoussoukro;Commerce;1078546;427763;18;11,37;Oui;2022-03-05;0,73;2;744;En retard
CLI01934;êric Guillot de Masse;Femme;38;San Pedro;Immobilier;231038;700059;36;20,33;Non;2023-06-18;0,84;0;711;Actif
CLI01935;ZoÇ DuprÇ-Breton;Homme;57;Korhogo;Transport;271520;4883784;24;16,85;Non;2024-04-20;0,33;11;564;DÇfaut
CLI01936;Louis Breton;Femme;32;BouakÇ;SantÇ;206244;4052711;6;21,22;Non;2023-03-06;0,12;8;459;DÇfaut
CLI01937;NoÇmi Diaz-Caron;Homme;25;BouakÇ;Education;1120460;856094;12;19,58;Oui;2024-05-23;0,2;10;613;DÇfaut
CLI01938;FrÇdÇrique du Lebrun;Homme;48;BouakÇ;Commerce;926271;3931890;36;16,33;Non;2023-11-26;0,6;1;752;En retard
CLI01939;Marguerite Bonnin;Homme;48;BouakÇ;Transport;1108756;4109018;12;6,6;Oui;2024-06-28;0,76;0;813;Actif
CLI01940;Dominique Barre;Femme;64;Daloa;Education;139387;3911966;18;18,91;Non;2023-11-07;1,16;0;678;SoldÇ
CLI01941;Laurent Guillaume-Wagner;Femme;43;BouakÇ;Commerce;577510;1794871;36;23;Non;2026-03-24;0,87;0;752;Actif
CLI01942;Alexandre Paris;Homme;61;BouakÇ;Agriculture;881597;2808305;18;8,77;Non;2023-01-17;1,15;0;744;SoldÇ
CLI01943;Antoinette-Bernadette Peltier;Homme;30;San Pedro;Transport;175799;1379926;6;16,72;Non;2025-09-02;0,49;1;694;En retard
CLI01944;Thierry Lefebvre;Femme;39;Korhogo;Transport;1036500;2433139;24;5,14;Non;2025-04-17;0,15;8;605;DÇfaut
CLI01945;Laure Pascal;Femme;40;Yamoussoukro;Commerce;728411;4619740;24;14,93;Non;2025-02-28;0,43;13;491;DÇfaut
CLI01946;HonorÇ Le Roux de Dumas;Femme;33;Abidjan;Transport;888781;2965533;24;18,81;Oui;2022-08-12;0,14;11;524;DÇfaut
CLI01947;Sylvie Rousseau;Homme;43;Yamoussoukro;Education;740046;1900449;24;8,98;Non;2026-01-01;0,75;0;770;Actif
CLI01948;Lucas Petitjean-Devaux;Femme;60;BouakÇ;Education;471059;3945695;24;6,58;Non;2026-02-11;1,07;0;706;SoldÇ
CLI01949;Anouk Maurice;Femme;35;BouakÇ;Immobilier;753387;1777119;6;18,89;Oui;2026-04-18;0,75;0;802;Actif
CLI01950;Thibaut Dubois;Femme;28;Yamoussoukro;Agriculture;418715;4487709;12;14,25;Non;2021-06-29;0,84;0;694;Actif
CLI01951;FrÇdÇrique Pons de la Martinez;Homme;41;Korhogo;Transport;688133;4449994;36;22;Non;2022-10-12;1,02;0;653;SoldÇ
CLI01952;Victor Petitjean du Maury;Femme;39;Daloa;Agriculture;948110;3695894;12;10,97;Non;2024-04-10;0,46;3;748;En retard
CLI01953;Danielle Weber-Michel;Femme;37;Korhogo;Agriculture;233079;2611482;36;7,43;Oui;2026-03-07;0,73;5;560;En retard
CLI01954;Anouk Teixeira;Femme;38;Abidjan;Education;1025585;2441498;12;16,5;Non;2024-05-13;0,4;12;511;DÇfaut
CLI01955;Louis Pires de la Mary;Homme;30;Daloa;Agriculture;550870;450507;36;11,56;Non;2024-10-09;0,56;5;626;En retard
CLI01956;êtienne Potier;Femme;27;BouakÇ;Commerce;602562;1372827;6;24,35;Non;2024-07-14;1,2;0;801;SoldÇ
CLI01957;Audrey Bouvet;Homme;28;BouakÇ;Immobilier;1083984;413660;24;11,54;Non;2024-10-26;1,09;0;718;SoldÇ
CLI01958;Denis Bouvier;Femme;44;BouakÇ;Commerce;786065;4014604;36;7,64;Oui;2024-04-07;0,96;0;850;Actif
CLI01959;Alexandre du Charles;Homme;40;Daloa;Education;663296;4803698;24;21,97;Oui;2022-03-26;0,52;1;740;En retard
CLI01960;Maurice Lebrun;Homme;57;BouakÇ;Commerce;194520;279728;12;22,94;Oui;2024-06-08;1,06;0;725;SoldÇ
CLI01961;Dominique-AndrÇe Ferrand;Homme;50;Yamoussoukro;Education;779019;3350768;18;15,58;Oui;2025-06-15;0,75;0;742;Actif
CLI01962;Alain Pruvost;Femme;61;Korhogo;Education;1068499;69434;36;23,8;Oui;2025-08-06;1,17;0;817;SoldÇ
CLI01963;Roger Texier de GÇrard;Homme;25;San Pedro;Agriculture;627548;3074061;36;10,97;Non;2025-10-11;0,39;11;532;DÇfaut
CLI01964;Nathalie Dupont;Homme;25;BouakÇ;Agriculture;547292;4596959;36;12,42;Non;2021-08-15;1,07;0;734;SoldÇ
CLI01965;Guillaume Renault Le Imbert;Femme;31;San Pedro;Agriculture;364650;330896;12;8,9;Non;2025-01-25;0,6;2;715;En retard
CLI01966;Jeanne-CÇcile Deschamps;Homme;22;Abidjan;Education;711783;1996079;24;19,28;Oui;2022-03-15;0,56;4;674;En retard
CLI01967;TimothÇe Gauthier;Femme;30;San Pedro;Immobilier;668418;3249659;36;24,19;Non;2024-06-09;0,27;7;586;DÇfaut
CLI01968;Christine du Texier;Homme;50;BouakÇ;Agriculture;632591;1629773;6;11,04;Oui;2025-10-17;1,03;0;740;SoldÇ
CLI01969;Nicolas Leliävre;Femme;24;BouakÇ;Transport;422610;1408845;36;17,19;Non;2024-05-26;0,41;12;480;DÇfaut
CLI01970;Vincent Pichon;Femme;31;BouakÇ;Commerce;497271;1736461;12;15,41;Oui;2024-07-29;0,27;9;597;DÇfaut
CLI01971;Thibault Lucas;Homme;42;Abidjan;Agriculture;921529;4861847;6;9,31;Oui;2023-01-21;1,07;0;767;SoldÇ
CLI01972;Eugäne de Samson;Homme;37;San Pedro;Immobilier;936249;3979610;24;6,35;Non;2024-08-12;0,86;0;636;Actif
CLI01973;Julien Gaillard-Boutin;Homme;49;Daloa;Commerce;975207;1241135;24;17,19;Oui;2022-12-19;0,48;3;751;En retard
CLI01974;Martin Gros;Homme;38;Daloa;Education;856355;1816719;6;6,56;Oui;2026-02-14;1,09;0;775;SoldÇ
CLI01975;LÇon Bazin;Femme;52;Abidjan;Agriculture;437831;2021220;6;9,34;Oui;2023-11-15;0,89;0;722;Actif
CLI01976;Auguste de la Jean;Femme;50;Daloa;Agriculture;222818;4928207;6;6,82;Oui;2025-09-18;0,89;0;657;Actif
CLI01977;ThÇräse Renard de Petitjean;Femme;24;Daloa;Education;862866;540647;24;21,29;Non;2025-05-06;0,89;0;825;Actif
CLI01978;StÇphane Jean;Femme;27;Yamoussoukro;Commerce;1078846;4203973;18;21,5;Oui;2023-05-25;0,56;5;703;En retard
CLI01979;ThÇophile Meyer;Femme;44;Yamoussoukro;Education;556871;4553197;24;8,08;Oui;2022-03-22;0,85;0;679;Actif
CLI01980;êtienne Lefebvre;Homme;32;San Pedro;Transport;406215;2706318;36;5,8;Non;2023-07-09;1,15;0;729;SoldÇ
CLI01981;Alain Reynaud;Femme;37;Korhogo;Commerce;1143535;1286756;12;14,71;Non;2026-02-17;0,79;0;762;Actif
CLI01982;Hugues Schneider Le Martineau;Homme;27;BouakÇ;SantÇ;352610;759142;6;24,59;Oui;2024-07-12;0,23;13;412;DÇfaut
CLI01983;Mathilde Fleury-Clerc;Femme;65;Daloa;Commerce;952265;469402;6;14,09;Non;2022-06-12;0,15;13;505;DÇfaut
CLI01984;Bernadette de la Roche;Homme;59;Daloa;Immobilier;396776;3007167;6;16,76;Non;2023-08-26;0,78;0;744;Actif
CLI01985;Denis Vaillant;Homme;59;Daloa;Immobilier;747606;967646;24;7,04;Non;2026-04-29;0,29;13;543;DÇfaut
CLI01986;ThÇräse Blanchet-Delattre;Homme;35;BouakÇ;Commerce;1032953;1574947;12;5,43;Oui;2024-05-15;1,04;0;808;SoldÇ
CLI01987;Maurice Hoareau Le Peron;Femme;32;BouakÇ;SantÇ;870383;2738571;18;16,82;Oui;2024-04-13;0,81;0;788;Actif
CLI01988;SÇbastien Loiseau;Homme;65;Korhogo;Education;489997;1747490;18;10,89;Non;2021-11-14;0,59;1;732;En retard
CLI01989;Jean Lacombe;Femme;53;Yamoussoukro;Education;773305;148512;18;14,29;Oui;2024-02-12;0,98;0;750;Actif
CLI01990;LÇon Daniel;Femme;53;Yamoussoukro;Education;812662;648707;36;20,32;Non;2022-01-21;0,44;13;532;DÇfaut
CLI01991;Laetitia-Arnaude êtienne;Homme;46;San Pedro;Agriculture;975774;1804922;12;23,95;Non;2022-04-12;0,76;0;811;Actif
CLI01992;Olivier Nicolas;Femme;32;Abidjan;Transport;1028647;4227595;24;11,38;Oui;2021-09-03;0,29;11;570;DÇfaut
CLI01993;Constance ClÇment-Brunet;Homme;46;Daloa;Immobilier;812513;4602807;6;7,84;Oui;2023-02-28;0,77;0;782;Actif
CLI01994;Paulette-Michäle Jacques;Homme;30;BouakÇ;Commerce;679444;1031682;6;11,45;Non;2024-04-15;1,05;0;785;SoldÇ
CLI01995;Anastasie Grenier;Homme;58;Daloa;Transport;746361;2699161;36;13,04;Oui;2021-05-16;0,58;4;681;En retard
CLI01996;Sylvie Chauvet;Homme;60;Daloa;SantÇ;702138;1558988;6;13,63;Oui;2022-11-26;0,18;10;597;DÇfaut
CLI01997;CÇcile Millet;Femme;27;Yamoussoukro;Education;487962;1767674;6;9,46;Oui;2024-01-12;0,69;1;710;En retard
CLI01998;Manon de Weiss;Homme;31;Yamoussoukro;SantÇ;214704;752193;12;22,01;Oui;2023-04-03;0,2;8;518;DÇfaut
CLI01999;Marie Masse-Jean;Femme;53;San Pedro;Immobilier;316249;3174668;36;8,07;Non;2024-09-28;0,58;4;613;En retard
CLI02000;Inäs de Hernandez;Homme;27;Yamoussoukro;Agriculture;310131;4502994;18;10,24;Non;2021-11-26;0,69;4;576;En retard
CLI02001;Franáoise Maillet;Homme;23;San Pedro;SantÇ;894255;1540331;36;23,56;Non;2024-04-19;1,11;0;747;SoldÇ
CLI02002;Martine Barbier de la Sanchez;Femme;36;Yamoussoukro;Transport;737831;4418627;18;20,52;Non;2022-06-01;1,16;0;723;SoldÇ
CLI02003;Lucie Goncalves;Femme;28;Daloa;Transport;992983;1134656;12;10,92;Oui;2025-09-13;0,3;15;456;DÇfaut
CLI02004;Pauline Roy;Homme;32;Yamoussoukro;Agriculture;237503;1671584;12;5,34;Oui;2024-04-12;0,86;0;694;Actif
CLI02005;Denis Fischer;Femme;55;Abidjan;Transport;534994;995965;18;19,65;Oui;2025-03-19;1,13;0;667;SoldÇ
CLI02006;StÇphane Dubois du Lenoir;Femme;30;Daloa;Agriculture;931970;4983571;36;16,88;Oui;2022-11-27;0,77;0;751;Actif
CLI02007;AimÇ Meunier;Homme;28;Daloa;Commerce;121738;528260;12;22,5;Oui;2023-03-19;0,56;1;686;En retard
CLI02008;StÇphane Gilles;Homme;21;Abidjan;Commerce;809463;1700110;12;15,78;Oui;2026-01-16;0,31;12;491;DÇfaut
CLI02009;StÇphanie Voisin;Femme;61;Korhogo;SantÇ;177335;2790033;12;10,4;Oui;2026-04-28;1,07;0;716;SoldÇ
CLI02010;Benjamin Durand-Neveu;Homme;43;Abidjan;Transport;419400;3555849;36;8,42;Oui;2025-07-02;0,96;0;743;Actif
CLI02011;RenÇe HervÇ;Femme;55;BouakÇ;Education;986379;1425849;24;20,13;Oui;2025-06-22;1,13;0;720;SoldÇ
CLI02012;ZoÇ Collet;Homme;53;Daloa;Commerce;888167;1759989;12;21,29;Non;2024-07-07;0,55;1;720;En retard
CLI02013;Hortense Hamon-Lemoine;Femme;32;Abidjan;Agriculture;913931;3865774;6;9,96;Oui;2025-05-28;0,71;1;701;En retard
CLI02014;Michelle Morin;Homme;63;Abidjan;SantÇ;1140826;1365763;12;23;Oui;2024-04-03;0,89;0;762;Actif
CLI02015;Geneviäve Bourgeois;Homme;43;Daloa;SantÇ;471821;3917874;36;19,57;Non;2025-01-06;0,17;13;481;DÇfaut
CLI02016;JÇrìme Hoareau;Homme;46;Abidjan;SantÇ;1091411;4185653;24;6,9;Oui;2023-07-09;0,15;11;539;DÇfaut
CLI02017;Geneviäve Jacquet;Homme;62;Abidjan;Transport;638683;2125025;6;17,42;Non;2025-05-19;0,61;4;652;En retard
CLI02018;Maurice Ferreira;Homme;43;Daloa;Transport;958705;4911663;36;17,87;Non;2022-07-20;0,7;3;606;En retard
CLI02019;Eugäne de Tessier;Homme;64;Korhogo;Transport;114888;1313955;24;12,54;Non;2023-10-30;0,87;0;723;Actif
CLI02020;Alix-êdith Roger;Homme;60;Yamoussoukro;Immobilier;822186;4871320;6;7,77;Oui;2025-12-29;0,59;3;623;En retard
CLI02021;Capucine Texier du Courtois;Homme;59;Korhogo;Education;652163;3700347;6;20,28;Oui;2023-07-20;0,91;0;730;Actif
CLI02022;Adäle-Adäle LÇvy;Homme;49;Abidjan;Transport;642282;4036094;12;20,3;Non;2022-10-07;0,55;5;634;En retard
CLI02023;Benjamin Marchal Le Fischer;Femme;52;Daloa;SantÇ;125285;4768054;6;16,06;Non;2024-11-16;0,75;0;719;Actif
CLI02024;êdouard Faivre;Femme;37;Korhogo;Education;818078;4839715;18;13,11;Oui;2024-10-03;0,18;14;401;DÇfaut
CLI02025;Marie Peron;Femme;28;San Pedro;SantÇ;941831;3925900;12;10,78;Oui;2021-12-19;0,6;3;574;En retard
CLI02026;êdouard-Franáois Martins;Homme;45;Daloa;SantÇ;694396;4951294;36;5,56;Oui;2021-10-27;0,42;6;607;DÇfaut
CLI02027;Mathilde Hubert Le Dos Santos;Femme;21;San Pedro;Agriculture;765070;1483624;6;21,71;Oui;2022-04-24;1,19;0;833;SoldÇ
CLI02028;Julie Le Gall;Femme;23;Korhogo;Agriculture;911956;3407244;18;16,06;Oui;2021-07-01;1,09;0;806;SoldÇ
CLI02029;AurÇlie Joseph;Femme;55;Daloa;Commerce;609872;3057896;36;7,09;Oui;2025-11-21;0,34;14;458;DÇfaut
CLI02030;AndrÇ Ribeiro;Femme;51;Yamoussoukro;SantÇ;719885;4587038;36;9,74;Non;2023-06-13;0,75;0;706;Actif
CLI02031;Juliette Pages;Homme;56;Yamoussoukro;Commerce;809039;3539610;12;5,29;Non;2024-04-18;1,12;0;777;SoldÇ
CLI02032;David Leclercq-Carre;Homme;21;Abidjan;Education;526387;435240;18;19,4;Non;2023-12-10;0,94;0;709;Actif
CLI02033;Roland de Rocher;Femme;62;San Pedro;Education;506363;195017;18;12,75;Oui;2022-04-24;0,21;10;567;DÇfaut
CLI02034;Josette Dufour-Lambert;Femme;48;Korhogo;Transport;1021255;4827163;6;15,05;Oui;2026-03-13;0,63;1;754;En retard
CLI02035;Adrienne Courtois;Homme;47;Abidjan;Agriculture;153231;311976;6;17,62;Oui;2023-04-25;0,32;11;534;DÇfaut
CLI02036;Dominique Chauvin du Evrard;Femme;39;San Pedro;Immobilier;715470;2164474;12;17,03;Non;2022-09-27;1,13;0;850;SoldÇ
CLI02037;CÇcile Lejeune;Femme;48;Abidjan;Immobilier;920683;3189228;12;11,02;Oui;2025-02-10;0,14;8;615;DÇfaut
CLI02038;Thomas de la Klein;Femme;60;BouakÇ;Commerce;994752;4057127;12;11,31;Oui;2022-12-20;0,57;2;698;En retard
CLI02039;Arnaude Petitjean;Homme;42;San Pedro;Transport;574742;1857366;18;13,79;Non;2024-09-02;0,13;13;477;DÇfaut
CLI02040;GÇrard Chevalier de Durand;Femme;55;BouakÇ;Commerce;685182;2782004;18;16,95;Non;2023-03-24;0,76;0;669;Actif
CLI02041;Marie Rossi;Homme;55;Yamoussoukro;SantÇ;552329;2671774;6;14,78;Non;2025-02-09;0,19;8;540;DÇfaut
CLI02042;Anaãs Gaudin;Femme;34;BouakÇ;SantÇ;293128;1444389;36;6,13;Non;2026-04-07;0,92;0;698;Actif
CLI02043;Louise Gay du Gay;Homme;26;San Pedro;Agriculture;222584;4011951;12;23,46;Non;2024-08-26;0,8;0;661;Actif
CLI02044;Suzanne du Delorme;Femme;38;BouakÇ;Agriculture;596697;2956695;36;11,42;Non;2024-04-29;0,84;0;736;Actif
CLI02045;Sylvie Georges;Femme;31;San Pedro;Immobilier;806192;1223927;18;7,03;Non;2026-02-27;0,23;14;455;DÇfaut
CLI02046;Audrey Lemaåtre;Homme;49;Yamoussoukro;Education;219586;509185;18;23,32;Non;2026-03-08;0,68;1;741;En retard
CLI02047;JÇrìme-AimÇ Chauvin;Homme;37;Yamoussoukro;Agriculture;1020020;3859334;18;10,38;Oui;2023-10-05;0,35;11;543;DÇfaut
CLI02048;Marthe Guibert;Femme;49;Yamoussoukro;Education;1189234;2531321;6;21,67;Oui;2022-09-21;1,03;0;793;SoldÇ
CLI02049;Suzanne Simon;Femme;65;Abidjan;Immobilier;1043562;1723013;18;10,79;Oui;2021-05-15;1,09;0;774;SoldÇ
CLI02050;Juliette Brunel;Homme;52;Abidjan;Commerce;1150690;4532164;6;9,44;Non;2025-08-10;0,24;9;595;DÇfaut
CLI02051;Augustin Techer;Homme;36;Korhogo;Commerce;1172963;1578570;24;23,73;Oui;2021-12-19;0,66;5;734;En retard
CLI02052;Alexandre Girard;Femme;32;BouakÇ;Immobilier;1086463;4607573;24;8,93;Non;2023-12-01;0,41;14;447;DÇfaut
CLI02053;Claude Giraud de Michel;Homme;41;Daloa;Agriculture;460715;1075315;24;18,83;Non;2022-03-16;0,55;2;668;En retard
CLI02054;Patricia Marty;Femme;53;BouakÇ;Immobilier;184862;901671;36;16,29;Non;2025-05-14;0,22;12;457;DÇfaut
CLI02055;Franck Lopes;Femme;45;Korhogo;Commerce;1121370;785029;24;13,85;Non;2022-03-19;0,52;2;710;En retard
CLI02056;Noâl Ribeiro;Femme;35;Yamoussoukro;Immobilier;520192;3372339;12;16,75;Non;2023-05-16;0,73;4;605;En retard
CLI02057;Audrey de Antoine;Homme;60;San Pedro;Agriculture;140803;359801;6;5,96;Non;2022-07-10;0,76;0;691;Actif
CLI02058;Maurice Fischer-Brunet;Homme;55;Daloa;Education;570634;2905319;12;6,9;Non;2024-04-15;0,19;15;462;DÇfaut
CLI02059;Thibault-Vincent Mace;Femme;39;Korhogo;SantÇ;436937;2523037;24;10,54;Non;2024-09-19;1,13;0;728;SoldÇ
CLI02060;Lorraine Sanchez;Femme;58;Yamoussoukro;SantÇ;857439;3724549;12;16,22;Non;2025-12-20;1,06;0;756;SoldÇ
CLI02061;Bernard Lejeune-Leduc;Femme;54;San Pedro;SantÇ;345118;4397922;6;21,85;Oui;2021-11-01;0,16;8;564;DÇfaut
CLI02062;êtienne Henry;Femme;55;Abidjan;Transport;235144;1204767;18;15,58;Non;2023-07-02;0,31;15;405;DÇfaut
CLI02063;FrÇdÇrique Guichard;Homme;42;BouakÇ;Transport;1189646;2560280;18;23,51;Non;2026-03-06;0,99;0;808;Actif
CLI02064;Agnäs Gonzalez;Femme;31;BouakÇ;Education;1176962;3331779;36;7,1;Oui;2026-05-06;0,3;9;600;DÇfaut
CLI02065;Hortense Allain;Femme;48;Korhogo;Commerce;319236;737161;36;9,92;Non;2025-05-04;1,18;0;735;SoldÇ
CLI02066;Yves Chevalier;Femme;42;Abidjan;Transport;103816;240118;36;18,13;Oui;2024-01-20;1,05;0;684;SoldÇ
CLI02067;Alexandrie Colas;Femme;57;Korhogo;Agriculture;178553;3157195;18;7,96;Non;2023-09-18;1,05;0;588;SoldÇ
CLI02068;FrÇdÇrique Coste-Klein;Homme;44;Daloa;Immobilier;267548;2676313;36;15,77;Oui;2023-12-11;0,12;13;434;DÇfaut
CLI02069;Jeannine Deschamps-Guillaume;Homme;29;Abidjan;Agriculture;907460;217564;6;7,44;Oui;2021-09-17;0,37;15;545;DÇfaut
CLI02070;Daniel-Bertrand Godard;Homme;57;Daloa;Transport;1074701;2628438;12;17,93;Oui;2023-08-11;0,45;1;798;En retard
CLI02071;Gabriel Leduc;Homme;57;Abidjan;Immobilier;203880;4505347;18;21,53;Oui;2025-03-30;0,98;0;713;Actif
CLI02072;Arnaude Garcia;Femme;24;Daloa;Education;364434;2561019;12;19,29;Non;2022-04-20;0,33;7;620;DÇfaut
CLI02073;Anastasie Leconte;Femme;34;Korhogo;Agriculture;875061;3422698;12;23,3;Non;2025-11-20;0,19;11;536;DÇfaut
CLI02074;Alix Fleury;Homme;43;Yamoussoukro;SantÇ;587499;556283;6;17,53;Oui;2022-08-13;0,7;4;681;En retard
CLI02075;Sylvie Delaunay de la Bonnin;Femme;49;Korhogo;Transport;596550;770985;18;22,22;Oui;2023-12-17;1;0;727;SoldÇ
CLI02076;Jean Bernard Le Payet;Homme;43;Daloa;Agriculture;807118;1020479;6;12,6;Oui;2024-04-01;0,37;15;457;DÇfaut
CLI02077;Marguerite Chauvet;Homme;51;Daloa;Transport;1099549;1574300;24;5,56;Non;2023-06-26;0,27;15;518;DÇfaut
CLI02078;Nath Gomez;Femme;21;Abidjan;SantÇ;799565;2141900;18;8,54;Non;2025-03-31;0,19;10;606;DÇfaut
CLI02079;Augustin Teixeira-Jacob;Femme;25;Yamoussoukro;Education;153320;929487;36;24,98;Oui;2022-12-11;0,61;3;640;En retard
CLI02080;Gilbert Meyer;Femme;47;BouakÇ;Transport;637005;409482;18;24,27;Oui;2022-09-11;0,14;14;461;DÇfaut
CLI02081;Victor Blanc;Homme;21;Yamoussoukro;SantÇ;633771;1247137;24;13,39;Oui;2021-09-13;0,56;5;650;En retard
CLI02082;NoÇmi de la Chevallier;Femme;64;BouakÇ;Commerce;647464;3852452;6;15,58;Non;2023-08-09;0,74;5;650;En retard
CLI02083;Antoinette Marin;Femme;57;Korhogo;Agriculture;174169;3559702;24;13,04;Oui;2025-04-25;0,86;0;624;Actif
CLI02084;Patricia Lopez;Homme;53;Abidjan;SantÇ;663468;4321038;24;20,31;Non;2021-08-03;1,06;0;631;SoldÇ
CLI02085;Alexandre Bonnin;Homme;42;Daloa;Transport;1031424;1189045;24;7,47;Oui;2023-05-01;0,39;9;589;DÇfaut
CLI02086;Christiane de Dupont;Homme;27;Korhogo;Transport;884776;2323221;6;9,06;Oui;2024-12-30;1,14;0;716;SoldÇ
CLI02087;Arnaude Thibault;Homme;56;San Pedro;Immobilier;1065437;3767725;18;24,24;Oui;2023-12-14;0,34;9;568;DÇfaut
CLI02088;Victor Guichard;Femme;49;Yamoussoukro;Agriculture;109201;2156118;6;9,65;Oui;2025-12-08;0,11;6;563;DÇfaut
CLI02089;GrÇgoire Petitjean;Femme;22;Yamoussoukro;Commerce;470677;4621381;12;12,92;Oui;2025-03-18;0,48;2;642;En retard
CLI02090;Paul Seguin;Homme;35;Abidjan;Commerce;258242;342344;18;14;Non;2021-06-02;0,25;10;580;DÇfaut
CLI02091;Alain Pichon de la Albert;Homme;65;Korhogo;SantÇ;1117561;2332635;6;16,3;Oui;2024-09-14;0,28;11;581;DÇfaut
CLI02092;Franck Hoarau;Homme;24;Yamoussoukro;Education;1092339;2646831;6;24,1;Oui;2024-07-23;1,12;0;794;SoldÇ
CLI02093;Christelle Alexandre;Femme;22;BouakÇ;Agriculture;1075453;1316875;24;24,66;Non;2022-12-14;1,05;0;819;SoldÇ
CLI02094;Agathe Bourgeois;Homme;44;Daloa;SantÇ;243847;4210824;18;20,87;Non;2023-04-21;0,3;6;516;DÇfaut
CLI02095;CÇlina Petitjean;Homme;32;BouakÇ;Immobilier;959159;886166;6;15,67;Oui;2025-02-20;0,78;0;828;Actif
CLI02096;JosÇphine Leliävre-Masson;Femme;54;San Pedro;SantÇ;985175;882290;24;9,3;Non;2024-04-10;0,62;2;746;En retard
CLI02097;êdouard Chevallier-Raynaud;Homme;24;San Pedro;Transport;397606;344842;6;16,89;Oui;2025-12-13;0,96;0;763;Actif
CLI02098;Lucas Perrin;Homme;25;San Pedro;Transport;835794;1699148;24;24,17;Non;2024-05-17;0,74;1;703;En retard
CLI02099;AurÇlie Briand;Femme;22;Abidjan;Transport;205687;853458;24;9,87;Oui;2024-04-21;0,47;5;549;En retard
CLI02100;Gilles Fernandez;Homme;60;BouakÇ;Commerce;1047791;800572;12;20,05;Oui;2024-08-02;0,14;13;569;DÇfaut
CLI02101;ClÇmence Aubry-Raymond;Homme;34;San Pedro;Agriculture;878332;4801069;6;19,86;Non;2021-12-28;0,62;1;734;En retard
CLI02102;Caroline Girard;Homme;28;Daloa;Transport;132327;2179748;18;22,4;Non;2024-01-26;0,88;0;655;Actif
CLI02103;Alexandria Chauvet;Homme;52;San Pedro;Commerce;312698;4827139;12;15,94;Oui;2023-08-18;1,19;0;648;SoldÇ
CLI02104;Joseph Ramos;Femme;37;Yamoussoukro;Immobilier;722553;2104188;24;6,08;Oui;2026-04-21;1,18;0;796;SoldÇ
CLI02105;Marcelle Boulanger-Hoareau;Homme;32;BouakÇ;Education;836119;1259844;6;17,96;Oui;2025-03-11;0,12;11;503;DÇfaut
CLI02106;Jeanne-JosÇphine Torres;Femme;26;San Pedro;Agriculture;377619;192754;36;10,43;Non;2023-05-16;0,92;0;801;Actif
CLI02107;Raymond Gallet;Femme;60;Abidjan;Agriculture;127403;1796878;12;13,41;Non;2026-01-25;0,79;0;658;Actif
CLI02108;Valentine-Claire Ferrand;Homme;51;Daloa;Agriculture;937683;711884;24;17,05;Oui;2024-05-22;0,43;14;532;DÇfaut
CLI02109;Robert Hebert Le Martel;Femme;43;Abidjan;Education;833066;4951850;36;12,02;Oui;2023-09-02;0,52;2;680;En retard
CLI02110;JÇrìme Perez;Homme;41;Yamoussoukro;Transport;270670;1482183;24;15,81;Non;2024-10-08;0,55;3;676;En retard
CLI02111;Daniel Pasquier;Femme;53;Korhogo;Education;963532;1114528;12;14,27;Oui;2024-10-18;1,2;0;763;SoldÇ
CLI02112;êric de Michel;Femme;40;Korhogo;Commerce;1036692;2221121;6;15,22;Oui;2026-05-11;0,35;14;494;DÇfaut
CLI02113;Michel-Lucas Laporte;Homme;52;Korhogo;SantÇ;691479;4808469;12;6,72;Non;2022-10-13;0,43;6;602;DÇfaut
CLI02114;Corinne Lemoine;Homme;46;Yamoussoukro;Transport;348136;1705747;18;24,59;Non;2024-01-21;0,41;10;477;DÇfaut
CLI02115;Martine Bourdon;Homme;53;San Pedro;Agriculture;410763;1033718;12;16,48;Non;2022-04-11;0,68;3;700;En retard
CLI02116;Manon Benoit;Homme;21;Abidjan;Immobilier;432683;602960;12;8,99;Oui;2022-10-31;0,9;0;716;Actif
CLI02117;Marcel Pottier;Femme;21;BouakÇ;Immobilier;516495;1877072;6;6,22;Non;2025-09-01;0,12;14;443;DÇfaut
CLI02118;AndrÇ Gaillard;Femme;50;Abidjan;Immobilier;581791;983063;36;5,1;Oui;2024-05-05;0,67;5;608;En retard
CLI02119;êmile de Marie;Homme;46;Korhogo;SantÇ;85557;244134;36;24,1;Non;2023-11-17;1,04;0;603;SoldÇ
CLI02120;Isaac Bertin;Homme;36;Daloa;SantÇ;371218;4197932;12;23,68;Non;2024-07-30;0,92;0;687;Actif
CLI02121;Virginie Vallet;Homme;45;Korhogo;Transport;98678;4594755;18;11;Oui;2023-11-24;1,19;0;760;SoldÇ
CLI02122;Charles Lemaire-Dumont;Femme;37;Daloa;Agriculture;894760;2104737;6;6,01;Non;2025-05-10;1,11;0;799;SoldÇ
CLI02123;Margaud-Chantal Letellier;Homme;48;Yamoussoukro;Commerce;329017;861858;12;24,06;Oui;2022-09-05;0,19;7;583;DÇfaut
CLI02124;Augustin Dupuy;Femme;65;Abidjan;Agriculture;623451;2815942;36;7,83;Oui;2026-02-16;0,73;3;663;En retard
CLI02125;LÇon du Guillot;Femme;63;San Pedro;Transport;105246;623894;18;9,07;Non;2022-09-10;0,94;0;705;Actif
CLI02126;Chantal Hoarau;Homme;49;San Pedro;Transport;754552;3196246;36;17,14;Non;2025-02-04;0,38;15;465;DÇfaut
CLI02127;êdouard Bourdon;Femme;30;Daloa;Education;192551;851032;6;16,01;Oui;2024-06-25;0,39;6;543;DÇfaut
CLI02128;Hugues de Blanc;Homme;65;Abidjan;Agriculture;1143246;1326809;12;18,05;Non;2024-01-26;0,66;5;745;En retard
CLI02129;Chantal Mahe;Femme;30;BouakÇ;Transport;150633;4503331;18;15,02;Non;2021-10-21;0,18;10;498;DÇfaut
CLI02130;CÇlina Leroy;Homme;43;San Pedro;Commerce;484023;3502632;18;8,2;Non;2021-09-15;1,12;0;742;SoldÇ
CLI02131;êtienne Mace;Homme;39;Korhogo;SantÇ;262850;1387734;36;6,89;Oui;2022-01-09;0,95;0;729;Actif
CLI02132;Lucie de ClÇment;Femme;27;Yamoussoukro;Education;323679;3562082;6;17,57;Non;2022-01-27;0,96;0;697;Actif
CLI02133;êdouard Langlois de Pelletier;Homme;39;Abidjan;Immobilier;913791;1009843;6;6,22;Oui;2024-12-03;0,76;0;808;Actif
CLI02134;Thomas Aubry;Femme;47;Abidjan;Commerce;129349;501157;6;7,56;Non;2024-03-03;0,37;8;571;DÇfaut
CLI02135;êdith Marchand;Homme;32;Abidjan;Immobilier;500487;1116630;36;19,7;Non;2023-07-01;1,12;0;724;SoldÇ
CLI02136;Tristan Blot;Homme;29;Yamoussoukro;Agriculture;141583;2268719;36;19,31;Non;2025-11-06;0,11;12;428;DÇfaut
CLI02137;Patrick Lemonnier;Femme;40;San Pedro;Agriculture;880767;435905;18;18,1;Non;2021-06-02;1,08;0;787;SoldÇ
CLI02138;ValÇrie Muller;Femme;45;Daloa;SantÇ;132750;948176;36;6,76;Non;2025-08-09;0,36;11;545;DÇfaut
CLI02139;ClÇmence Paul de Payet;Homme;40;San Pedro;Transport;1111417;1299070;18;9,7;Oui;2024-08-16;0,71;4;668;En retard
CLI02140;Tristan Guillot;Homme;31;San Pedro;Transport;746580;901920;12;21,52;Oui;2024-04-02;0,83;0;706;Actif
CLI02141;Gabrielle Vincent-Lefort;Homme;53;BouakÇ;Agriculture;902051;3559001;24;23,7;Non;2022-10-02;1,13;0;761;SoldÇ
CLI02142;HÇläne Garnier du Duval;Femme;25;Korhogo;Immobilier;1006793;3479009;36;13,84;Non;2024-09-03;1,04;0;767;SoldÇ
CLI02143;Brigitte du Blot;Femme;50;San Pedro;Commerce;248861;1389188;36;6,2;Oui;2022-04-15;0,33;6;597;DÇfaut
CLI02144;Antoine Chauvin;Femme;53;Yamoussoukro;Commerce;1093705;2577799;12;7,51;Oui;2021-09-28;0,44;10;593;DÇfaut
CLI02145;Anouk Auger de Chevalier;Femme;47;Yamoussoukro;Education;873570;4644304;12;23,95;Non;2024-08-14;0,27;11;511;DÇfaut
CLI02146;Hugues Paul;Femme;31;Yamoussoukro;SantÇ;828509;2204009;36;20,71;Non;2024-02-07;0,12;12;580;DÇfaut
CLI02147;Camille Duval du Becker;Homme;28;BouakÇ;Commerce;291970;4186067;12;15,93;Non;2022-06-20;0,19;8;463;DÇfaut
CLI02148;Benoåt Michaud;Femme;35;Daloa;Commerce;723244;1940350;18;18,54;Oui;2026-05-01;0,97;0;719;Actif
CLI02149;Catherine Lecoq;Femme;58;Abidjan;Commerce;960332;4553343;6;24,86;Non;2025-01-23;0,55;1;726;En retard
CLI02150;Lucas de Raynaud;Homme;32;Abidjan;SantÇ;271067;1400547;18;11,22;Non;2023-08-19;0,82;0;647;Actif
CLI02151;Catherine Mercier;Homme;36;Abidjan;Agriculture;141462;1043746;24;6,02;Non;2022-04-06;0,77;0;696;Actif
CLI02152;Louis Lemaåtre;Femme;30;Daloa;Agriculture;290722;4288230;24;6,06;Oui;2024-12-15;0,16;8;592;DÇfaut
CLI02153;Margaud Rolland;Homme;59;Abidjan;Commerce;1016843;4670099;36;17,46;Oui;2023-11-10;1,1;0;755;SoldÇ
CLI02154;ThÇophile Jacques;Femme;23;Abidjan;SantÇ;107695;1810404;18;23,38;Oui;2025-01-04;0,62;1;681;En retard
CLI02155;Thierry Cohen Le êtienne;Femme;27;BouakÇ;Immobilier;1058604;4703797;24;5,91;Non;2026-03-02;0,92;0;708;Actif
CLI02156;êric Diaz;Homme;53;Korhogo;Immobilier;621842;876463;36;17,96;Non;2022-03-26;1,03;0;728;SoldÇ
CLI02157;Zacharie Rousset;Femme;21;Daloa;Commerce;332665;696269;12;24,16;Oui;2026-03-09;0,47;3;651;En retard
CLI02158;Susanne GÇrard;Homme;51;San Pedro;Agriculture;429108;4731780;36;18,52;Oui;2023-04-17;1,02;0;682;SoldÇ
CLI02159;Zacharie Blanchard;Femme;59;Korhogo;SantÇ;197939;1951677;24;7,24;Oui;2024-11-27;0,56;4;671;En retard
CLI02160;David Weiss;Homme;60;Yamoussoukro;Transport;1065622;1347119;12;22,88;Non;2026-02-03;0,84;0;815;Actif
CLI02161;Christophe Charpentier;Femme;28;Abidjan;Agriculture;495163;4119856;18;21,75;Oui;2023-11-15;0,14;12;423;DÇfaut
CLI02162;Margot Leblanc du Wagner;Femme;56;Abidjan;Agriculture;111298;4655689;18;20,69;Oui;2024-02-21;0,61;5;574;En retard
CLI02163;Emmanuelle Benard;Femme;63;Abidjan;Transport;694801;1678687;12;9,27;Oui;2025-12-24;0,53;2;732;En retard
CLI02164;Daniel Grondin;Homme;45;San Pedro;Transport;882006;4676200;18;21,94;Oui;2026-04-07;0,39;13;527;DÇfaut
CLI02165;Diane Benard;Femme;25;Daloa;SantÇ;996310;1043162;12;16,56;Non;2023-07-02;1,18;0;850;SoldÇ
CLI02166;Nicole Hamon;Homme;26;San Pedro;Commerce;754976;510691;6;21,77;Oui;2023-06-18;1,08;0;729;SoldÇ
CLI02167;Josette Morvan;Homme;51;BouakÇ;Immobilier;100229;1875240;12;12,28;Non;2022-03-27;1,18;0;658;SoldÇ
CLI02168;Susanne-Maggie êtienne;Homme;65;BouakÇ;Commerce;315942;4564695;12;16,56;Oui;2022-12-27;0,42;10;435;DÇfaut
CLI02169;êmile Nguyen;Homme;40;BouakÇ;Commerce;304682;3615883;36;21,19;Non;2025-05-08;0,18;6;564;DÇfaut
CLI02170;Zacharie Jacquot;Homme;27;Daloa;Immobilier;852383;647841;24;14,53;Non;2023-10-09;0,5;5;697;En retard
CLI02171;Denise Barthelemy;Femme;36;Abidjan;Commerce;564627;2818197;12;11,2;Non;2024-09-07;0,2;6;647;DÇfaut
CLI02172;Guy de Besnard;Femme;52;Abidjan;Immobilier;962085;2227486;12;14,81;Non;2021-06-25;1;0;770;SoldÇ
CLI02173;PÇnÇlope GuÇrin;Femme;36;San Pedro;Immobilier;786656;2742337;6;7,74;Non;2026-02-16;0,95;0;738;Actif
CLI02174;Josette Riviäre;Homme;29;BouakÇ;Transport;571174;3171535;36;14,96;Non;2024-08-31;0,21;11;511;DÇfaut
CLI02175;Luce Devaux de la Torres;Homme;63;San Pedro;SantÇ;1048590;1398688;12;19,69;Non;2026-01-14;0,12;10;557;DÇfaut
CLI02176;Laure Renard;Femme;38;Abidjan;Transport;966783;3930368;24;7,83;Oui;2024-08-21;0,49;4;760;En retard
CLI02177;Constance du Allard;Homme;24;Korhogo;SantÇ;1128660;3941016;6;12,23;Non;2025-10-14;0,99;0;709;Actif
CLI02178;FrÇdÇric Meyer;Homme;51;BouakÇ;Transport;208348;1866242;6;14,73;Oui;2022-02-18;0,44;9;529;DÇfaut
CLI02179;Gabriel Martel;Femme;25;Abidjan;Agriculture;712740;4271607;18;19,11;Non;2024-06-16;0,84;0;809;Actif
CLI02180;Benoåt Lamy;Homme;42;Korhogo;Education;624337;3358695;36;13,06;Oui;2025-09-17;0,26;13;469;DÇfaut
CLI02181;Marthe Ribeiro;Femme;23;BouakÇ;Transport;1020981;3544857;24;10,01;Oui;2024-05-30;0,11;12;519;DÇfaut
CLI02182;Denise Foucher;Homme;34;Yamoussoukro;Education;789376;1796892;36;24,34;Oui;2021-12-23;0,54;4;666;En retard
CLI02183;Antoine Rodriguez;Homme;34;Daloa;SantÇ;1189422;3667481;36;21,72;Non;2026-05-04;0,77;0;775;Actif
CLI02184;êmile-RÇmy MarÇchal;Homme;37;Yamoussoukro;Agriculture;1164253;4439888;24;16,83;Non;2023-01-21;0,36;6;706;DÇfaut
CLI02185;ZoÇ Joubert;Femme;21;San Pedro;Agriculture;807403;263065;36;23,87;Oui;2023-10-17;0,76;0;689;Actif
CLI02186;Julien Georges-Picard;Femme;26;BouakÇ;SantÇ;766548;3819605;24;24,03;Non;2024-03-09;0,95;0;799;Actif
CLI02187;Joseph Lecoq;Femme;47;Daloa;Immobilier;1024204;534635;24;15;Non;2024-02-13;1,07;0;740;SoldÇ
CLI02188;AndrÇ-Christophe Munoz;Femme;37;Korhogo;Immobilier;412996;3710236;6;16,73;Oui;2021-06-06;1,05;0;693;SoldÇ
CLI02189;Augustin-Martin Durand;Homme;32;Abidjan;SantÇ;1080041;1812093;24;19,99;Oui;2022-05-17;0,24;9;592;DÇfaut
CLI02190;Emmanuel Legrand;Homme;32;Daloa;Transport;388753;4094528;6;7,13;Non;2023-04-20;0,18;13;461;DÇfaut
CLI02191;Vincent Mathieu-Rousset;Femme;59;Korhogo;Education;333109;4175683;6;13,46;Oui;2026-02-11;0,16;10;427;DÇfaut
CLI02192;ValÇrie Aubry;Femme;28;BouakÇ;Commerce;685972;2299865;36;13,08;Non;2024-06-06;0,71;1;744;En retard
CLI02193;Tristan Philippe;Femme;58;Daloa;Transport;96491;1789212;36;22,13;Oui;2025-08-24;0,3;6;652;DÇfaut
CLI02194;Adrienne Guibert-Jacques;Homme;27;San Pedro;Education;638138;1596731;24;10,37;Oui;2025-12-19;1,01;0;693;SoldÇ
CLI02195;Suzanne Guillaume Le Martinez;Homme;25;San Pedro;Agriculture;1024928;3946953;6;23,43;Oui;2023-01-06;0,99;0;770;Actif
CLI02196;Hugues Mace;Femme;23;San Pedro;Agriculture;798134;140431;6;10,82;Non;2024-03-20;0,32;8;591;DÇfaut
CLI02197;AimÇ-Arthur Bourgeois;Femme;38;BouakÇ;Education;870070;4895025;12;22,06;Non;2023-12-11;1,05;0;755;SoldÇ
CLI02198;Christophe du Brun;Femme;49;Daloa;Transport;988551;2077241;36;5,11;Oui;2023-01-05;0,34;15;478;DÇfaut
CLI02199;Marthe Lesage;Femme;37;Abidjan;SantÇ;207644;1360919;18;17,32;Non;2025-05-08;0,77;0;681;Actif
CLI02200;Gilbert du Benard;Homme;59;BouakÇ;Education;551578;1117203;24;19,01;Non;2024-11-29;1,19;0;763;SoldÇ
CLI02201;êlÇonore Roy-Guillet;Homme;31;Abidjan;Agriculture;327197;3301564;12;11,96;Non;2025-07-12;0,15;15;471;DÇfaut
CLI02202;Margaux Texier;Femme;47;Yamoussoukro;Agriculture;1029092;3364614;18;21,48;Non;2023-04-09;0,6;2;721;En retard
CLI02203;Hugues Le Besnard;Femme;37;Yamoussoukro;Commerce;863568;246250;24;19,46;Non;2026-05-02;0,66;5;712;En retard
CLI02204;Luc Blot;Femme;52;Korhogo;Commerce;842079;3512677;6;8,39;Oui;2024-12-17;0,7;1;677;En retard
CLI02205;Maryse Martel-Brunel;Homme;32;Yamoussoukro;Education;243062;3165559;18;22,64;Non;2025-12-31;0,36;6;534;DÇfaut
CLI02206;êlodie Chauvin de la Bonnet;Homme;58;Abidjan;Agriculture;552216;1504188;12;11,97;Oui;2025-03-29;0,31;9;579;DÇfaut
CLI02207;Yves-JÇrìme Duhamel;Homme;43;Yamoussoukro;Commerce;221003;391726;12;21,19;Non;2024-01-21;1,1;0;777;SoldÇ
CLI02208;Augustin Pereira-Cohen;Homme;60;BouakÇ;Transport;554464;2882368;18;11,57;Oui;2025-09-05;0,89;0;740;Actif
CLI02209;Daniel Ferreira;Femme;65;BouakÇ;Education;516524;1674378;12;8,85;Non;2022-03-28;0,28;9;542;DÇfaut
CLI02210;Bernadette de la Gaudin;Femme;29;Abidjan;Agriculture;95188;4558068;6;11,94;Oui;2023-05-26;0,92;0;663;Actif
CLI02211;Xavier Vaillant;Femme;38;Yamoussoukro;Education;269720;1406373;36;6,15;Non;2025-03-23;0,96;0;662;Actif
CLI02212;Anouk Bägue;Homme;24;San Pedro;Immobilier;327263;1246575;12;24,34;Non;2023-01-02;0,54;1;724;En retard
CLI02213;Matthieu Delaunay de la Lemoine;Femme;38;Daloa;Commerce;415655;600011;6;12,68;Non;2022-09-27;0,75;0;770;Actif
CLI02214;RÇmy Navarro;Homme;49;Abidjan;Transport;797011;870312;36;7,65;Oui;2026-04-23;0,54;1;732;En retard
CLI02215;Agnäs Tanguy Le LÇger;Femme;35;Daloa;Education;920501;1124654;24;22,1;Oui;2023-04-11;0,4;11;542;DÇfaut
CLI02216;GÇrard Colin;Femme;37;Abidjan;Transport;883408;913067;12;19,02;Non;2024-03-21;1,08;0;789;SoldÇ
CLI02217;Roland de Lombard;Homme;22;Yamoussoukro;Agriculture;89457;4840582;36;8,17;Non;2026-01-13;0,92;0;643;Actif
CLI02218;William Vasseur;Femme;24;Yamoussoukro;Commerce;480664;1444315;6;6,26;Non;2025-05-13;0,86;0;730;Actif
CLI02219;Guy Mercier;Femme;27;BouakÇ;SantÇ;648130;1810632;12;7,01;Non;2023-12-17;0,8;0;830;Actif
CLI02220;Auguste-RÇmy Joseph;Homme;54;Yamoussoukro;SantÇ;1006137;4119435;36;14,22;Oui;2023-03-24;0,25;13;489;DÇfaut
CLI02221;êtienne Gilles-Gallet;Femme;29;Daloa;SantÇ;401546;833699;36;15,91;Non;2025-03-17;0,88;0;717;Actif
CLI02222;AimÇ-Thibault Paris;Femme;65;San Pedro;Transport;309557;1562740;6;11,05;Oui;2021-06-11;0,7;4;609;En retard
CLI02223;Jeanne Le Gall;Femme;57;Yamoussoukro;Commerce;495811;1802964;12;20,15;Non;2024-11-12;0,75;0;761;Actif
CLI02224;Arnaude Moreno;Femme;60;Yamoussoukro;Commerce;199872;1441914;18;14,35;Non;2021-07-24;0,7;3;638;En retard
CLI02225;Monique Hoarau;Femme;61;Yamoussoukro;SantÇ;1135824;3063836;36;15,61;Oui;2022-04-11;1,01;0;756;SoldÇ
CLI02226;David Letellier;Femme;51;BouakÇ;SantÇ;363064;3443450;12;5,36;Non;2021-06-17;0,66;4;674;En retard
CLI02227;Lucy Devaux;Homme;44;BouakÇ;Education;719932;1867865;18;19,74;Non;2022-01-07;0,19;15;510;DÇfaut
CLI02228;Henri Hebert-Weiss;Homme;32;BouakÇ;Immobilier;464967;2989058;6;20,1;Non;2024-05-10;0,69;3;632;En retard
CLI02229;Marc Leclercq;Femme;32;Abidjan;Agriculture;942326;1632955;36;20,21;Oui;2024-08-17;1,07;0;703;SoldÇ
CLI02230;JosÇphine Gros-Moreno;Homme;36;Korhogo;SantÇ;653627;781398;18;16,39;Oui;2026-03-15;0,29;6;677;DÇfaut
CLI02231;Gilles Gallet;Femme;46;Abidjan;Education;437021;3769374;6;7,69;Non;2025-09-01;0,54;3;618;En retard
CLI02232;Eugäne Mace;Femme;48;Daloa;Agriculture;487278;1602828;6;14,54;Oui;2025-03-19;0,41;6;644;DÇfaut
CLI02233;Susanne Morvan;Homme;24;BouakÇ;Agriculture;257004;4872785;12;9,91;Oui;2025-02-25;0,94;0;598;Actif
CLI02234;Marcelle Bouchet;Femme;50;San Pedro;Commerce;276390;778496;36;9,44;Oui;2023-08-06;1,04;0;755;SoldÇ
CLI02235;ZoÇ Camus;Homme;50;San Pedro;Transport;1098908;362659;18;13;Oui;2023-05-10;0,54;4;677;En retard
CLI02236;êlisabeth Delannoy;Homme;46;BouakÇ;Transport;670097;1881976;36;19,26;Non;2023-11-15;0,49;1;757;En retard
CLI02237;Alex Fleury;Homme;33;Daloa;Commerce;649118;3603911;6;13,89;Oui;2026-01-04;0,57;2;689;En retard
CLI02238;Gabrielle-NoÇmi Olivier;Homme;33;Yamoussoukro;SantÇ;940601;1011889;6;17,86;Non;2022-05-25;0,97;0;745;Actif
CLI02239;Marcel du Schmitt;Homme;48;Abidjan;SantÇ;708454;1201058;12;19,31;Non;2022-08-29;0,53;3;682;En retard
CLI02240;Patrick-Jacques Schmitt;Homme;50;San Pedro;Commerce;454713;3941659;24;18,17;Non;2023-02-22;0,53;3;673;En retard
CLI02241;Philippe Charrier;Femme;65;Yamoussoukro;Transport;517105;2155606;36;10,85;Oui;2022-09-14;0,79;0;734;Actif
CLI02242;Gabriel Leduc Le Fischer;Homme;51;Korhogo;Education;767433;2903644;6;15,23;Non;2025-07-07;0,59;1;751;En retard
CLI02243;Franáois Potier;Homme;32;Yamoussoukro;Immobilier;708683;1583035;6;22,64;Non;2021-05-31;0,42;9;654;DÇfaut
CLI02244;SÇbastien Lacombe;Femme;25;Korhogo;Transport;1120628;1461117;12;10,37;Oui;2021-12-21;0,57;3;674;En retard
CLI02245;Zacharie Poirier;Femme;49;Daloa;Agriculture;102607;1438380;18;22,48;Non;2023-05-12;0,95;0;760;Actif
CLI02246;FrÇdÇric Buisson;Femme;29;BouakÇ;Education;956654;4742687;36;5,83;Oui;2025-01-05;0,86;0;752;Actif
CLI02247;CÇcile Renault;Femme;38;San Pedro;SantÇ;212580;151400;6;16,91;Non;2022-09-14;0,35;11;463;DÇfaut
CLI02248;AimÇ Leclercq;Femme;32;Abidjan;Education;271617;3328392;18;9,69;Oui;2024-09-28;0,96;0;640;Actif
CLI02249;SÇbastien de Olivier;Homme;51;Daloa;Commerce;1199104;701397;18;18,44;Non;2023-01-06;0,15;13;545;DÇfaut
CLI02250;Thibaut Cohen;Femme;35;Daloa;Transport;1035484;4287831;36;10,24;Non;2022-10-24;0,33;6;677;DÇfaut
CLI02251;êlisabeth-êlise RÇmy;Homme;55;Daloa;Transport;1026596;2997779;24;10,13;Oui;2026-05-05;0,56;4;687;En retard
CLI02252;Pierre de Auger;Homme;46;Abidjan;Agriculture;220810;3134851;18;22,65;Oui;2024-02-14;0,2;11;531;DÇfaut
CLI02253;Thomas Delmas;Femme;51;Daloa;Transport;430092;4889091;6;5,22;Oui;2023-07-16;0,67;3;576;En retard
CLI02254;Margot De Sousa;Femme;22;Yamoussoukro;Commerce;688291;2031287;18;13,24;Oui;2025-11-22;1,07;0;748;SoldÇ
CLI02255;Jeanne de Morin;Homme;36;San Pedro;SantÇ;1011569;2289834;24;16,84;Non;2022-09-12;0,37;6;608;DÇfaut
CLI02256;Christiane Navarro;Femme;63;Korhogo;Agriculture;522478;236673;24;14,42;Oui;2021-05-19;0,97;0;764;Actif
CLI02257;Laurent de Vasseur;Homme;32;Korhogo;Commerce;962124;3491951;24;23,22;Oui;2023-01-09;0,81;0;796;Actif
CLI02258;VÇronique Dubois;Femme;53;San Pedro;Transport;1143395;3664717;18;9,36;Oui;2025-11-19;0,94;0;760;Actif
CLI02259;OcÇane Aubert;Homme;57;San Pedro;Commerce;949709;1764214;18;18,59;Non;2024-11-02;0,29;14;393;DÇfaut
CLI02260;êmile-Alfred Coulon;Femme;61;Abidjan;Immobilier;756652;233771;18;16,42;Non;2022-05-16;0,25;7;641;DÇfaut
CLI02261;GrÇgoire GuÇrin Le Fernandez;Femme;65;BouakÇ;Agriculture;243052;4622336;24;18,66;Non;2023-06-09;0,59;4;615;En retard
CLI02262;Philippe Simon;Homme;25;San Pedro;Agriculture;923514;1416162;36;23,62;Oui;2024-01-28;0,84;0;794;Actif
CLI02263;AmÇlie Courtois;Homme;53;San Pedro;SantÇ;247965;4803407;36;23,61;Oui;2021-12-20;0,64;5;626;En retard
CLI02264;Arthur Delattre-Henry;Femme;34;Korhogo;Transport;569434;3939382;6;14,15;Oui;2023-12-28;1,11;0;674;SoldÇ
CLI02265;AurÇlie Gay;Femme;60;Abidjan;SantÇ;630323;1489616;24;16,75;Oui;2026-04-06;0,27;9;595;DÇfaut
CLI02266;Claudine du Raynaud;Homme;41;San Pedro;Commerce;714360;211712;6;10,65;Non;2022-08-18;0,95;0;817;Actif
CLI02267;Michelle Legros;Femme;59;Yamoussoukro;Immobilier;456716;582755;36;11,8;Oui;2025-04-05;0,69;2;628;En retard
CLI02268;Antoinette Le Roussel;Homme;38;Daloa;Agriculture;566539;4759458;36;19,85;Oui;2025-03-04;0,41;9;541;DÇfaut
CLI02269;Jean Legrand;Homme;50;Daloa;Transport;314138;3525276;24;15,04;Non;2024-05-19;1,12;0;675;SoldÇ
CLI02270;Joseph Gaillard de la Gaudin;Femme;63;San Pedro;SantÇ;545135;1005443;18;22,66;Oui;2024-10-11;0,68;1;721;En retard
CLI02271;Alfred de Imbert;Femme;58;Abidjan;Transport;377621;4336597;6;11,57;Oui;2025-06-09;0,32;13;448;DÇfaut
CLI02272;Bernadette Rolland;Homme;59;Abidjan;Education;407314;3508340;18;5,85;Oui;2024-06-25;1,07;0;686;SoldÇ
CLI02273;Roland Le Munoz;Homme;54;Korhogo;Agriculture;217552;3860622;12;13,04;Non;2023-02-12;0,68;5;556;En retard
CLI02274;Pierre Marin-Nicolas;Femme;40;Korhogo;Agriculture;1184312;2786774;6;18,21;Non;2025-03-20;0,12;8;631;DÇfaut
CLI02275;David Rousset;Femme;61;Daloa;Education;657996;795053;6;13,38;Oui;2023-07-04;0,1;15;414;DÇfaut
CLI02276;Benoåt Auger de Poulain;Femme;28;Abidjan;Agriculture;439641;4011502;24;12,84;Oui;2025-06-14;0,12;6;540;DÇfaut
CLI02277;Nathalie Moreau-Maurice;Homme;50;Yamoussoukro;Immobilier;199157;1519937;24;8,89;Non;2024-03-23;1,09;0;731;SoldÇ
CLI02278;Pauline Blanc;Homme;41;Abidjan;Agriculture;880032;1592500;18;11,68;Oui;2022-01-19;0,67;4;646;En retard
CLI02279;Claire Guillet;Homme;39;Korhogo;Commerce;379062;2551957;12;18,15;Oui;2023-08-28;0,51;4;659;En retard
CLI02280;Danielle Mendäs-Mahe;Homme;35;San Pedro;SantÇ;1041605;3105398;12;5,18;Non;2023-02-04;0,71;3;731;En retard
CLI02281;Eugäne Lemonnier;Homme;36;San Pedro;Immobilier;870044;3815304;6;7,64;Oui;2022-07-27;0,93;0;679;Actif
CLI02282;Gabrielle Fournier;Homme;65;Yamoussoukro;Education;726633;402561;18;12,1;Non;2022-11-21;0,87;0;741;Actif
CLI02283;Richard Fouquet;Homme;65;San Pedro;SantÇ;1197338;3737761;18;20,58;Oui;2023-01-06;0,41;6;710;DÇfaut
CLI02284;Colette Gauthier;Femme;53;Korhogo;Immobilier;388009;1047040;18;22,49;Oui;2025-07-14;0,73;4;609;En retard
CLI02285;Maggie Chauveau;Femme;46;San Pedro;Transport;942168;1327334;12;24,21;Non;2023-07-07;0,35;6;642;DÇfaut
CLI02286;Maurice Daniel;Femme;39;BouakÇ;SantÇ;234539;1135047;18;16,63;Oui;2023-06-15;0,72;4;650;En retard
CLI02287;êmilie Lacroix-Blanchard;Homme;37;Abidjan;Transport;470060;4449278;24;8,69;Oui;2022-12-27;1,16;0;733;SoldÇ
CLI02288;Jacques Guillon-Leleu;Femme;46;Korhogo;Education;232403;3855952;36;16,67;Non;2022-01-29;0,29;11;454;DÇfaut
CLI02289;Pierre Bernier;Homme;58;Korhogo;Education;599985;1856371;18;20,03;Non;2024-05-08;0,91;0;717;Actif
CLI02290;Christiane Lefebvre;Femme;52;BouakÇ;Immobilier;1025689;1621111;18;23,33;Oui;2021-05-23;0,58;3;783;En retard
CLI02291;NoÇmi Benoit;Homme;24;Korhogo;Commerce;1177350;2159472;36;21,26;Oui;2025-10-21;0,21;9;685;DÇfaut
CLI02292;Jeanne Dufour-Rolland;Homme;29;Daloa;SantÇ;924000;132573;6;5,09;Oui;2021-06-16;0,17;10;630;DÇfaut
CLI02293;PÇnÇlope Bailly-Turpin;Femme;46;Yamoussoukro;SantÇ;387849;614878;18;19,82;Oui;2025-01-23;0,83;0;736;Actif
CLI02294;TimothÇe Pinto;Homme;34;Yamoussoukro;Agriculture;710234;1041607;6;9,08;Non;2022-09-15;0,99;0;728;Actif
CLI02295;Adrien Bourdon;Femme;29;Yamoussoukro;Agriculture;149566;4581074;24;17,89;Non;2023-02-20;1,02;0;635;SoldÇ
CLI02296;Nathalie de la Barbe;Homme;39;Korhogo;Agriculture;103816;2814101;36;24,39;Oui;2025-05-10;0,81;0;703;Actif
CLI02297;David Lenoir;Homme;42;Korhogo;Commerce;566806;309881;36;23,65;Non;2023-03-20;1,19;0;770;SoldÇ
CLI02298;Eugäne Perret;Femme;56;Daloa;Immobilier;920284;1099434;36;23,8;Oui;2024-12-04;1,01;0;837;SoldÇ
CLI02299;Patrick Maillot;Femme;55;Korhogo;Transport;356212;86187;6;14,48;Non;2025-09-30;0,5;1;740;En retard
CLI02300;Noâl Fontaine;Femme;27;Yamoussoukro;Agriculture;1183505;3662247;36;11,66;Oui;2022-07-17;0,63;3;661;En retard
CLI02301;Margot Guillot;Femme;52;San Pedro;SantÇ;620284;1060961;12;11,36;Oui;2025-06-01;1,16;0;793;SoldÇ
CLI02302;Suzanne Fernandes Le Guillaume;Femme;46;San Pedro;Immobilier;283283;156809;6;14,92;Oui;2022-03-31;0,65;2;646;En retard
CLI02303;TimothÇe Lenoir;Homme;35;Daloa;Immobilier;958798;772770;36;20,24;Oui;2022-04-19;0,3;6;652;DÇfaut
CLI02304;Virginie Chevallier-Rodriguez;Homme;58;Daloa;Agriculture;495814;4375471;24;8,87;Non;2023-11-03;0,61;2;675;En retard
CLI02305;Dominique du Vincent;Femme;40;San Pedro;Commerce;656846;3812743;18;16;Non;2023-06-27;0,1;10;607;DÇfaut
CLI02306;Franáois Jacquet;Femme;55;San Pedro;Immobilier;952379;1129368;12;11,3;Non;2025-09-06;0,17;6;788;DÇfaut
CLI02307;Colette Peltier;Homme;59;Abidjan;Transport;229511;4002854;6;24,55;Non;2023-04-12;0,86;0;707;Actif
CLI02308;Laurence-Inäs Deschamps;Homme;63;Yamoussoukro;Commerce;429089;4564857;36;11,94;Oui;2023-09-09;0,39;12;449;DÇfaut
CLI02309;Christophe Meyer-Parent;Homme;56;Yamoussoukro;Transport;822429;4318824;6;11,89;Oui;2025-03-17;0,7;1;740;En retard
CLI02310;Xavier Maury du Pons;Femme;38;Daloa;Transport;902923;3118094;12;17,05;Oui;2023-12-21;0,23;12;554;DÇfaut
CLI02311;Capucine Arnaud-Lecoq;Femme;21;Daloa;Immobilier;186070;2441226;6;16,76;Oui;2026-03-28;1,08;0;681;SoldÇ
CLI02312;êdith de la Lejeune;Femme;40;Korhogo;SantÇ;325848;4576293;18;24,69;Oui;2021-12-22;1,19;0;758;SoldÇ
CLI02313;GÇrard Diallo;Homme;32;BouakÇ;SantÇ;250781;4576724;6;18,62;Non;2025-06-14;0,75;0;688;Actif
CLI02314;FrÇdÇrique Bägue;Homme;36;Daloa;SantÇ;1157394;3168437;36;16,09;Non;2024-09-15;0,85;0;803;Actif
CLI02315;RenÇ Garcia;Homme;63;Abidjan;Transport;1012846;4531011;36;5,25;Non;2023-02-12;0,53;2;742;En retard
CLI02316;Anaãs LÇvàque;Femme;65;BouakÇ;Commerce;997146;1783477;12;19,45;Oui;2025-09-18;0,48;4;718;En retard
CLI02317;Marine-Jeanne Tanguy;Homme;59;San Pedro;Transport;1062353;2566423;18;22;Oui;2022-11-22;0,65;5;714;En retard
CLI02318;Nathalie Albert de la Didier;Homme;53;Korhogo;SantÇ;1092857;407020;36;8,36;Oui;2023-11-23;1,18;0;780;SoldÇ
CLI02319;Franáois Gaillard;Homme;55;San Pedro;Transport;671706;1915272;6;6,84;Oui;2023-10-12;0,85;0;725;Actif
CLI02320;Thibault Leclerc de Schneider;Homme;27;San Pedro;Agriculture;783145;4555637;18;16,07;Oui;2026-05-02;0,72;3;628;En retard
CLI02321;Paul Couturier;Homme;63;BouakÇ;Commerce;330200;984812;36;18,12;Oui;2026-03-08;0,14;13;480;DÇfaut
CLI02322;Henriette Potier-Rousset;Femme;35;San Pedro;SantÇ;1066466;108807;24;14,55;Non;2022-11-07;0,4;10;636;DÇfaut
CLI02323;Thibaut Picard de la Jacques;Homme;55;Korhogo;Education;368540;1699924;6;13,88;Oui;2025-06-27;0,17;12;498;DÇfaut
CLI02324;Luce Guyot;Femme;36;San Pedro;Agriculture;651053;3583487;24;21,08;Oui;2023-07-26;1,2;0;796;SoldÇ
CLI02325;Hugues Legrand;Homme;41;Daloa;Education;868375;73287;18;9,64;Oui;2023-08-23;0,11;12;545;DÇfaut
CLI02326;Jean Jourdan;Femme;22;BouakÇ;Transport;352084;3187090;24;21,26;Oui;2023-07-17;1,1;0;730;SoldÇ
CLI02327;Michel Legros de la Moreno;Femme;24;Abidjan;Immobilier;773410;484813;24;9,73;Non;2021-07-28;0,54;2;688;En retard
CLI02328;ThÇophile Roche;Homme;29;Abidjan;Agriculture;1193381;785932;24;10,32;Oui;2024-04-05;0,11;14;515;DÇfaut
CLI02329;Daniel-Matthieu Lambert;Homme;58;Yamoussoukro;Agriculture;328020;1433355;6;21,11;Oui;2022-03-08;0,36;6;626;DÇfaut
CLI02330;Laure Collet;Homme;59;Yamoussoukro;Education;630066;2893456;12;18,77;Non;2021-08-18;0,94;0;768;Actif
CLI02331;Jeanne de la Hubert;Femme;65;Abidjan;Commerce;848958;1989993;6;16,49;Non;2024-12-08;1,01;0;753;SoldÇ
CLI02332;Christophe Laroche de la Delorme;Femme;23;Daloa;Immobilier;359021;3937855;18;23,34;Non;2021-05-27;1,14;0;693;SoldÇ
CLI02333;Lorraine Lemaåtre Le Barbier;Femme;38;Daloa;Immobilier;367440;417796;18;10,72;Non;2021-07-04;0,71;5;571;En retard
CLI02334;Alex Richard de Guillet;Femme;35;Daloa;Education;1157505;809697;6;16,15;Oui;2023-07-02;0,79;0;793;Actif
CLI02335;Jean de Da Costa;Femme;43;Yamoussoukro;Transport;814823;4490866;12;10,67;Non;2024-12-29;1,02;0;772;SoldÇ
CLI02336;Agathe Lecoq;Femme;31;Yamoussoukro;SantÇ;432057;3162128;12;7,47;Oui;2021-10-07;0,78;0;734;Actif
CLI02337;Henri Ferrand;Femme;45;Korhogo;Transport;105316;2019089;24;7,05;Non;2023-07-23;0,56;2;670;En retard
CLI02338;SÇbastien Bertin;Homme;49;Abidjan;Agriculture;101988;2535818;24;22,27;Non;2024-01-13;0,27;12;446;DÇfaut
CLI02339;OcÇane Voisin;Homme;43;Abidjan;Transport;211885;3119999;36;12,3;Oui;2024-03-05;0,18;9;510;DÇfaut
CLI02340;Monique Durand-Dos Santos;Homme;64;Korhogo;Transport;269092;3599727;24;21,18;Non;2024-01-16;0,45;1;644;En retard
CLI02341;Marianne Cousin;Homme;44;Yamoussoukro;Transport;350424;1553597;18;11,04;Non;2022-07-18;0,33;15;447;DÇfaut
CLI02342;Maurice MarÇchal;Femme;24;Daloa;Transport;867220;2266391;18;9,28;Non;2026-02-11;0,85;0;780;Actif
CLI02343;Guy Foucher;Homme;41;San Pedro;SantÇ;1045182;1082706;36;23,67;Non;2025-01-25;0,19;14;533;DÇfaut
CLI02344;Raymond Pelletier;Femme;46;Yamoussoukro;SantÇ;530485;3654460;18;12,77;Oui;2024-05-02;0,24;9;515;DÇfaut
CLI02345;RÇmy-Gilbert Bouvier;Femme;37;BouakÇ;Agriculture;1044702;3371788;36;24,1;Oui;2022-11-01;0,51;4;604;En retard
CLI02346;Nathalie Le Martinez;Femme;51;BouakÇ;Commerce;266021;4597136;18;9,89;Oui;2025-07-24;0,11;7;584;DÇfaut
CLI02347;AdÇlaãde du Lambert;Femme;48;BouakÇ;SantÇ;1105232;2079166;12;8,79;Non;2024-01-07;1;0;770;SoldÇ
CLI02348;Marianne Laurent;Homme;34;Yamoussoukro;Agriculture;929079;2475111;18;5,8;Oui;2024-09-17;1,06;0;733;SoldÇ
CLI02349;Sophie-Laure Charles;Homme;46;BouakÇ;Transport;1045086;3204637;36;22,19;Non;2022-06-02;0,82;0;800;Actif
CLI02350;Marcel Arnaud;Femme;36;BouakÇ;Agriculture;414398;1927658;36;22,35;Oui;2024-07-31;0,82;0;706;Actif
CLI02351;Joseph Legrand;Homme;22;BouakÇ;Education;276966;2158578;6;6,31;Oui;2024-05-29;0,78;0;748;Actif
CLI02352;FrÇdÇrique Lambert;Femme;39;Korhogo;Commerce;370036;1831889;18;14,89;Oui;2023-08-29;0,18;15;443;DÇfaut
CLI02353;Jules Blanc;Femme;42;San Pedro;Commerce;753358;755513;18;21,85;Oui;2021-09-25;0,86;0;795;Actif
CLI02354;SÇbastien Bazin;Femme;41;Abidjan;Commerce;995233;4818034;36;17,45;Oui;2021-05-16;0,32;9;516;DÇfaut
CLI02355;FrÇdÇric Colas;Femme;39;BouakÇ;Transport;595595;1840498;12;8,69;Oui;2026-02-15;0,93;0;789;Actif
CLI02356;Inäs Morvan;Femme;50;San Pedro;Transport;1059080;1881601;12;23,78;Oui;2024-04-15;0,56;5;697;En retard
CLI02357;êlodie Sauvage-Chartier;Femme;51;Abidjan;Immobilier;139301;3765732;6;9,15;Non;2022-08-06;0,5;2;621;En retard
CLI02358;Henriette Royer;Femme;31;Daloa;Immobilier;1135755;2602112;12;17,6;Non;2024-07-25;0,19;6;673;DÇfaut
CLI02359;Georges Dumont;Homme;29;Yamoussoukro;Education;1120311;2317009;6;18,51;Non;2022-09-11;1,06;0;717;SoldÇ
CLI02360;Nathalie Lopes;Homme;48;BouakÇ;Commerce;1030939;3575295;12;12,43;Non;2023-03-08;1,12;0;783;SoldÇ
CLI02361;Alexandria Lopes;Homme;36;San Pedro;SantÇ;929006;1651471;36;18,25;Non;2025-01-02;0,49;4;655;En retard
CLI02362;Dominique Garcia-Pinto;Homme;39;Abidjan;Education;1019139;2291987;18;16,9;Oui;2026-05-11;0,81;0;724;Actif
CLI02363;êtienne Dos Santos Le Mendäs;Homme;58;Yamoussoukro;Education;1095871;4867706;36;19,16;Oui;2024-07-12;1,03;0;700;SoldÇ
CLI02364;Guillaume du Schneider;Femme;23;BouakÇ;Transport;740590;2680522;6;22,34;Oui;2023-04-03;0,76;0;791;Actif
CLI02365;RÇmy Morvan;Femme;39;San Pedro;Commerce;533987;1120042;12;19,91;Non;2021-07-23;1,17;0;717;SoldÇ
CLI02366;Bernard Poirier;Homme;27;Daloa;Commerce;409144;4647398;36;19,08;Oui;2021-05-18;1,07;0;755;SoldÇ
CLI02367;Noâl Normand de Bruneau;Femme;60;Daloa;Transport;684643;4767626;18;9,56;Oui;2023-06-23;0,12;7;559;DÇfaut
CLI02368;RenÇ Delmas;Femme;65;San Pedro;Immobilier;422567;1203187;12;21,33;Non;2022-04-02;1,17;0;661;SoldÇ
CLI02369;Christiane Richard;Homme;61;Abidjan;Education;418932;2910582;24;19,3;Non;2026-03-01;0,92;0;668;Actif
CLI02370;AndrÇ Thomas;Homme;29;Yamoussoukro;SantÇ;509978;3826981;36;17,86;Oui;2021-09-11;0,81;0;762;Actif
CLI02371;Christiane Le Ruiz;Femme;25;Korhogo;SantÇ;893554;4430166;6;12,69;Non;2024-12-22;0,18;9;558;DÇfaut
CLI02372;Sabine Paris;Femme;46;San Pedro;Commerce;721618;3971998;36;16,99;Non;2025-04-05;1,17;0;710;SoldÇ
CLI02373;AdÇlaãde-Marie Aubert;Femme;53;BouakÇ;SantÇ;978380;3773055;36;10,39;Non;2024-04-23;0,95;0;766;Actif
CLI02374;Chantal De Oliveira;Homme;21;Korhogo;Agriculture;1012758;1343232;12;12,9;Oui;2024-01-03;0,23;14;527;DÇfaut
CLI02375;AimÇ-RenÇ Paris;Femme;26;Daloa;Transport;885707;3411953;12;5,15;Non;2025-01-17;0,56;3;739;En retard
CLI02376;Laure Guyot;Femme;38;Yamoussoukro;Commerce;773200;4238115;36;23,94;Non;2025-05-22;0,45;3;732;En retard
CLI02377;Alphonse Albert de Pons;Homme;37;Yamoussoukro;Education;1066207;3665099;18;5,11;Non;2024-10-11;0,16;14;475;DÇfaut
CLI02378;Franáoise ClÇment;Femme;54;Yamoussoukro;Commerce;358485;2492512;6;12,15;Non;2023-05-26;0,56;3;597;En retard
CLI02379;Lorraine Klein;Homme;32;Yamoussoukro;Commerce;618313;2587860;18;6,37;Non;2021-11-30;0,66;5;619;En retard
CLI02380;Gilles Bertin;Homme;33;Korhogo;Agriculture;502766;4489953;24;23,24;Oui;2023-04-14;1,2;0;715;SoldÇ
CLI02381;Bernadette Vasseur;Femme;51;Korhogo;Immobilier;167863;582869;24;5,4;Oui;2024-07-03;0,37;9;492;DÇfaut
CLI02382;Arnaude Alves;Femme;30;Korhogo;Education;524933;4350793;24;6,22;Oui;2025-09-18;0,15;11;450;DÇfaut
CLI02383;ZoÇ Pereira;Homme;22;Daloa;Commerce;662960;630182;12;10,38;Non;2022-03-10;0,74;5;673;En retard
CLI02384;Marguerite Delannoy;Femme;59;Abidjan;Agriculture;1096680;4880633;24;7,7;Non;2024-07-30;0,4;8;598;DÇfaut
CLI02385;JÇrìme Verdier;Femme;45;BouakÇ;Immobilier;646863;4467665;6;10,98;Non;2025-12-15;1,11;0;721;SoldÇ
CLI02386;HonorÇ de la Garnier;Femme;65;Daloa;SantÇ;1112098;2559495;36;24,47;Non;2023-03-18;0,12;11;535;DÇfaut
CLI02387;Geneviäve Colas-Salmon;Homme;57;BouakÇ;SantÇ;606835;208028;18;16,69;Oui;2022-11-02;0,79;0;749;Actif
CLI02388;Franck Albert de Barbe;Femme;21;BouakÇ;Commerce;433550;2155328;18;7,94;Oui;2025-12-07;1,06;0;684;SoldÇ
CLI02389;Benoåt Delattre;Femme;54;San Pedro;Agriculture;373416;2836054;36;10,61;Oui;2026-03-31;1,03;0;744;SoldÇ
CLI02390;Christelle-Isabelle Rolland;Femme;30;Yamoussoukro;Education;165708;1957214;6;16,27;Non;2024-08-11;0,58;4;658;En retard
CLI02391;êmile Lemoine;Femme;50;Daloa;Education;840373;3114355;6;18,13;Non;2025-01-26;0,17;12;439;DÇfaut
CLI02392;Guillaume Lenoir;Homme;33;Daloa;Education;87745;4251520;36;20,09;Non;2024-06-17;0,24;15;329;DÇfaut
CLI02393;Manon Perrin-Fernandez;Femme;65;San Pedro;Commerce;1158571;2369061;6;16,41;Oui;2024-05-12;0,28;9;552;DÇfaut
CLI02394;Bertrand Olivier-Jacquet;Femme;56;Korhogo;Agriculture;870089;2398398;12;14,18;Non;2025-02-20;1,02;0;737;SoldÇ
CLI02395;Manon Guyon;Homme;49;Daloa;SantÇ;483638;70869;24;13,06;Oui;2021-10-05;1,03;0;744;SoldÇ
CLI02396;TimothÇe Lagarde;Homme;44;San Pedro;Immobilier;273509;4492867;6;14,37;Oui;2021-10-16;0,65;3;564;En retard
CLI02397;Daniel Lenoir;Femme;57;BouakÇ;Agriculture;735169;3525563;36;15,98;Non;2026-02-01;1,02;0;701;SoldÇ
CLI02398;Sylvie du Bonneau;Homme;50;BouakÇ;Agriculture;382853;1896027;24;7,38;Oui;2023-07-16;0,79;0;679;Actif
CLI02399;Capucine Cordier de Grenier;Homme;51;Abidjan;SantÇ;198728;351248;24;11,33;Non;2023-03-15;0,4;14;444;DÇfaut
CLI02400;Luc Vincent;Femme;50;San Pedro;Immobilier;1016647;4923151;18;19,07;Non;2021-10-23;0,18;13;495;DÇfaut
CLI02401;Alain Riou;Femme;33;Daloa;Agriculture;1180651;699227;36;15,82;Non;2023-04-02;0,85;0;782;Actif
CLI02402;Audrey Le Antoine;Femme;53;Yamoussoukro;Education;219059;3009017;36;6,3;Non;2026-01-22;0,64;1;678;En retard
CLI02403;Xavier de Descamps;Femme;31;BouakÇ;Education;929319;4663131;12;15,11;Non;2021-08-22;0,71;4;644;En retard
CLI02404;Adrienne Coste;Homme;30;BouakÇ;Commerce;115429;4068031;24;6,59;Oui;2022-05-03;0,36;12;419;DÇfaut
CLI02405;Camille Turpin;Homme;61;Daloa;Commerce;779902;790007;36;22,57;Non;2023-06-10;0,7;2;797;En retard
CLI02406;Marie Duval;Homme;22;Abidjan;Commerce;1104362;109079;24;12,76;Oui;2026-04-04;0,94;0;850;Actif
CLI02407;FrÇdÇric Gimenez;Femme;58;San Pedro;Education;356730;1890847;24;20,59;Oui;2022-08-01;0,75;0;664;Actif
CLI02408;Patrick Garnier;Homme;35;Abidjan;Agriculture;656509;4339773;24;18,23;Non;2024-08-02;0,77;0;755;Actif
CLI02409;Vincent Couturier-Lenoir;Femme;23;BouakÇ;Immobilier;962320;4167378;18;14,2;Oui;2025-06-23;0,78;0;787;Actif
CLI02410;Michelle Traore Le Berthelot;Femme;65;Daloa;Agriculture;1015520;161314;24;13,85;Oui;2024-06-13;0,91;0;754;Actif
CLI02411;Olivier DuprÇ;Homme;41;Daloa;Commerce;770528;2904338;6;18,63;Non;2021-06-14;0,94;0;780;Actif
CLI02412;Joseph Tanguy;Femme;29;Korhogo;Immobilier;276323;4452321;24;17,36;Oui;2022-12-26;0,84;0;744;Actif
CLI02413;AndrÇ-Maurice Fabre;Femme;37;Yamoussoukro;Commerce;173768;2660363;18;24,64;Oui;2025-10-10;0,69;1;625;En retard
CLI02414;Patrick Richard;Femme;51;Abidjan;Agriculture;187806;909016;12;23,72;Non;2022-02-06;1,18;0;672;SoldÇ
CLI02415;Philippine Louis;Femme;55;Daloa;Commerce;1011071;1004882;18;17,56;Oui;2023-04-14;0,53;5;731;En retard
CLI02416;Brigitte de Guyon;Femme;49;Yamoussoukro;Transport;1016186;4560779;6;22,47;Non;2024-07-25;0,26;10;566;DÇfaut
CLI02417;Diane Pruvost;Femme;37;Daloa;Transport;944055;4018052;36;21,2;Non;2022-11-27;0,13;9;596;DÇfaut
CLI02418;Alfred Paul-Merle;Femme;22;BouakÇ;Transport;219237;3673932;12;23,75;Non;2023-12-28;0,77;0;698;Actif
CLI02419;Marie Didier;Homme;28;Korhogo;SantÇ;824629;4934620;24;12,32;Oui;2022-04-06;0,88;0;748;Actif
CLI02420;LÇon-Franáois Pruvost;Homme;63;Daloa;Commerce;1001031;2008919;6;15,18;Oui;2023-07-28;1,16;0;726;SoldÇ
CLI02421;êtienne Da Silva;Homme;57;Daloa;Agriculture;266076;2830208;36;12,37;Non;2024-08-03;0,88;0;740;Actif
CLI02422;Emmanuelle Chevalier;Homme;35;Abidjan;Education;447107;2567303;6;12,52;Non;2023-02-16;1,19;0;765;SoldÇ
CLI02423;Jacques Lemaåtre de la Gay;Femme;61;San Pedro;Agriculture;613283;4559247;12;16,66;Oui;2025-08-03;0,98;0;706;Actif
CLI02424;Luc DuprÇ;Femme;39;Daloa;SantÇ;885936;4000553;18;12,78;Non;2022-04-28;0,9;0;746;Actif
CLI02425;Audrey Barre;Femme;55;San Pedro;Commerce;674407;740643;24;10,35;Oui;2023-07-06;1,13;0;698;SoldÇ
CLI02426;Michelle Jean;Femme;21;Korhogo;Education;786048;160125;12;22,95;Non;2021-11-06;0,18;7;657;DÇfaut
CLI02427;AndrÇe Guilbert de la Gallet;Homme;62;San Pedro;SantÇ;681209;879481;12;20,75;Non;2022-03-30;0,43;10;582;DÇfaut
CLI02428;Thibault GÇrard;Homme;58;Abidjan;SantÇ;615078;4768195;12;18,88;Non;2025-07-27;0,99;0;711;Actif
CLI02429;Suzanne Monnier;Homme;58;BouakÇ;Commerce;342930;4546415;24;10,77;Oui;2024-05-19;0,8;0;733;Actif
CLI02430;êlodie-Christelle Colas;Homme;48;Korhogo;Agriculture;809559;298052;36;19,52;Oui;2022-07-04;0,74;2;724;En retard
CLI02431;Alphonse Paris Le Caron;Femme;45;San Pedro;Commerce;1028793;3906072;6;17;Non;2022-01-26;0,52;4;706;En retard
CLI02432;Alix Hardy;Homme;29;BouakÇ;Agriculture;737347;3356422;12;10,56;Oui;2025-05-05;0,99;0;699;Actif
CLI02433;Michelle Devaux;Homme;64;San Pedro;Education;541751;2303724;36;16,77;Non;2024-05-17;0,14;9;550;DÇfaut
CLI02434;Margot Blanchet;Homme;47;Yamoussoukro;Agriculture;1103876;3053821;36;19,81;Oui;2023-01-10;0,2;13;512;DÇfaut
CLI02435;Juliette Hardy-Bonneau;Femme;38;BouakÇ;Immobilier;926421;1059129;18;10,88;Oui;2022-11-23;0,78;0;791;Actif
CLI02436;Alfred Huet-Paris;Homme;50;Abidjan;Education;717629;3367299;18;13,69;Oui;2025-01-06;0,44;12;483;DÇfaut
CLI02437;Nathalie Petitjean;Femme;36;Korhogo;SantÇ;1106799;1125760;24;9,36;Non;2024-05-21;0,72;3;734;En retard
CLI02438;Franáoise Munoz;Femme;43;Yamoussoukro;Education;411246;1582663;24;18,71;Oui;2021-08-10;0,51;3;698;En retard
CLI02439;Laurent Leclercq;Homme;22;Abidjan;SantÇ;533680;4643376;18;5,05;Non;2025-04-06;0,3;11;469;DÇfaut
CLI02440;Alexandria Jean;Homme;38;Korhogo;Commerce;685129;2195956;36;12,99;Oui;2022-03-25;0,25;14;402;DÇfaut
CLI02441;Lucie Picard;Femme;51;Yamoussoukro;SantÇ;585833;2008112;6;10,05;Oui;2022-08-12;0,5;4;728;En retard
CLI02442;Guillaume-Adrien Ollivier;Femme;39;Korhogo;Education;495179;1298366;18;6,86;Non;2025-09-03;0,39;15;491;DÇfaut
CLI02443;Guillaume Legrand;Femme;58;Abidjan;Education;744409;1842278;6;7,68;Non;2025-01-05;0,86;0;704;Actif
CLI02444;Maggie Colin de la Couturier;Femme;39;Abidjan;SantÇ;591411;3747801;24;18,01;Oui;2024-05-09;0,57;5;649;En retard
CLI02445;Madeleine Faivre-Alexandre;Femme;53;Yamoussoukro;Agriculture;188209;551425;6;19,46;Oui;2025-03-06;0,69;2;653;En retard
CLI02446;Constance Blondel;Homme;41;Daloa;Commerce;273146;594612;18;9,58;Oui;2024-12-21;0,63;4;651;En retard
CLI02447;Raymond de Moreno;Homme;52;Daloa;Education;242773;4653606;24;6,95;Non;2024-03-04;0,78;0;689;Actif
CLI02448;êdouard Hoarau;Femme;48;Daloa;Education;711646;1131072;18;20,22;Non;2022-06-15;1,02;0;750;SoldÇ
CLI02449;Yves Samson-Bouvier;Homme;30;Yamoussoukro;Immobilier;977190;4900176;12;9,89;Oui;2025-12-01;0,99;0;717;Actif
CLI02450;Claudine Colin;Homme;33;Yamoussoukro;SantÇ;105663;3441047;6;6,06;Non;2021-11-02;0,31;8;488;DÇfaut
CLI02451;Corinne Guillou-Gallet;Femme;65;Yamoussoukro;Agriculture;119566;2788384;12;8,36;Oui;2023-10-08;0,91;0;647;Actif
CLI02452;RenÇe-ValÇrie Besson;Homme;46;Abidjan;Commerce;937436;4079884;6;7,06;Oui;2022-09-10;0,18;11;499;DÇfaut
CLI02453;Alphonse Valette;Femme;48;Abidjan;Commerce;603970;1776431;36;7,81;Non;2024-05-28;0,25;8;579;DÇfaut
CLI02454;Thibaut Fontaine;Femme;35;Daloa;SantÇ;353660;1595091;12;5,94;Oui;2021-11-02;0,52;1;670;En retard
CLI02455;êlodie Arnaud;Homme;25;BouakÇ;Agriculture;318806;1792603;18;15,68;Oui;2021-06-06;0,33;15;441;DÇfaut
CLI02456;Sabine Dijoux-Baudry;Homme;44;BouakÇ;SantÇ;460707;4387104;24;24,11;Oui;2024-04-14;0,23;9;581;DÇfaut
CLI02457;William Brunel;Femme;42;Yamoussoukro;Immobilier;943440;2426561;18;7,52;Non;2023-02-17;0,43;14;466;DÇfaut
CLI02458;Luce Cousin;Femme;48;BouakÇ;SantÇ;90436;1503432;18;16,67;Non;2023-11-12;0,57;2;663;En retard
CLI02459;Jacques Potier;Homme;58;Daloa;Agriculture;827863;2126324;24;20,01;Non;2025-03-30;0,8;0;781;Actif
CLI02460;Henri ChrÇtien;Femme;63;Yamoussoukro;SantÇ;836071;1537693;36;14,44;Oui;2023-07-27;0,36;12;547;DÇfaut
CLI02461;Sylvie Colin;Homme;45;BouakÇ;Immobilier;927845;3161555;18;16,25;Non;2023-11-26;0,17;13;504;DÇfaut
CLI02462;Louis-êdouard Boulay;Homme;61;San Pedro;Immobilier;1151428;558170;36;23,32;Non;2024-04-25;0,56;1;819;En retard
CLI02463;Jules Perrin;Homme;36;San Pedro;Transport;927920;4928855;18;8,19;Non;2023-10-01;1,07;0;762;SoldÇ
CLI02464;RÇmy-Henri Merle;Femme;63;BouakÇ;SantÇ;569318;2885885;12;16,22;Non;2022-02-26;0,87;0;678;Actif
CLI02465;Thomas ClÇment;Femme;36;San Pedro;Education;403162;2479643;12;22,55;Non;2022-08-09;0,88;0;750;Actif
CLI02466;FrÇdÇrique Andre;Homme;40;BouakÇ;SantÇ;296547;2891680;24;6,64;Non;2022-04-29;0,81;0;736;Actif
CLI02467;Christine-OcÇane Rousseau;Homme;41;Daloa;Education;649279;1832600;18;13,22;Oui;2024-03-26;0,46;4;636;En retard
CLI02468;êmile Blot;Homme;47;Korhogo;Education;292374;3349209;36;7,94;Oui;2023-10-13;0,72;5;597;En retard
CLI02469;Aurore PrÇvost;Homme;47;Korhogo;SantÇ;281707;3023632;12;18,48;Non;2022-10-27;0,65;1;705;En retard
CLI02470;Arthur Coste du Petit;Homme;65;BouakÇ;Transport;1048684;791422;6;9,9;Non;2023-11-01;0,65;2;748;En retard
CLI02471;Juliette Legros de la Charles;Homme;51;Korhogo;SantÇ;428224;84115;6;10,48;Non;2026-01-21;0,77;0;784;Actif
CLI02472;Franck LabbÇ;Homme;56;San Pedro;Agriculture;373471;3293014;18;16,48;Non;2024-09-22;0,23;7;658;DÇfaut
CLI02473;Laurence Schmitt;Femme;49;San Pedro;SantÇ;912276;1593030;18;17,85;Oui;2025-05-06;1,02;0;743;SoldÇ
CLI02474;Julien Lacroix de Riou;Femme;43;Abidjan;Agriculture;930310;1770627;12;16,96;Non;2021-11-27;0,61;5;620;En retard
CLI02475;Laetitia Simon;Femme;57;Daloa;Immobilier;630008;4291507;6;24,87;Non;2022-12-23;0,22;12;492;DÇfaut
CLI02476;RenÇ du Jourdan;Femme;26;BouakÇ;Immobilier;939828;3837438;6;13,23;Oui;2023-12-24;1,08;0;784;SoldÇ
CLI02477;Danielle Ferrand;Homme;59;Abidjan;Transport;312652;325662;6;24,12;Oui;2024-09-21;0,22;11;498;DÇfaut
CLI02478;Vincent Langlois Le Pascal;Homme;57;Yamoussoukro;Immobilier;650653;4958184;6;20,23;Oui;2022-10-23;0,19;9;593;DÇfaut
CLI02479;Henri Martinez;Homme;51;Abidjan;Education;959256;4093570;12;24,14;Non;2024-05-11;0,4;7;561;DÇfaut
CLI02480;Colette-Alice Le Roux;Femme;26;Korhogo;Commerce;210183;646923;24;14,87;Non;2026-01-04;0,34;7;602;DÇfaut
CLI02481;Laurent Masson;Homme;46;Abidjan;Commerce;101856;2423353;36;18,09;Oui;2024-06-04;0,75;0;661;Actif
CLI02482;Marcel Nguyen-Lenoir;Femme;62;San Pedro;Commerce;418794;374240;12;15,59;Non;2024-11-28;1,01;0;806;SoldÇ
CLI02483;Henri GrÇgoire;Femme;55;BouakÇ;Immobilier;149164;656946;36;17,04;Oui;2023-01-01;0,37;8;628;DÇfaut
CLI02484;Michelle Carpentier-Navarro;Femme;40;Daloa;Transport;627635;1358088;6;9,19;Oui;2022-04-29;0,32;12;478;DÇfaut
CLI02485;FrÇdÇric Bouvier Le Andre;Homme;52;Daloa;Commerce;289063;1773094;36;12,64;Oui;2021-07-09;0,19;13;429;DÇfaut
CLI02486;FrÇdÇric Hernandez;Femme;28;Yamoussoukro;Transport;506305;1184404;6;16,66;Oui;2022-04-07;0,44;6;653;DÇfaut
CLI02487;Marthe du Dufour;Homme;31;Daloa;Immobilier;1172101;4711091;6;10,79;Non;2025-12-15;0,23;14;474;DÇfaut
CLI02488;Thibault Rousset;Femme;29;San Pedro;Transport;1096235;679841;36;9,26;Non;2022-05-29;0,58;5;701;En retard
CLI02489;Marie Thibault;Femme;48;Daloa;Transport;473262;651862;12;16,08;Oui;2022-07-09;1,16;0;741;SoldÇ
CLI02490;AimÇ Marie;Femme;60;BouakÇ;SantÇ;313200;3228869;6;20,65;Oui;2023-06-09;1,2;0;622;SoldÇ
CLI02491;Martin de Raynaud;Homme;28;Yamoussoukro;Commerce;810545;2432019;6;6,52;Oui;2026-05-13;0,36;11;536;DÇfaut
CLI02492;Susan Lejeune;Femme;59;BouakÇ;Immobilier;988785;1606473;24;6,33;Non;2024-01-22;0,7;3;695;En retard
CLI02493;Lorraine Voisin;Homme;62;San Pedro;SantÇ;1121966;2666305;6;5,04;Non;2024-01-30;0,8;0;765;Actif
CLI02494;Arthur Blondel;Homme;50;Korhogo;Education;658640;4417079;36;23,3;Non;2023-04-29;0,49;4;699;En retard
CLI02495;FrÇdÇrique Mary-Lecoq;Homme;24;San Pedro;Transport;144226;3147445;6;16,82;Non;2021-12-20;0,79;0;632;Actif
CLI02496;AimÇ Valette;Femme;63;San Pedro;SantÇ;922825;1796568;18;12,28;Oui;2022-04-11;0,66;2;766;En retard
CLI02497;êlise Petitjean du Collet;Homme;50;Yamoussoukro;Commerce;407286;3319177;24;7,67;Non;2025-08-08;0,82;0;696;Actif
CLI02498;Anne Bourgeois de Fischer;Femme;45;BouakÇ;Commerce;96766;4046424;6;18,27;Oui;2021-07-08;0,19;10;458;DÇfaut
CLI02499;Colette Martins;Femme;53;Abidjan;Commerce;962857;1560223;18;5,81;Non;2025-10-01;0,87;0;812;Actif
CLI02500;Suzanne Toussaint;Homme;61;San Pedro;Agriculture;943712;3482434;36;16,99;Oui;2024-09-04;0,84;0;773;Actif
CLI02501;Inäs Carlier;Homme;21;Yamoussoukro;SantÇ;1069252;3469564;12;8,84;Oui;2025-04-09;0,89;0;795;Actif
CLI02502;Suzanne Marie;Homme;29;Abidjan;Education;561020;1248104;36;7,96;Non;2025-03-20;0,29;8;622;DÇfaut
CLI02503;Agnäs David;Femme;51;Abidjan;Commerce;765227;1354803;36;8,85;Non;2025-10-15;1,2;0;749;SoldÇ
CLI02504;Jacques Arnaud du Deschamps;Femme;26;Yamoussoukro;Commerce;161817;4699342;18;14,05;Oui;2021-08-26;0,98;0;644;Actif
CLI02505;Thibaut Renault;Homme;36;BouakÇ;Agriculture;807773;299152;18;8,88;Non;2022-11-15;1,16;0;734;SoldÇ
CLI02506;Xavier Lemonnier;Homme;21;San Pedro;Education;995785;2476558;6;17,79;Non;2024-05-28;1,13;0;741;SoldÇ
CLI02507;Laure Bertin de la Marion;Homme;59;Abidjan;Commerce;1053836;4447231;12;5,58;Oui;2026-03-13;1,12;0;850;SoldÇ
CLI02508;Chantal Thomas;Femme;27;Korhogo;Commerce;683347;2813445;12;11,03;Oui;2025-06-07;0,77;0;789;Actif
CLI02509;Jeanne Mathieu;Femme;39;BouakÇ;Commerce;1064677;4711299;24;21;Oui;2023-10-20;0,42;8;545;DÇfaut
CLI02510;Pierre Guillou;Homme;22;Daloa;Agriculture;888506;1912380;18;14,95;Oui;2022-03-14;1,1;0;716;SoldÇ
CLI02511;RÇmy Tessier;Femme;56;Yamoussoukro;Agriculture;322029;1273973;6;9,44;Non;2025-01-09;0,83;0;738;Actif
CLI02512;Daniel Vincent-Girard;Femme;59;Yamoussoukro;Education;108816;2725433;18;16,05;Non;2023-08-28;1,15;0;705;SoldÇ
CLI02513;êlÇonore Hardy;Femme;65;San Pedro;Education;123737;4619536;18;8,73;Oui;2024-12-31;1,08;0;688;SoldÇ
CLI02514;Augustin Weber;Femme;57;Abidjan;Transport;182422;2550118;18;22,88;Non;2024-11-21;0,67;5;582;En retard
CLI02515;AimÇ-Michel Bigot;Homme;24;San Pedro;Commerce;894758;2831322;24;14,19;Non;2025-10-30;0,36;10;556;DÇfaut
CLI02516;Tristan Nguyen;Homme;46;Daloa;Education;747622;1257134;24;13,29;Non;2022-06-16;1,12;0;775;SoldÇ
CLI02517;Matthieu du Da Silva;Homme;40;San Pedro;SantÇ;202864;1224517;18;9,4;Oui;2021-07-03;0,12;10;511;DÇfaut
CLI02518;Paulette Chartier;Femme;60;Yamoussoukro;Commerce;417073;3386733;18;10,39;Oui;2022-12-07;0,61;4;539;En retard
CLI02519;Gilles Martel;Femme;64;Abidjan;Immobilier;466265;2066523;12;23,02;Oui;2024-08-13;0,29;10;516;DÇfaut
CLI02520;Laure GrÇgoire;Homme;50;Yamoussoukro;Education;344281;2632132;6;19,4;Oui;2025-09-19;0,48;4;594;En retard
CLI02521;CÇlina Da Silva;Femme;41;Abidjan;Agriculture;1041619;2413814;36;23,56;Non;2021-07-27;0,52;4;707;En retard
CLI02522;Antoine Lagarde;Femme;31;Daloa;Agriculture;853686;3843147;6;9,78;Oui;2023-07-03;0,94;0;850;Actif
CLI02523;William-ThÇophile Leroux;Femme;64;Daloa;Education;690515;3060137;12;23,62;Non;2024-01-10;1,03;0;753;SoldÇ
CLI02524;Richard Boyer-Pruvost;Homme;54;Korhogo;Transport;891335;1948843;6;10,59;Oui;2025-09-06;1,1;0;757;SoldÇ
CLI02525;Denis Evrard;Femme;32;BouakÇ;Commerce;270098;3762981;12;6,98;Oui;2024-09-30;0,43;8;566;DÇfaut
CLI02526;Roland Becker de la Millet;Femme;26;Daloa;Agriculture;934108;3942404;36;23,55;Non;2025-10-24;0,29;7;633;DÇfaut
CLI02527;AdÇlaãde Blanchard-Charrier;Homme;46;BouakÇ;Agriculture;882055;1810903;24;22,17;Non;2024-01-13;1,02;0;786;SoldÇ
CLI02528;FrÇdÇric Weiss;Femme;23;Abidjan;Agriculture;531828;1065944;12;16,73;Non;2025-05-18;0,65;3;706;En retard
CLI02529;Noâl Bertrand;Homme;23;Yamoussoukro;Education;956581;848760;36;5,97;Oui;2022-11-23;0,73;2;829;En retard
CLI02530;êlisabeth Joly;Homme;52;Daloa;Education;1101760;760956;36;6,24;Oui;2022-11-28;0,16;6;637;DÇfaut
CLI02531;Roland-GrÇgoire Noâl;Femme;48;Abidjan;Education;288561;3210683;12;8,68;Non;2022-04-04;0,47;3;655;En retard
CLI02532;Valentine Besnard;Femme;43;BouakÇ;Commerce;728238;70613;24;16,59;Oui;2025-05-31;0,78;0;735;Actif
CLI02533;Alphonse Daniel Le Boulay;Femme;43;Korhogo;Commerce;535491;1196860;12;6,66;Non;2022-02-22;0,52;4;683;En retard
CLI02534;Jeanne êtienne;Femme;42;Abidjan;SantÇ;870300;2479553;24;19,68;Non;2024-02-03;1,02;0;725;SoldÇ
CLI02535;Louise-Chantal Dupont;Homme;60;Abidjan;SantÇ;700145;3009029;12;18,55;Oui;2025-02-28;0,87;0;723;Actif
CLI02536;ZoÇ Maurice-Devaux;Femme;52;Abidjan;Agriculture;977388;3579256;24;11,8;Non;2022-12-04;0,48;4;670;En retard
CLI02537;JosÇphine Pineau-Schmitt;Homme;57;Korhogo;Commerce;415798;4695395;6;21,43;Non;2024-09-30;0,81;0;733;Actif
CLI02538;Audrey Delannoy Le Daniel;Femme;63;San Pedro;SantÇ;235564;552260;12;7,64;Non;2023-04-20;0,18;7;614;DÇfaut
CLI02539;Eugäne Pinto;Femme;22;Daloa;Transport;890301;4058272;24;9,09;Oui;2022-05-07;0,37;8;538;DÇfaut
CLI02540;OcÇane Rolland;Homme;55;Daloa;Education;826031;4963826;12;6,43;Non;2024-07-14;0,25;14;455;DÇfaut
CLI02541;PÇnÇlope Ribeiro du Hamon;Femme;47;BouakÇ;Commerce;542779;4227360;6;6,66;Non;2024-12-19;1,03;0;683;SoldÇ
CLI02542;Franáoise Besnard-Barbe;Homme;22;BouakÇ;SantÇ;593469;3854702;18;20,46;Oui;2024-05-01;0,37;14;390;DÇfaut
CLI02543;Martin Schneider;Homme;34;San Pedro;Education;380314;2228128;24;11,89;Non;2022-07-24;0,82;0;707;Actif
CLI02544;Christiane Bonnin;Homme;29;Daloa;Transport;1084006;4541031;18;7,07;Oui;2023-10-02;0,83;0;750;Actif
CLI02545;Louis Gomes-Maury;Femme;42;Yamoussoukro;SantÇ;230110;2909065;12;23,39;Oui;2025-11-02;0,25;7;650;DÇfaut
CLI02546;Isaac de la Bazin;Homme;45;Yamoussoukro;Commerce;820502;1422942;24;12,86;Oui;2025-11-30;0,3;13;525;DÇfaut
CLI02547;Thibault Petitjean;Homme;52;Yamoussoukro;SantÇ;463943;2395873;18;23,86;Non;2024-08-04;0,34;9;487;DÇfaut
CLI02548;Alice Guillaume;Femme;41;BouakÇ;Agriculture;889296;3986452;24;10,2;Non;2025-06-04;0,59;3;666;En retard
CLI02549;William Gaudin;Femme;57;Abidjan;Transport;683935;3133720;6;5,43;Non;2023-11-25;0,55;2;737;En retard
CLI02550;Constance-Marianne Perrier;Homme;57;Daloa;Commerce;958301;2792999;24;15,68;Oui;2025-05-13;0,47;1;831;En retard
CLI02551;Emmanuel Leduc;Femme;29;Daloa;Commerce;1018077;3555520;24;8,59;Non;2022-12-15;1,14;0;702;SoldÇ
CLI02552;Eugäne Le Rocher;Femme;58;Yamoussoukro;Transport;531959;2209232;18;22,33;Oui;2024-12-10;0,18;15;355;DÇfaut
CLI02553;Jeannine-Denise Humbert;Femme;21;Yamoussoukro;Immobilier;470167;1286013;12;10,85;Oui;2025-05-23;0,64;5;708;En retard
CLI02554;Franáois Baron;Femme;57;Abidjan;Agriculture;1052325;1198738;18;7,32;Non;2023-07-18;0,67;1;788;En retard
CLI02555;êmilie Blanchard;Homme;62;BouakÇ;Transport;1190860;1173690;6;10,85;Oui;2023-12-07;0,71;2;732;En retard
CLI02556;Anne Bigot;Homme;65;San Pedro;Transport;197650;4809578;18;11,33;Non;2023-04-04;0,89;0;693;Actif
CLI02557;Thibaut Pottier;Femme;21;BouakÇ;Commerce;909264;1703649;24;17,6;Non;2025-03-16;0,84;0;668;Actif
CLI02558;Denise Adam;Homme;25;Korhogo;Immobilier;370074;1321282;6;21,43;Non;2024-04-03;1,03;0;723;SoldÇ
CLI02559;Luc Gallet du Le Goff;Homme;45;San Pedro;SantÇ;610846;4606163;12;9,09;Non;2023-09-23;0,93;0;728;Actif
CLI02560;Victor-Franck Antoine;Femme;22;San Pedro;Commerce;1148517;1445743;36;17,11;Oui;2023-04-17;0,65;1;817;En retard
CLI02561;Guy Guillet;Femme;61;Korhogo;Immobilier;610987;2449479;24;22,53;Oui;2025-06-28;0,76;0;696;Actif
CLI02562;Noâl Bourdon-Marchand;Femme;38;Korhogo;Agriculture;189048;1003991;12;7,91;Oui;2026-02-23;0,78;0;712;Actif
CLI02563;Gilles Bodin;Femme;24;Yamoussoukro;Education;81917;699658;6;22,98;Non;2026-01-21;0,42;7;524;DÇfaut
CLI02564;Paul Maillot;Homme;55;Yamoussoukro;SantÇ;182314;1868122;36;19,67;Non;2023-07-27;0,73;1;689;En retard
CLI02565;Odette-AurÇlie Foucher;Homme;24;Abidjan;SantÇ;671072;565361;18;9,84;Non;2022-05-07;0,48;4;645;En retard
CLI02566;AndrÇ Morin;Homme;42;Yamoussoukro;Transport;480413;4432550;6;10,49;Non;2021-06-11;0,81;0;687;Actif
CLI02567;Laurence Chevallier;Femme;43;San Pedro;Education;1140500;468916;12;5,84;Oui;2024-06-18;0,8;0;769;Actif
CLI02568;GrÇgoire Joly;Femme;45;Abidjan;Commerce;671045;3802884;6;14,74;Non;2022-04-29;1;0;755;SoldÇ
CLI02569;AimÇe Henry;Homme;30;San Pedro;SantÇ;1050120;911572;24;22,95;Oui;2022-12-10;0,68;5;730;En retard
CLI02570;Anouk Munoz du Lagarde;Homme;48;Abidjan;Commerce;275892;945090;18;15,32;Non;2025-05-03;0,53;5;608;En retard
CLI02571;Lucy Leroux;Femme;45;San Pedro;Commerce;999686;3038423;36;19,72;Oui;2023-11-18;0,67;2;731;En retard
CLI02572;StÇphanie Fernandes;Femme;23;Yamoussoukro;Immobilier;752866;285584;18;24,39;Oui;2023-12-17;0,69;3;654;En retard
CLI02573;Michelle Georges;Homme;58;Yamoussoukro;Agriculture;809342;3589841;18;13,79;Oui;2024-07-18;0,26;11;513;DÇfaut
CLI02574;êlise Leleu;Homme;58;San Pedro;SantÇ;1147827;1418135;18;8,18;Oui;2022-09-28;0,54;2;758;En retard
CLI02575;Charles Boyer;Femme;42;Korhogo;Transport;170836;608143;18;15,79;Non;2021-06-30;0,39;12;575;DÇfaut
CLI02576;CÇcile de Martins;Homme;21;BouakÇ;Transport;504450;104191;12;20,77;Non;2022-09-10;0,48;2;664;En retard
CLI02577;Gilbert Boulay;Femme;48;Yamoussoukro;Agriculture;545522;2189483;18;6,39;Oui;2021-05-17;0,51;1;771;En retard
CLI02578;Lucie Gallet;Femme;40;Korhogo;Education;974370;943347;12;5,09;Oui;2025-02-08;0,7;2;787;En retard
CLI02579;êdouard Simon du Pruvost;Femme;29;San Pedro;Transport;96720;3880909;12;16,11;Oui;2022-10-25;0,89;0;682;Actif
CLI02580;Yves Denis;Femme;50;BouakÇ;Commerce;323172;1063935;36;10,85;Non;2024-02-24;0,45;4;712;En retard
CLI02581;Isaac Dos Santos Le Leroux;Homme;21;BouakÇ;Agriculture;1008168;745786;12;6,46;Non;2024-01-24;1,01;0;808;SoldÇ
CLI02582;AimÇe Rey;Femme;64;Daloa;SantÇ;688734;4150853;12;22,77;Non;2025-11-24;1,16;0;742;SoldÇ
CLI02583;Inäs du Perrot;Femme;65;Abidjan;SantÇ;1017500;3989718;6;20,15;Non;2024-06-20;1,02;0;759;SoldÇ
CLI02584;Franáois-Guy Lambert;Femme;27;San Pedro;Transport;868944;3109867;36;13,69;Non;2024-05-18;0,95;0;804;Actif
CLI02585;Suzanne Perez;Femme;23;Abidjan;Education;871942;4445757;12;8,9;Oui;2024-02-22;0,96;0;786;Actif
CLI02586;GÇrard Michaud;Femme;30;San Pedro;Education;418641;2411803;12;24,73;Oui;2024-07-20;0,52;3;632;En retard
CLI02587;êdith Tessier;Homme;65;Korhogo;SantÇ;462308;1116897;6;16,59;Oui;2022-01-17;0,94;0;682;Actif
CLI02588;AndrÇ Couturier;Homme;50;Yamoussoukro;Transport;124566;3085382;18;14,56;Oui;2021-06-01;0,37;6;553;DÇfaut
CLI02589;Benjamin Guillou;Homme;26;Abidjan;Commerce;769445;361568;6;5,88;Non;2024-02-18;0,54;2;701;En retard
CLI02590;Joseph Masse;Homme;29;Yamoussoukro;Education;921641;2974680;36;16,44;Non;2024-02-20;0,33;10;559;DÇfaut
CLI02591;êtienne-Denis Mace;Femme;56;San Pedro;Commerce;506367;1901005;18;10,78;Non;2022-05-31;0,65;2;741;En retard
CLI02592;CÇcile Bousquet;Homme;27;BouakÇ;SantÇ;674936;4835323;24;14,44;Non;2021-08-24;0,2;10;500;DÇfaut
CLI02593;Christiane du Leclercq;Femme;61;San Pedro;SantÇ;892307;2429270;12;21,25;Oui;2021-08-16;0,13;9;583;DÇfaut
CLI02594;Marcelle Imbert;Homme;63;Korhogo;Immobilier;934942;3600751;18;7,93;Non;2025-10-09;0,67;3;699;En retard
CLI02595;Philippine Blin-Robert;Femme;58;Abidjan;Education;429062;4228029;12;10,8;Oui;2025-05-26;0,14;6;614;DÇfaut
CLI02596;Mathilde Turpin;Femme;63;Abidjan;Education;184080;774446;18;18,33;Non;2024-03-11;0,51;1;600;En retard
CLI02597;Marianne Bernard;Homme;56;Daloa;Agriculture;788670;2397160;12;21,48;Non;2025-05-12;0,65;1;710;En retard
CLI02598;Alfred Laroche;Homme;62;San Pedro;Education;495545;2016891;18;22,97;Oui;2024-09-25;1,03;0;737;SoldÇ
CLI02599;Guy Rolland;Homme;21;Abidjan;Education;267504;538321;6;19,45;Oui;2024-06-28;0,75;0;769;Actif
CLI02600;Pauline Rodrigues;Femme;54;Korhogo;SantÇ;318987;79792;18;22,07;Oui;2026-05-05;0,68;1;691;En retard
CLI02601;Alexandrie Delahaye;Homme;42;Korhogo;SantÇ;664432;590804;18;15,88;Oui;2025-02-05;1,14;0;685;SoldÇ
CLI02602;Gabrielle Tanguy;Homme;60;San Pedro;Commerce;562586;464136;18;19,13;Non;2023-09-18;0,8;0;776;Actif
CLI02603;Nathalie Bouchet de Humbert;Homme;47;BouakÇ;SantÇ;906085;1479365;36;23,32;Oui;2023-12-08;0,13;7;610;DÇfaut
CLI02604;StÇphane Laporte;Femme;54;Abidjan;Immobilier;220047;2975863;36;11,06;Non;2025-11-26;0,6;3;584;En retard
CLI02605;Suzanne Pages;Homme;25;Abidjan;Education;265130;354807;18;18,62;Oui;2023-12-07;1,14;0;697;SoldÇ
CLI02606;William Rodrigues;Femme;52;Korhogo;Education;505308;3806960;36;15,08;Oui;2025-10-29;1,18;0;705;SoldÇ
CLI02607;Franáois Olivier;Homme;40;Daloa;Commerce;373456;3591592;36;9,66;Non;2021-09-23;1,2;0;677;SoldÇ
CLI02608;Martine Lejeune;Homme;46;San Pedro;Agriculture;1098842;3633116;24;18,8;Non;2026-02-10;0,21;13;425;DÇfaut
CLI02609;Tristan De Sousa;Homme;47;Abidjan;Commerce;575321;3677588;36;15,52;Non;2025-10-18;0,83;0;756;Actif
CLI02610;Charles-Guy Michel;Femme;61;San Pedro;Transport;418616;3907838;24;8,44;Non;2022-12-15;0,27;12;513;DÇfaut
CLI02611;Dominique Brunel;Homme;57;BouakÇ;Education;488349;3804290;24;6,71;Oui;2024-11-27;0,53;3;676;En retard
CLI02612;Bertrand-Adrien Vaillant;Homme;50;BouakÇ;Immobilier;691181;4921937;36;9,84;Oui;2022-01-12;0,45;5;574;En retard
CLI02613;Claire Martineau-Becker;Femme;60;San Pedro;Immobilier;1079547;4078815;24;8,05;Non;2022-05-01;0,45;5;659;En retard
CLI02614;Marie Leliävre-Seguin;Homme;56;Abidjan;SantÇ;474182;4722821;18;24,19;Oui;2025-06-04;0,69;3;639;En retard
CLI02615;AurÇlie Julien;Femme;28;BouakÇ;Education;1004459;967381;24;11,59;Oui;2021-12-08;0,71;2;774;En retard
CLI02616;Charles Guillon;Femme;46;Korhogo;Transport;815930;828568;36;15,66;Non;2025-01-20;0,19;7;660;DÇfaut
CLI02617;LÇon Guilbert Le Weiss;Homme;24;Korhogo;Transport;837199;415633;6;19,37;Oui;2022-06-27;0,3;10;550;DÇfaut
CLI02618;AndrÇ Lopes;Femme;43;Abidjan;Commerce;1051097;467664;12;17,85;Oui;2023-05-10;0,95;0;803;Actif
CLI02619;Margaud Ledoux;Homme;30;Yamoussoukro;Agriculture;792812;160668;6;17,87;Non;2023-02-02;0,53;1;775;En retard
CLI02620;AurÇlie Bonnin;Homme;46;Korhogo;Agriculture;802740;1301872;12;8,24;Non;2022-05-12;1,04;0;825;SoldÇ
CLI02621;TimothÇe-Alexandre Moulin;Homme;61;Abidjan;Agriculture;112877;3274931;12;22,73;Oui;2021-06-22;0,12;13;446;DÇfaut
CLI02622;Olivier Blanchard de la Moulin;Femme;32;Yamoussoukro;Agriculture;887182;3602361;12;10,19;Non;2024-06-28;0,99;0;784;Actif
CLI02623;Diane Ribeiro-Boutin;Femme;61;Daloa;Immobilier;684567;258730;18;14,9;Oui;2022-12-08;0,96;0;769;Actif
CLI02624;Philippine Peltier Le Gillet;Femme;46;BouakÇ;Immobilier;850658;3472608;24;10,11;Non;2025-06-12;0,89;0;806;Actif
CLI02625;Aurore Perez;Femme;37;Korhogo;Education;861561;1886013;18;11,61;Non;2024-03-03;0,17;12;543;DÇfaut
CLI02626;êlÇonore Gauthier-Lefebvre;Femme;43;Daloa;Immobilier;1158173;1716201;18;15,13;Oui;2025-11-30;0,97;0;764;Actif
CLI02627;SÇbastien Moulin Le Valette;Femme;61;Korhogo;Immobilier;415588;3543779;24;9,32;Non;2021-11-13;1,18;0;762;SoldÇ
CLI02628;Benoåt-TimothÇe Poirier;Homme;30;BouakÇ;Agriculture;141443;3914826;24;12,3;Non;2025-09-14;0,62;5;602;En retard
CLI02629;Jeannine Delorme-Ferreira;Femme;60;Korhogo;SantÇ;538108;2162438;18;9,88;Non;2024-10-01;1,17;0;714;SoldÇ
CLI02630;Jean Blin;Femme;55;Abidjan;Immobilier;146424;3036605;6;20,26;Non;2022-07-16;0,97;0;665;Actif
CLI02631;Philippine Coulon;Homme;59;San Pedro;Agriculture;446725;4512837;18;13,02;Oui;2023-02-28;0,28;6;591;DÇfaut
CLI02632;Dominique-Agnäs Voisin;Femme;32;Korhogo;Immobilier;491358;4807553;6;18,94;Oui;2022-07-03;0,59;4;639;En retard
CLI02633;Richard-Martin GuÇrin;Femme;61;Yamoussoukro;Education;804271;90157;12;16,24;Oui;2022-05-01;0,13;12;547;DÇfaut
CLI02634;Bernard Morvan;Femme;28;Yamoussoukro;Commerce;823120;372554;12;18,78;Non;2022-05-08;0,8;0;791;Actif
CLI02635;Henriette Klein;Homme;56;San Pedro;Education;277579;2664325;12;11,87;Oui;2024-12-08;1,07;0;769;SoldÇ
CLI02636;ZoÇ Gillet;Femme;64;BouakÇ;Commerce;567672;1927344;24;17,41;Non;2024-04-03;1,02;0;780;SoldÇ
CLI02637;AurÇlie Jourdan;Homme;28;Yamoussoukro;Agriculture;378291;2054882;18;16,52;Non;2021-05-31;0,4;8;564;DÇfaut
CLI02638;Julie Millet;Femme;37;Abidjan;SantÇ;392448;4675148;24;21,81;Non;2022-06-22;0,52;2;690;En retard
CLI02639;NoÇmi Martins-Sanchez;Homme;54;Yamoussoukro;Immobilier;842267;4209996;12;15,57;Non;2021-08-23;0,71;3;640;En retard
CLI02640;Alain Chauveau;Homme;37;Yamoussoukro;Commerce;984688;393746;36;21,48;Oui;2025-01-02;0,79;0;810;Actif
CLI02641;Olivier de Rolland;Homme;51;Daloa;Commerce;718449;2935849;18;11,25;Non;2025-04-08;0,85;0;814;Actif
CLI02642;Aurore Jacquet;Femme;29;San Pedro;Immobilier;1073853;1614282;36;21,9;Oui;2023-04-09;0,56;2;742;En retard
CLI02643;Matthieu Marie de la Colas;Femme;27;San Pedro;Immobilier;374434;778709;18;21,61;Oui;2026-04-14;0,51;4;615;En retard
CLI02644;Benjamin Ferreira;Homme;32;BouakÇ;Commerce;969852;291150;36;10,15;Non;2021-07-03;0,23;13;507;DÇfaut
CLI02645;Pierre Dupuis;Homme;48;Abidjan;Transport;570820;753269;36;21,65;Non;2022-05-02;0,36;9;525;DÇfaut
CLI02646;êric Lamy;Femme;24;BouakÇ;SantÇ;731720;2865106;6;19,25;Oui;2021-10-15;0,89;0;713;Actif
CLI02647;Louis de Charles;Femme;49;Yamoussoukro;Education;557236;888510;12;24,05;Oui;2021-06-15;0,34;9;552;DÇfaut
CLI02648;Luc Boyer-Poulain;Femme;26;San Pedro;Immobilier;691848;1327196;6;7,9;Oui;2023-02-07;0,77;0;699;Actif
CLI02649;Claire Perez;Femme;23;BouakÇ;Transport;383568;4688707;12;20,71;Non;2022-07-02;0,36;9;512;DÇfaut
CLI02650;Gilles Leleu;Femme;44;Daloa;Immobilier;1006025;3225899;24;8,7;Oui;2022-07-22;0,77;0;804;Actif
CLI02651;Brigitte Rolland;Femme;58;BouakÇ;Transport;130924;2442746;18;8,88;Non;2024-04-12;0,19;9;472;DÇfaut
CLI02652;Corinne LÇvàque;Femme;35;Daloa;SantÇ;257327;369897;12;18,29;Oui;2021-12-13;0,74;4;702;En retard
CLI02653;Tristan Lacombe;Homme;41;San Pedro;Immobilier;113134;3472554;12;18,67;Oui;2025-03-16;0,23;13;437;DÇfaut
CLI02654;Agnäs de la Descamps;Homme;49;Daloa;Commerce;528013;1406636;36;7,23;Oui;2021-11-10;0,57;5;679;En retard
CLI02655;Richard Gay;Femme;35;Yamoussoukro;Transport;406358;1364754;6;16,87;Oui;2025-04-28;0,37;15;400;DÇfaut
CLI02656;Camille Tessier;Homme;64;San Pedro;Commerce;1045758;3700298;24;7,28;Non;2024-09-28;0,13;8;641;DÇfaut
CLI02657;Olivier Lambert;Femme;62;Yamoussoukro;Agriculture;692405;2954615;36;19,81;Oui;2022-09-21;1,02;0;696;SoldÇ
CLI02658;Camille du Vallet;Homme;37;BouakÇ;SantÇ;654963;2715866;6;5,21;Oui;2021-05-28;1,19;0;773;SoldÇ
CLI02659;Maggie Leroy;Femme;54;Daloa;Immobilier;591780;4751490;24;16,1;Non;2022-11-22;0,14;9;538;DÇfaut
CLI02660;Denis-Alphonse Pages;Homme;31;Yamoussoukro;Commerce;743137;4269460;24;14,05;Oui;2022-02-12;0,54;2;713;En retard
CLI02661;Geneviäve Boucher;Homme;38;San Pedro;Education;935820;3902369;18;10,95;Oui;2021-09-26;0,18;8;547;DÇfaut
CLI02662;Laetitia Ferrand;Homme;23;Yamoussoukro;Commerce;238370;2093355;36;18,3;Oui;2022-10-22;0,59;1;647;En retard
CLI02663;Suzanne-ThÇräse Becker;Homme;36;Abidjan;Agriculture;668916;3198219;6;7,01;Oui;2023-09-18;0,44;8;598;DÇfaut
CLI02664;JÇrìme-Jules Couturier;Homme;44;Daloa;Transport;575024;1508045;6;20,42;Oui;2023-09-15;0,91;0;704;Actif
CLI02665;Maurice Jourdan;Homme;61;Daloa;SantÇ;942086;1914482;24;21,82;Oui;2024-04-25;0,36;15;493;DÇfaut
CLI02666;Noâl Fouquet;Femme;36;Daloa;Transport;877705;155951;24;19,98;Non;2023-01-29;0,75;0;731;Actif
CLI02667;Gilbert Lecoq;Femme;51;Abidjan;Transport;466268;437327;6;5,46;Oui;2026-01-31;0,24;10;576;DÇfaut
CLI02668;Michel Carre;Homme;50;Abidjan;Agriculture;319368;3688152;12;10,38;Non;2024-11-26;0,5;1;625;En retard
CLI02669;Lucas Thomas;Homme;50;Korhogo;Immobilier;93463;4488297;18;6,62;Oui;2025-11-26;0,22;15;386;DÇfaut
CLI02670;Denis-Franck Auger;Femme;44;Yamoussoukro;Transport;624298;3098156;24;17,11;Non;2022-09-20;0,26;12;516;DÇfaut
CLI02671;Daniel Garnier;Homme;59;Daloa;SantÇ;470205;3854397;24;14,97;Oui;2025-01-06;0,36;13;420;DÇfaut
CLI02672;Hugues Rousset;Femme;30;San Pedro;Education;972667;2067608;36;12,09;Non;2023-11-23;0,22;12;559;DÇfaut
CLI02673;Jean Weiss;Homme;22;Daloa;Immobilier;860675;3098893;24;9,15;Non;2024-06-01;0,21;14;485;DÇfaut
CLI02674;Isabelle Adam;Homme;31;Yamoussoukro;Transport;373160;1873812;18;18,34;Non;2022-07-27;1,16;0;697;SoldÇ
CLI02675;Margaret Thierry;Femme;32;San Pedro;Transport;1116494;3608975;12;19,55;Oui;2025-08-28;0,1;7;595;DÇfaut
CLI02676;Constance Marques-Carpentier;Homme;64;Korhogo;Transport;705350;1510589;6;12,49;Oui;2024-03-23;0,43;9;496;DÇfaut
CLI02677;Maurice Camus;Femme;34;Korhogo;Education;951698;2247243;24;5,54;Non;2023-07-09;0,38;11;566;DÇfaut
CLI02678;Bernard Mace;Femme;58;Abidjan;Immobilier;1150625;4102001;6;9,33;Oui;2025-04-10;0,71;2;671;En retard
CLI02679;Manon Joseph;Homme;52;Daloa;Agriculture;557809;3418567;12;18,8;Oui;2021-07-08;0,19;11;505;DÇfaut
CLI02680;RenÇ Muller;Homme;63;Abidjan;Commerce;431623;4097958;6;12,67;Non;2023-02-04;0,76;0;691;Actif
CLI02681;Alexandria Charrier Le Turpin;Femme;24;Korhogo;Agriculture;870878;1267639;36;6,88;Oui;2022-04-30;0,7;2;761;En retard
CLI02682;Sabine Hoarau;Femme;51;Daloa;Commerce;340208;4400280;12;5,41;Non;2021-06-12;0,69;4;597;En retard
CLI02683;ThÇodore Guilbert;Femme;42;Korhogo;Transport;1019942;4460900;36;19,58;Non;2023-08-21;1,02;0;744;SoldÇ
CLI02684;Alphonse Arnaud Le Maillet;Femme;58;San Pedro;Commerce;1021192;527145;18;8,22;Oui;2026-04-25;1,06;0;826;SoldÇ
CLI02685;êlisabeth Poirier du Caron;Homme;38;Abidjan;Transport;938194;2866488;24;12,12;Oui;2021-05-21;0,91;0;778;Actif
CLI02686;Eugäne Durand;Homme;52;Abidjan;Agriculture;523042;2678847;24;22,23;Oui;2024-01-03;0,2;12;498;DÇfaut
CLI02687;Zacharie Lemaåtre;Femme;44;San Pedro;Education;819034;3813392;12;19,9;Oui;2023-07-16;0,93;0;762;Actif
CLI02688;Georges-Gilbert Lacombe;Femme;59;Korhogo;SantÇ;940924;1878033;24;23,28;Oui;2022-02-16;0,66;1;693;En retard
CLI02689;GÇrard Pruvost;Homme;46;Abidjan;Transport;1192332;1448294;6;7,28;Non;2026-04-29;0,33;6;715;DÇfaut
CLI02690;Christophe Traore;Femme;43;San Pedro;Commerce;475365;1490664;6;12,78;Oui;2022-05-25;0,98;0;757;Actif
CLI02691;Julie-Juliette Toussaint;Homme;25;Daloa;Education;1066094;4469818;18;10,36;Non;2023-02-12;0,14;6;601;DÇfaut
CLI02692;Anouk Bernier-Langlois;Homme;36;Korhogo;Agriculture;1078709;1420213;36;12,15;Non;2022-04-17;0,43;14;503;DÇfaut
CLI02693;Lorraine Dubois du Perez;Femme;65;San Pedro;Immobilier;963106;2016457;36;23,34;Oui;2024-11-29;0,7;1;754;En retard
CLI02694;NoÇmi Chauveau du Payet;Homme;59;San Pedro;Immobilier;403228;1270541;18;20,54;Oui;2023-06-21;1,08;0;722;SoldÇ
CLI02695;Roger-Emmanuel Meunier;Homme;59;San Pedro;Agriculture;466413;2756762;36;22,61;Non;2025-08-16;0,17;10;532;DÇfaut
CLI02696;Roger Boyer;Homme;32;Yamoussoukro;Immobilier;473991;3454231;6;7,43;Non;2025-12-31;0,7;2;730;En retard
CLI02697;Joseph Richard;Homme;34;Abidjan;Transport;607830;2720421;12;6,88;Oui;2022-03-03;0,53;1;756;En retard
CLI02698;Marcel Cousin-Richard;Femme;54;Korhogo;Education;788155;437062;36;13,57;Non;2024-04-28;0,83;0;721;Actif
CLI02699;Marine Guyon;Femme;29;Daloa;Commerce;662096;319361;36;24,71;Oui;2022-04-26;0,77;0;787;Actif
CLI02700;êlise-Manon Legrand;Femme;51;BouakÇ;Education;474647;2806681;6;13,37;Oui;2024-09-08;0,66;1;752;En retard
CLI02701;Alexandre Allard-Maury;Femme;33;Daloa;Immobilier;979242;3848540;6;14,56;Oui;2024-01-12;0,25;13;514;DÇfaut
CLI02702;Sylvie-CÇlina Coulon;Homme;32;Abidjan;SantÇ;720952;1162363;12;17,93;Non;2026-02-07;0,91;0;804;Actif
CLI02703;Tristan Ollivier;Homme;24;Abidjan;Education;943596;2110523;12;19,67;Oui;2025-04-30;0,58;3;793;En retard
CLI02704;Sophie Lambert;Homme;62;BouakÇ;SantÇ;730125;2484284;18;8,36;Non;2025-04-25;0,94;0;789;Actif
CLI02705;Chantal Vaillant-Jacquet;Homme;31;San Pedro;Immobilier;666176;2102279;18;5,15;Non;2022-08-13;0,76;0;755;Actif
CLI02706;Henriette Brunet;Homme;28;Korhogo;Education;1159517;3621841;6;24,6;Oui;2023-01-16;0,56;3;761;En retard
CLI02707;Thomas Marty;Femme;27;San Pedro;Commerce;727871;4202300;18;8,85;Oui;2024-03-08;0,69;1;716;En retard
CLI02708;Franck-Patrick Leleu;Femme;40;Korhogo;Agriculture;361511;2567269;18;24,8;Oui;2022-06-12;0,85;0;711;Actif
CLI02709;Benoåt Weber;Femme;25;Daloa;Education;228057;277846;12;11,37;Oui;2021-09-06;0,45;3;645;En retard
CLI02710;Louise Blot;Homme;23;Korhogo;Agriculture;445952;2078884;24;12,64;Non;2024-04-12;0,52;5;686;En retard
CLI02711;Hugues-Charles Lenoir;Homme;57;Abidjan;SantÇ;807657;2010649;12;15,75;Oui;2023-01-20;0,2;10;527;DÇfaut
CLI02712;êlodie Langlois;Homme;59;Yamoussoukro;Commerce;114063;1983534;18;7,54;Oui;2023-06-11;0,82;0;752;Actif
CLI02713;Henriette Gonzalez;Femme;48;BouakÇ;Immobilier;452610;4348216;12;10,4;Oui;2024-09-06;0,31;10;521;DÇfaut
CLI02714;ThÇräse Weiss;Homme;51;Daloa;Commerce;857890;910063;36;12,62;Non;2025-11-29;1,09;0;720;SoldÇ
CLI02715;Olivier Maury;Femme;44;Korhogo;Immobilier;683917;1524112;18;9,98;Oui;2024-05-31;0,72;4;687;En retard
CLI02716;Josette du Maury;Femme;22;BouakÇ;Education;1023229;2306439;12;11,8;Non;2023-06-10;1,02;0;695;SoldÇ
CLI02717;HonorÇ-Gabriel Reynaud;Femme;59;Yamoussoukro;Immobilier;650382;4073211;6;9,97;Non;2025-11-10;0,57;5;649;En retard
CLI02718;Marcel Lemonnier du Navarro;Homme;41;Abidjan;Commerce;281591;3995364;24;11,56;Oui;2024-02-06;0,38;7;583;DÇfaut
CLI02719;RenÇe Louis-Millet;Femme;38;Daloa;SantÇ;365997;4667750;36;23,99;Non;2021-09-19;0,33;10;466;DÇfaut
CLI02720;Nicole-ZoÇ Alexandre;Femme;63;San Pedro;Commerce;871237;4381414;24;13,59;Non;2021-07-27;0,75;0;748;Actif
CLI02721;Tristan Coulon;Femme;65;Korhogo;Commerce;303329;3888426;6;22,44;Non;2024-05-05;1,05;0;769;SoldÇ
CLI02722;Audrey Bodin;Homme;37;Daloa;Transport;1003406;738163;6;5,53;Non;2024-06-22;0,93;0;772;Actif
CLI02723;Margaux Descamps;Homme;42;Daloa;Immobilier;902479;4080176;18;13,38;Oui;2026-02-11;0,9;0;707;Actif
CLI02724;Roland Martinez;Homme;55;Korhogo;SantÇ;1139445;3593159;6;18,72;Non;2024-09-19;0,52;3;777;En retard
CLI02725;Luc HervÇ Le Potier;Homme;34;Korhogo;Education;675772;1790528;18;17,21;Non;2023-05-15;0,8;0;828;Actif
CLI02726;Monique Andre;Femme;22;Daloa;Education;663509;2769629;6;17,91;Non;2021-06-14;0,96;0;738;Actif
CLI02727;Michäle Fleury;Homme;52;BouakÇ;Education;799649;2657738;6;7,71;Non;2024-03-12;0,88;0;793;Actif
CLI02728;Benjamin du Bernard;Femme;25;Yamoussoukro;Commerce;1069077;4555180;36;8,36;Oui;2025-08-11;0,46;4;735;En retard
CLI02729;Agnäs Bouvet;Homme;42;San Pedro;SantÇ;196805;2069284;36;11,47;Non;2023-09-23;0,88;0;669;Actif
CLI02730;Brigitte Lebon Le Bertin;Homme;45;Korhogo;SantÇ;710937;4363105;6;17,58;Oui;2024-11-12;0,94;0;708;Actif
CLI02731;Thibaut Bonnin-Michaud;Femme;57;Yamoussoukro;Education;592740;3465873;36;22,36;Oui;2026-03-31;0,84;0;773;Actif
CLI02732;OcÇane Roux;Femme;35;San Pedro;Education;119731;759509;6;20,4;Oui;2024-01-22;1,04;0;771;SoldÇ
CLI02733;Patricia Dumas;Femme;59;BouakÇ;SantÇ;779323;755139;36;17,97;Non;2023-06-28;0,1;10;592;DÇfaut
CLI02734;Auguste Payet;Femme;50;Yamoussoukro;Transport;814586;4447147;24;20,18;Non;2025-05-17;0,15;9;521;DÇfaut
CLI02735;Marguerite Tessier de Gilbert;Homme;24;Daloa;Education;487482;3593868;12;10,07;Oui;2024-05-04;0,85;0;792;Actif
CLI02736;Guy Brunet de la Lesage;Femme;46;BouakÇ;Immobilier;1146758;3216866;12;9,65;Oui;2025-09-17;0,69;2;721;En retard
CLI02737;Nathalie Briand;Femme;64;San Pedro;Agriculture;964324;794717;24;19,28;Oui;2025-08-31;0,92;0;775;Actif
CLI02738;Marine Normand;Homme;49;Daloa;Transport;712193;2398310;18;14,22;Oui;2021-10-05;1,07;0;760;SoldÇ
CLI02739;Adäle-Simone Boucher;Homme;45;San Pedro;Immobilier;593808;3341801;24;15,76;Non;2023-12-29;0,87;0;788;Actif
CLI02740;LÇon Masse;Femme;44;BouakÇ;Education;651715;2456308;12;23,82;Non;2021-10-08;1,02;0;774;SoldÇ
CLI02741;Laurence Hamel-Durand;Femme;33;San Pedro;Transport;1015592;3906207;18;22,56;Oui;2022-04-01;1,06;0;779;SoldÇ
CLI02742;Joseph Garcia;Femme;47;San Pedro;Immobilier;1076817;2410491;6;10,3;Non;2021-12-27;0,27;13;542;DÇfaut
CLI02743;Aurore De Sousa;Homme;40;Daloa;Agriculture;1013551;2992155;12;10,96;Oui;2023-10-13;0,18;13;513;DÇfaut
CLI02744;Agathe Millet;Homme;60;Yamoussoukro;Transport;202030;321104;6;16,42;Non;2021-11-08;0,41;6;619;DÇfaut
CLI02745;JosÇphine Samson;Femme;53;Daloa;SantÇ;394604;2081453;18;19,45;Non;2023-12-23;0,48;5;517;En retard
CLI02746;Marc Merle;Femme;44;San Pedro;Transport;595903;2918538;12;23,28;Oui;2024-09-15;1,05;0;718;SoldÇ
CLI02747;Lucy Millet;Homme;61;Abidjan;Commerce;108267;358861;18;14,33;Oui;2025-12-11;1,04;0;716;SoldÇ
CLI02748;Yves Garcia du Klein;Homme;40;Yamoussoukro;Commerce;838483;3585087;6;6,57;Non;2026-04-04;0,86;0;701;Actif
CLI02749;Bernadette Fournier;Homme;56;San Pedro;Transport;293494;2719939;36;9,3;Non;2021-09-11;1,16;0;717;SoldÇ
CLI02750;Nathalie Hubert;Homme;40;Daloa;Commerce;722593;3995865;24;13,5;Non;2021-11-25;0,2;12;484;DÇfaut
CLI02751;Camille-Astrid Roussel;Femme;50;Daloa;Immobilier;943206;3404564;24;15,95;Oui;2023-06-06;0,26;15;530;DÇfaut
CLI02752;Laurent Barbe;Homme;44;Yamoussoukro;SantÇ;927492;2928076;36;16,72;Oui;2026-02-15;0,12;15;526;DÇfaut
CLI02753;Alice du Briand;Homme;65;San Pedro;Immobilier;567945;1992443;6;19,6;Non;2021-08-04;0,73;2;678;En retard
CLI02754;ThÇodore Valette;Homme;41;Yamoussoukro;Commerce;663510;4086419;12;17,46;Oui;2022-11-10;0,56;2;679;En retard
CLI02755;CÇlina êtienne;Femme;25;San Pedro;Agriculture;533575;790205;36;12,77;Non;2026-05-10;0,14;13;482;DÇfaut
CLI02756;Valentine Guillou;Homme;56;San Pedro;Immobilier;269349;2175089;24;19,66;Non;2024-01-04;0,65;2;647;En retard
CLI02757;StÇphanie de Delannoy;Femme;29;Daloa;Agriculture;85584;1626870;18;17,11;Oui;2025-07-10;0,41;6;580;DÇfaut
CLI02758;Denise Aubry;Femme;62;San Pedro;Immobilier;553243;3047658;6;15,75;Non;2023-09-22;0,92;0;694;Actif
CLI02759;HonorÇ Renaud;Femme;51;Korhogo;SantÇ;714275;851213;12;6,8;Oui;2023-02-12;0,32;11;497;DÇfaut
CLI02760;êtienne Leconte-Aubry;Homme;21;Korhogo;Commerce;376441;3030820;36;12,48;Non;2025-09-03;0,39;12;492;DÇfaut
CLI02761;Victoire-Anne Techer;Femme;34;Korhogo;Education;1185677;4562772;18;17,75;Non;2022-09-23;0,86;0;798;Actif
CLI02762;Denis Daniel-Jacob;Femme;42;BouakÇ;Education;201395;4893048;36;11,07;Oui;2023-02-16;1,07;0;639;SoldÇ
CLI02763;Henriette Le Masson;Femme;42;BouakÇ;Education;837084;4402255;6;12,54;Oui;2024-12-08;0,48;5;675;En retard
CLI02764;Christelle Lebon;Homme;27;Daloa;Commerce;542084;2659267;36;20,24;Oui;2021-06-18;0,73;5;602;En retard
CLI02765;Georges Charles Le Lopez;Homme;55;Yamoussoukro;Agriculture;216379;2215946;24;8,78;Oui;2026-01-30;0,24;15;409;DÇfaut
CLI02766;Luc-ThÇodore Chauvin;Homme;65;BouakÇ;Commerce;855894;4867017;24;19,89;Oui;2025-08-09;0,37;6;649;DÇfaut
CLI02767;Gilles Pelletier;Femme;30;BouakÇ;Agriculture;1070237;1670611;18;6,81;Oui;2021-07-04;0,2;12;548;DÇfaut
CLI02768;GrÇgoire-Jules Thomas;Homme;42;BouakÇ;Commerce;827337;3090394;12;21,98;Non;2026-05-10;1,15;0;770;SoldÇ
CLI02769;Alphonse Le Moulin;Homme;24;Korhogo;SantÇ;724479;2540012;6;14;Oui;2025-03-31;0,69;1;706;En retard
CLI02770;RÇmy Carlier;Femme;44;BouakÇ;SantÇ;715603;2674477;18;14,13;Non;2021-12-17;0,92;0;736;Actif
CLI02771;Aurore Raymond-Dupuy;Femme;41;BouakÇ;Transport;716644;1053943;36;19,84;Oui;2026-04-05;0,3;15;452;DÇfaut
CLI02772;Olivier Blondel;Femme;42;Abidjan;Transport;400237;512014;24;11,14;Oui;2025-08-25;0,19;15;405;DÇfaut
CLI02773;Julie Bouchet;Homme;65;BouakÇ;SantÇ;882045;3242162;36;6,87;Oui;2024-03-28;0,16;14;468;DÇfaut
CLI02774;Thierry Deschamps;Femme;29;BouakÇ;SantÇ;338993;3443173;36;7,83;Oui;2025-09-16;1,01;0;637;SoldÇ
CLI02775;Eugäne-êtienne Lebrun;Homme;61;BouakÇ;Commerce;1126943;3034999;24;8,41;Non;2025-08-01;0,96;0;762;Actif
CLI02776;FrÇdÇric Lejeune de la Ollivier;Homme;61;Abidjan;Immobilier;648307;4215525;36;20,99;Oui;2022-06-18;0,88;0;711;Actif
CLI02777;êdouard Lacombe-Meyer;Homme;29;Daloa;Agriculture;817557;4179515;12;20,2;Oui;2022-12-16;0,71;4;649;En retard
CLI02778;Manon Menard;Homme;30;Daloa;Agriculture;143974;441131;24;23,26;Non;2022-06-22;0,39;11;480;DÇfaut
CLI02779;Auguste Paul;Femme;33;Daloa;Commerce;1051150;1074220;12;17,2;Oui;2023-09-21;0,2;11;571;DÇfaut
CLI02780;Margaux-Charlotte Jean;Femme;64;Abidjan;Transport;1153153;243508;12;23,27;Non;2025-03-07;1,14;0;832;SoldÇ
CLI02781;Maggie-Marianne Ramos;Homme;39;San Pedro;Immobilier;140146;1505444;12;10,24;Non;2023-12-14;0,56;3;673;En retard
CLI02782;êlise Baron;Femme;46;San Pedro;Transport;795265;399453;36;5,47;Non;2022-04-23;1,06;0;749;SoldÇ
CLI02783;Alexandria Leleu;Femme;34;BouakÇ;Agriculture;153981;836585;24;11,58;Non;2023-05-20;1,03;0;658;SoldÇ
CLI02784;Adäle Allain;Femme;54;Abidjan;Agriculture;1146735;4331968;24;19,56;Oui;2022-05-08;0,52;4;649;En retard
CLI02785;Juliette Masse;Femme;63;Abidjan;Commerce;190030;3545452;12;22,7;Oui;2021-11-06;0,25;15;364;DÇfaut
CLI02786;DorothÇe Bailly;Homme;56;Abidjan;Education;881511;126516;18;14,64;Non;2022-12-11;0,75;0;772;Actif
CLI02787;Margot Cohen du Teixeira;Homme;34;Korhogo;Education;1147323;189891;12;11,59;Non;2025-08-26;0,94;0;782;Actif
CLI02788;Yves Caron;Femme;36;Yamoussoukro;Transport;433345;4827629;18;11,16;Oui;2021-08-25;0,75;0;643;Actif
CLI02789;Joseph Pierre;Homme;44;Daloa;Transport;569388;2630549;24;7,56;Oui;2024-06-28;0,36;11;492;DÇfaut
CLI02790;Alexandre Vaillant;Femme;34;Abidjan;Education;198060;4784525;18;19,57;Non;2023-09-10;0,24;12;439;DÇfaut
CLI02791;ThÇräse Bourdon-Hoareau;Femme;53;Daloa;SantÇ;1164369;3439099;36;19,96;Non;2023-02-04;0,56;3;745;En retard
CLI02792;Suzanne Lebreton;Homme;58;Korhogo;Agriculture;429802;3133316;36;18,27;Oui;2024-06-06;1,06;0;689;SoldÇ
CLI02793;Alexandre-Emmanuel Schneider;Homme;28;San Pedro;Education;1185078;1881516;12;9,91;Non;2022-02-26;0,33;12;543;DÇfaut
CLI02794;Emmanuel du Blanc;Femme;64;Yamoussoukro;Immobilier;965848;4118126;24;17,78;Non;2025-02-07;0,65;5;618;En retard
CLI02795;Franck Lemonnier de Roux;Homme;51;Abidjan;Agriculture;643716;2404903;36;11,51;Oui;2022-10-12;0,73;3;679;En retard
CLI02796;Victor Jacquet;Femme;61;Korhogo;SantÇ;500827;730827;24;11,45;Oui;2022-03-27;0,48;3;648;En retard
CLI02797;CÇcile Guillon;Femme;38;Daloa;Agriculture;1039140;2368897;6;24,34;Non;2021-11-11;0,17;10;603;DÇfaut
CLI02798;Victoire du Munoz;Femme;49;Yamoussoukro;Immobilier;757863;1059152;6;20,8;Non;2026-02-10;0,78;0;693;Actif
CLI02799;CÇlina êtienne;Homme;38;Abidjan;Education;931987;3032927;18;6,44;Non;2025-09-25;0,49;4;668;En retard
CLI02800;GÇrard Meyer;Femme;49;Yamoussoukro;SantÇ;1190207;3629988;12;23,71;Oui;2026-04-07;0,11;6;674;DÇfaut
CLI02801;Adrien de Gilbert;Homme;24;Daloa;SantÇ;311226;3371910;12;21,74;Non;2025-04-10;0,19;11;484;DÇfaut
CLI02802;Inäs Bernier-RÇmy;Homme;32;Yamoussoukro;SantÇ;668842;1262854;12;15,49;Oui;2025-06-08;0,94;0;850;Actif
CLI02803;Thomas Ribeiro;Homme;51;San Pedro;SantÇ;880211;3491089;36;5,98;Non;2023-02-06;0,79;0;767;Actif
CLI02804;Susanne de la Jacob;Homme;26;Abidjan;Immobilier;1141475;331740;18;5,16;Oui;2021-11-20;0,32;10;570;DÇfaut
CLI02805;Nicolas-Vincent Blanchet;Homme;49;Abidjan;Immobilier;587533;3193445;36;12,98;Non;2022-01-01;1,19;0;723;SoldÇ
CLI02806;Noâl Le Le Gall;Femme;37;Korhogo;Transport;651611;3546613;6;11,9;Oui;2022-04-12;0,74;4;578;En retard
CLI02807;Adrien Barre;Femme;38;San Pedro;SantÇ;924943;1205833;24;7,72;Oui;2025-10-01;0,79;0;777;Actif
CLI02808;Pauline Pruvost de la Blondel;Femme;60;San Pedro;Transport;212050;948298;36;18,82;Non;2025-05-12;0,88;0;678;Actif
CLI02809;Yves Payet;Homme;53;Yamoussoukro;SantÇ;844266;407134;12;24,62;Non;2022-04-24;1,07;0;816;SoldÇ
CLI02810;Marc Brunel;Homme;56;Abidjan;Agriculture;595689;214502;24;14,08;Oui;2024-04-26;1,06;0;735;SoldÇ
CLI02811;Alexandria Texier;Femme;32;Yamoussoukro;SantÇ;954061;2229541;12;23,85;Non;2024-05-26;0,51;4;688;En retard
CLI02812;êlise Dupont;Femme;21;Abidjan;SantÇ;1014933;4757507;36;20,54;Non;2022-09-16;0,12;13;468;DÇfaut
CLI02813;ZoÇ Mendäs-Lemonnier;Homme;59;Yamoussoukro;Commerce;1138794;592525;24;14,67;Non;2025-08-02;0,51;2;837;En retard
CLI02814;RÇmy Colas;Femme;59;Korhogo;SantÇ;426473;2894184;12;18,44;Oui;2021-05-28;0,57;3;640;En retard
CLI02815;Henri Benard du Ribeiro;Homme;54;Yamoussoukro;Education;785364;4834564;24;10,44;Non;2023-09-04;0,59;3;743;En retard
CLI02816;Guillaume Pineau;Homme;51;Daloa;Immobilier;119304;3083696;18;11,06;Oui;2026-02-12;0,77;0;713;Actif
CLI02817;Roger Dupuis;Homme;48;BouakÇ;SantÇ;1067235;4182473;6;11,73;Oui;2024-11-21;0,55;5;684;En retard
CLI02818;Luce du Lefävre;Homme;58;Yamoussoukro;Commerce;637069;501040;24;13,1;Oui;2023-12-31;1,14;0;773;SoldÇ
CLI02819;SÇbastien Jacquot;Femme;34;Abidjan;Immobilier;834853;3940744;24;7,5;Oui;2022-07-09;0,16;6;639;DÇfaut
CLI02820;Odette Pottier;Femme;50;Daloa;Education;1033898;1968610;18;17,29;Non;2023-02-20;0,39;7;566;DÇfaut
CLI02821;Christophe Gautier;Femme;29;Abidjan;Agriculture;442699;3006125;18;14,37;Non;2026-01-02;0,65;4;623;En retard
CLI02822;ClÇmence Marty-Lefävre;Femme;38;BouakÇ;Education;1102986;2642252;6;12,87;Non;2025-05-27;0,46;3;757;En retard
CLI02823;JosÇphine de Laine;Femme;30;Daloa;SantÇ;578676;1262718;36;12,33;Oui;2025-06-22;0,51;5;643;En retard
CLI02824;Luc Renard;Femme;52;Abidjan;Agriculture;712106;4141955;18;23,56;Non;2023-01-31;0,21;12;433;DÇfaut
CLI02825;StÇphanie Clerc;Femme;61;Abidjan;Immobilier;326536;1672497;24;8,35;Non;2021-12-30;0,33;10;513;DÇfaut
CLI02826;ThÇräse Monnier;Homme;50;Daloa;SantÇ;293410;2160763;24;21,14;Non;2022-01-22;1,2;0;775;SoldÇ
CLI02827;êdith Lebrun;Homme;37;Yamoussoukro;Commerce;1113266;4998164;24;19,41;Oui;2021-11-06;0,99;0;811;Actif
CLI02828;Margaud Breton;Femme;41;Daloa;Transport;793127;400141;36;19,26;Non;2024-09-09;0,65;3;712;En retard
CLI02829;Franck Da Silva;Homme;28;San Pedro;Immobilier;1047792;263056;12;17,17;Oui;2022-11-24;0,53;1;820;En retard
CLI02830;Audrey Rossi de Barbier;Homme;63;Korhogo;SantÇ;162446;929630;24;19,99;Non;2021-11-26;1,13;0;692;SoldÇ
CLI02831;Arnaude Lebrun;Femme;57;Yamoussoukro;SantÇ;150136;4151032;36;13,65;Non;2022-10-25;0,76;0;605;Actif
CLI02832;Lorraine Hamon Le Guillet;Homme;46;San Pedro;Transport;407356;971421;18;16,57;Non;2022-02-10;0,96;0;694;Actif
CLI02833;StÇphane Mathieu-Thierry;Homme;43;Abidjan;Transport;495114;3643984;24;25;Non;2024-08-25;0,5;3;715;En retard
CLI02834;Dominique Schneider;Homme;50;BouakÇ;Immobilier;348618;1164337;36;15,77;Oui;2024-01-02;0,4;7;572;DÇfaut
CLI02835;Noâl Barbe;Homme;33;BouakÇ;Transport;95312;674201;18;8,79;Non;2025-06-15;0,76;0;693;Actif
CLI02836;Tristan Lecoq;Femme;60;San Pedro;SantÇ;555447;3675667;24;22,02;Non;2024-08-02;1,12;0;706;SoldÇ
CLI02837;Inäs-Michelle Da Silva;Femme;49;San Pedro;SantÇ;211188;2298399;36;24,27;Oui;2023-04-28;0,32;6;654;DÇfaut
CLI02838;Marthe de la Guillou;Homme;44;Yamoussoukro;Agriculture;996356;3109807;36;21,28;Oui;2024-09-25;0,53;1;813;En retard
CLI02839;ThÇräse Sanchez-Dijoux;Femme;36;San Pedro;Education;1067497;2268086;6;7,83;Non;2023-10-07;0,66;5;772;En retard
CLI02840;StÇphane Brunet;Homme;26;Yamoussoukro;Agriculture;344777;1127286;12;20,94;Oui;2025-04-26;0,28;10;516;DÇfaut
CLI02841;êdith Devaux de la Marie;Femme;26;Korhogo;Immobilier;306923;4962208;24;20,79;Non;2024-08-15;0,7;2;652;En retard
CLI02842;Matthieu Gay-HervÇ;Femme;41;Yamoussoukro;SantÇ;1026874;2265481;18;12,55;Oui;2024-05-08;0,51;2;679;En retard
CLI02843;êdouard Coste;Femme;38;Abidjan;Agriculture;680645;690981;6;15,42;Non;2024-05-21;0,98;0;820;Actif
CLI02844;Eugäne Jacquet;Femme;49;Daloa;Education;473384;4338335;6;18,74;Oui;2022-11-08;0,26;9;477;DÇfaut
CLI02845;Anaãs Charpentier-Blondel;Homme;49;Abidjan;Immobilier;979341;4353280;18;20,61;Non;2023-01-19;0,69;3;703;En retard
CLI02846;Astrid Buisson-Vaillant;Femme;63;BouakÇ;Agriculture;362232;1440936;6;23,92;Oui;2024-12-01;0,39;14;397;DÇfaut
CLI02847;StÇphanie Jourdan;Femme;38;Abidjan;Agriculture;205126;867435;6;8,69;Non;2025-10-05;0,29;9;508;DÇfaut
CLI02848;Jeannine-Anaãs Klein;Homme;53;San Pedro;SantÇ;1090163;3362599;18;14,37;Oui;2023-05-28;0,63;5;641;En retard
CLI02849;Mathilde Michel du Salmon;Femme;48;Abidjan;Transport;307346;4608898;12;20,51;Non;2024-10-02;0,51;5;560;En retard
CLI02850;êdouard Lombard;Femme;62;Yamoussoukro;Education;1092463;600967;24;8,71;Oui;2021-06-21;0,2;8;621;DÇfaut
CLI02851;Caroline de la Lejeune;Femme;56;Abidjan;Agriculture;183443;2564941;6;15,02;Oui;2024-05-02;1;0;670;SoldÇ
CLI02852;Marine-Alice Pasquier;Homme;45;Korhogo;Education;703636;2805712;24;10,13;Oui;2022-10-13;0,57;3;715;En retard
CLI02853;Diane Gay Le Faure;Homme;46;Korhogo;SantÇ;157605;2758692;12;17,18;Oui;2024-05-17;0,12;10;443;DÇfaut
CLI02854;Martin Hebert-Picard;Femme;62;Daloa;Education;112434;1974917;18;7,61;Oui;2024-07-04;1;0;700;SoldÇ
CLI02855;Matthieu Voisin;Femme;64;BouakÇ;Transport;191317;1085010;36;6,38;Oui;2023-12-19;1,05;0;756;SoldÇ
CLI02856;Alexandria Dubois de Grenier;Homme;58;Abidjan;Education;900531;3946901;6;14,25;Oui;2023-05-04;0,29;11;510;DÇfaut
CLI02857;AndrÇ Gauthier;Homme;61;BouakÇ;Commerce;914610;1212218;18;24,05;Oui;2025-09-22;0,54;1;730;En retard
CLI02858;Valentine Dupuis;Femme;57;BouakÇ;Education;132604;4667114;36;14,11;Oui;2024-09-07;0,97;0;657;Actif
CLI02859;Augustin Tanguy;Homme;33;Daloa;Education;851871;4623774;12;20,12;Oui;2025-10-09;1,01;0;786;SoldÇ
CLI02860;Jeanne De Sousa;Homme;21;San Pedro;Immobilier;936169;3087412;24;9,79;Oui;2022-09-27;0,98;0;770;Actif
CLI02861;Claude de la Maillet;Femme;37;Abidjan;Agriculture;871426;4864307;12;20,43;Oui;2023-01-01;0,88;0;717;Actif
CLI02862;Paul-Michel Moulin;Homme;40;Yamoussoukro;Education;178744;791780;12;23,22;Non;2021-12-06;0,37;7;589;DÇfaut
CLI02863;Christelle-Alice Descamps;Femme;57;Abidjan;Transport;105028;1900082;18;21,16;Non;2022-06-08;1,05;0;647;SoldÇ
CLI02864;Eugäne Delahaye-Roussel;Femme;26;Korhogo;Immobilier;1099074;275030;12;5,65;Oui;2025-05-15;0,55;4;754;En retard
CLI02865;Camille Toussaint;Homme;29;Korhogo;Agriculture;611940;3254337;6;11,6;Non;2025-10-04;1,16;0;744;SoldÇ
CLI02866;Michel Blondel-Moreno;Femme;34;San Pedro;Transport;581361;3809925;24;16,17;Non;2024-07-22;0,23;14;427;DÇfaut
CLI02867;êric-TimothÇe Coste;Femme;63;Daloa;SantÇ;993484;558693;6;12,76;Non;2023-11-17;0,35;11;540;DÇfaut
CLI02868;Patrick Mahe-Pons;Homme;26;Daloa;SantÇ;1070734;2032515;6;9,55;Non;2021-09-26;0,29;15;451;DÇfaut
CLI02869;Emmanuel Voisin;Femme;42;Korhogo;Commerce;1128308;2264820;18;7,33;Non;2021-06-22;0,1;14;531;DÇfaut
CLI02870;AurÇlie Lambert-Leroux;Femme;65;Abidjan;Immobilier;1000207;1872144;6;15,83;Non;2025-08-22;1,19;0;830;SoldÇ
CLI02871;Anaãs de Chauveau;Femme;31;Korhogo;SantÇ;1094284;481714;24;16,89;Non;2021-07-18;1,03;0;779;SoldÇ
CLI02872;Geneviäve Gomez;Femme;51;San Pedro;Immobilier;947290;1034545;6;7,15;Non;2023-01-07;0,63;5;702;En retard
CLI02873;Gilles Salmon;Femme;44;BouakÇ;Agriculture;688027;2995184;24;11,83;Non;2025-11-23;0,26;15;355;DÇfaut
CLI02874;RenÇe Klein;Femme;64;BouakÇ;Education;520587;2533391;36;11,76;Oui;2025-11-16;1,14;0;703;SoldÇ
CLI02875;Camille Launay;Homme;59;San Pedro;Transport;1144243;2212760;24;15,57;Oui;2025-06-18;0,48;4;711;En retard
CLI02876;Nath Godard;Homme;62;Abidjan;Education;935058;617735;12;15,39;Non;2021-08-24;1,12;0;750;SoldÇ
CLI02877;Thibaut Sanchez;Femme;49;BouakÇ;Transport;1036752;3732874;36;12,49;Non;2023-12-05;0,14;9;548;DÇfaut
CLI02878;Josette Perret;Homme;52;Abidjan;SantÇ;1062381;4993067;12;22,59;Non;2023-07-23;0,99;0;729;Actif
CLI02879;Michelle Lacroix;Homme;24;BouakÇ;SantÇ;998143;2049532;18;7,46;Oui;2023-06-13;0,71;4;711;En retard
CLI02880;Raymond Lambert;Homme;47;BouakÇ;Agriculture;432164;2461050;12;8,28;Oui;2025-04-15;0,31;9;531;DÇfaut
CLI02881;Nathalie Alves;Homme;37;San Pedro;Education;667041;3229997;6;20,75;Oui;2026-02-13;1;0;644;SoldÇ
CLI02882;Benjamin Le Hamel;Femme;35;Korhogo;Transport;84836;3395600;36;11,88;Non;2024-03-16;0,24;11;369;DÇfaut
CLI02883;Diane Gaillard;Femme;29;San Pedro;Immobilier;720723;807860;12;15,12;Oui;2024-10-05;0,37;6;619;DÇfaut
CLI02884;Marine Thierry du Wagner;Femme;54;Abidjan;Commerce;785338;2459782;36;14,58;Oui;2024-05-25;1,14;0;772;SoldÇ
CLI02885;Isaac Cordier;Homme;37;Yamoussoukro;Agriculture;429634;3087598;18;24,26;Oui;2025-05-25;1,09;0;602;SoldÇ
CLI02886;Emmanuel Dubois du Lebon;Femme;47;Korhogo;Education;714772;1157398;18;11,66;Non;2024-09-03;0,13;14;459;DÇfaut
CLI02887;Eugäne de Brunel;Femme;55;BouakÇ;Commerce;912333;279957;12;5,84;Oui;2025-10-02;0,89;0;767;Actif
CLI02888;Colette Guillou;Homme;25;Korhogo;Transport;1087756;336744;6;17,43;Non;2024-05-16;0,89;0;850;Actif
CLI02889;Laetitia Antoine;Femme;34;Korhogo;Transport;356233;4579391;24;16,32;Oui;2024-02-24;0,95;0;674;Actif
CLI02890;Richard Schneider-Baudry;Homme;65;Korhogo;Commerce;239988;2160559;12;21,11;Oui;2025-08-13;0,72;4;637;En retard
CLI02891;Simone Allard;Femme;63;Korhogo;Education;902716;2648031;18;7,3;Oui;2026-02-28;0,11;9;589;DÇfaut
CLI02892;Alex Vaillant;Homme;51;Yamoussoukro;Immobilier;89414;212622;18;6,57;Non;2021-11-22;0,15;14;341;DÇfaut
CLI02893;Margot Dumont du Guillou;Homme;30;Abidjan;SantÇ;124464;1284296;12;19,61;Oui;2022-01-20;0,82;0;730;Actif
CLI02894;Olivier de la Fournier;Femme;44;Daloa;SantÇ;704023;3125045;18;6,34;Oui;2025-11-03;0,4;13;487;DÇfaut
CLI02895;Susanne GuÇrin;Homme;24;Yamoussoukro;Agriculture;644260;3454019;24;7,63;Oui;2024-06-01;0,61;1;730;En retard
CLI02896;Lucie Pelletier Le Allard;Femme;64;San Pedro;Education;1018090;2171163;18;8,42;Oui;2022-11-22;0,16;12;697;DÇfaut
CLI02897;JÇrìme Fernandes;Femme;39;BouakÇ;SantÇ;475605;1741673;6;16,46;Oui;2025-08-11;0,51;4;566;En retard
CLI02898;Margot de Ferrand;Homme;46;San Pedro;Education;101948;3625599;6;20,91;Non;2024-05-03;1,05;0;742;SoldÇ
CLI02899;Laure Verdier;Homme;35;Korhogo;SantÇ;362239;3416649;24;6,51;Non;2024-02-19;0,92;0;690;Actif
CLI02900;Sabine Le Roux;Homme;60;San Pedro;Education;1045326;108446;6;12,3;Non;2021-10-15;0,89;0;814;Actif
CLI02901;GÇrard Germain;Femme;63;Abidjan;Education;357315;282438;36;7,58;Oui;2023-10-23;0,18;8;571;DÇfaut
CLI02902;StÇphanie Poulain;Homme;56;Abidjan;Immobilier;819941;1109714;12;9,54;Non;2024-01-21;0,26;15;453;DÇfaut
CLI02903;Caroline Seguin;Homme;51;Yamoussoukro;Commerce;794008;4290616;12;16,87;Non;2023-07-22;0,21;14;433;DÇfaut
CLI02904;Denis-Joseph Nguyen;Homme;48;Yamoussoukro;Transport;522525;3771452;6;10,65;Non;2026-01-27;0,28;6;607;DÇfaut
CLI02905;Laetitia-Nathalie Robin;Femme;65;Korhogo;Transport;312153;2648564;12;10,98;Oui;2026-02-17;0,99;0;644;Actif
CLI02906;Tristan Letellier;Homme;45;Daloa;Commerce;353229;2951007;36;6,59;Oui;2023-05-14;1,12;0;735;SoldÇ
CLI02907;Marguerite Carlier;Homme;40;San Pedro;Agriculture;1065298;3820945;12;20,19;Non;2022-11-03;0,81;0;751;Actif
CLI02908;Constance Da Costa;Femme;40;Korhogo;Transport;481120;2614536;12;17,59;Non;2026-03-13;0,48;3;616;En retard
CLI02909;Corinne du Perrin;Homme;59;BouakÇ;Education;869350;3085863;24;7,21;Non;2024-11-22;1,09;0;738;SoldÇ
CLI02910;Camille Dubois;Homme;31;BouakÇ;Immobilier;178304;1949134;18;23,56;Non;2022-04-04;0,81;0;748;Actif
CLI02911;Margot Courtois;Femme;58;San Pedro;SantÇ;958206;474167;6;19,42;Oui;2025-08-25;0,72;1;749;En retard
CLI02912;Michel Le Nguyen;Femme;51;San Pedro;SantÇ;558264;4058766;24;7,55;Non;2023-09-25;1,07;0;729;SoldÇ
CLI02913;Augustin Ramos;Homme;29;Abidjan;Education;847489;2245290;36;8,08;Oui;2022-07-20;0,14;12;493;DÇfaut
CLI02914;Susan Hoarau;Homme;38;BouakÇ;Agriculture;202992;891006;18;7,97;Non;2026-04-01;0,37;7;601;DÇfaut
CLI02915;Odette Simon de LÇger;Femme;40;Abidjan;SantÇ;218063;2219500;24;24,2;Oui;2023-03-29;0,46;5;627;En retard
CLI02916;Suzanne Le Tessier;Homme;54;San Pedro;Immobilier;637622;1105905;36;20,94;Non;2021-12-05;0,34;11;606;DÇfaut
CLI02917;HonorÇ de la Paris;Homme;31;Abidjan;Immobilier;588259;2759872;36;13,35;Non;2024-08-03;0,56;4;644;En retard
CLI02918;Corinne Martins-Ramos;Homme;59;San Pedro;SantÇ;121689;1466087;12;13,63;Non;2023-01-07;1,1;0;724;SoldÇ
CLI02919;Denise-Olivie GrÇgoire;Homme;46;Korhogo;Commerce;760415;138900;6;19,39;Oui;2024-11-07;0,26;15;478;DÇfaut
CLI02920;Audrey Dumont;Homme;48;Yamoussoukro;Agriculture;710433;3852410;24;6,35;Non;2023-01-09;1,02;0;784;SoldÇ
CLI02921;Charles Petitjean;Femme;53;Daloa;Immobilier;1105277;2142282;18;11,36;Oui;2021-08-20;0,82;0;760;Actif
CLI02922;RÇmy Allard;Homme;62;Daloa;Transport;601319;1098080;24;17,38;Oui;2026-03-12;0,76;0;778;Actif
CLI02923;Aurore-Michäle Charrier;Femme;44;Korhogo;Commerce;641280;4839092;12;17,44;Non;2022-06-23;0,44;9;527;DÇfaut
CLI02924;Raymond-RÇmy Antoine;Femme;41;Korhogo;Transport;524620;4998976;12;20,82;Oui;2025-12-29;0,86;0;699;Actif
CLI02925;Franck Didier;Homme;42;BouakÇ;Agriculture;1037713;1712018;12;21,54;Oui;2025-12-12;1,01;0;790;SoldÇ
CLI02926;Yves Joseph;Homme;51;Abidjan;Agriculture;567469;2375609;18;9,97;Oui;2025-03-05;1,09;0;743;SoldÇ
CLI02927;Guy Durand;Homme;48;Abidjan;SantÇ;730591;901199;12;8,05;Non;2024-03-21;0,93;0;759;Actif
CLI02928;Bertrand Andre de Leblanc;Femme;33;San Pedro;Commerce;1041829;1369381;6;9,83;Oui;2026-03-31;0,48;3;739;En retard
CLI02929;Pauline Dijoux;Homme;36;Yamoussoukro;Immobilier;356968;2790168;6;21,38;Non;2025-12-16;0,64;1;750;En retard
CLI02930;JÇrìme Blanc;Femme;24;Yamoussoukro;Transport;639463;488952;18;8,04;Non;2023-06-26;1,08;0;798;SoldÇ
CLI02931;Margot Olivier;Femme;25;Yamoussoukro;Agriculture;245037;1360883;18;21,26;Oui;2023-03-12;1,04;0;745;SoldÇ
CLI02932;Zacharie de Martin;Homme;52;Yamoussoukro;SantÇ;1163960;682230;36;6,82;Oui;2025-05-07;0,37;11;571;DÇfaut
CLI02933;Bernard Goncalves;Homme;65;Yamoussoukro;SantÇ;730243;2180105;6;17,33;Oui;2022-05-30;1,06;0;715;SoldÇ
CLI02934;Martin Guillaume;Femme;41;Korhogo;SantÇ;830659;4212239;6;22,88;Oui;2024-01-06;0,53;2;739;En retard
CLI02935;Zacharie Mary;Homme;38;Abidjan;SantÇ;938950;2113860;6;21,8;Oui;2022-08-06;0,57;4;727;En retard
CLI02936;Jean Traore;Femme;48;San Pedro;Commerce;577961;2700319;12;5,19;Non;2024-05-11;0,96;0;789;Actif
CLI02937;Tristan Chevalier;Femme;23;Daloa;SantÇ;686416;1340526;6;11,29;Non;2023-05-15;0,72;4;651;En retard
CLI02938;Laurence Masse;Femme;59;Abidjan;Education;1014055;3913617;6;11,12;Non;2024-05-31;0,85;0;753;Actif
CLI02939;Martin Boucher;Homme;58;Abidjan;SantÇ;159570;966910;6;6,57;Oui;2023-09-08;0,41;12;400;DÇfaut
CLI02940;êtienne Colin;Homme;59;Abidjan;Immobilier;392055;4123442;36;15,49;Oui;2023-10-13;0,71;5;582;En retard
CLI02941;Laurence Lenoir;Femme;63;Daloa;Education;320292;3286943;12;16,1;Non;2025-01-01;0,23;14;459;DÇfaut
CLI02942;Michäle Imbert;Femme;26;Daloa;Education;1186126;3013033;24;23,62;Oui;2023-06-01;0,15;11;549;DÇfaut
CLI02943;Adrien Delattre;Femme;42;Abidjan;Transport;919405;4720813;36;20,17;Oui;2022-09-24;0,52;2;730;En retard
CLI02944;Daniel Turpin;Homme;52;San Pedro;Agriculture;408399;64911;36;7,25;Non;2021-08-19;0,84;0;732;Actif
CLI02945;Lucy Caron;Homme;50;Korhogo;Agriculture;522034;3000314;24;10,65;Oui;2024-10-06;0,61;2;695;En retard
CLI02946;AndrÇ Carpentier;Homme;46;Abidjan;SantÇ;1009970;4415673;36;16,68;Non;2025-02-17;1,19;0;710;SoldÇ
CLI02947;Benoåt HervÇ;Femme;43;San Pedro;Transport;675707;4652197;12;13,23;Non;2024-06-09;1,08;0;724;SoldÇ
CLI02948;Julien Ramos;Femme;57;Yamoussoukro;Commerce;154068;3697211;24;15,54;Non;2024-10-01;0,9;0;558;Actif
CLI02949;Michäle-Catherine Brunet;Femme;52;San Pedro;Agriculture;291762;754652;24;11,09;Non;2026-05-14;0,57;3;654;En retard
CLI02950;Inäs Lecomte-Berthelot;Femme;36;Korhogo;Agriculture;267495;4276018;6;23,32;Oui;2023-12-09;0,82;0;618;Actif
CLI02951;StÇphanie Lecoq;Homme;23;BouakÇ;Transport;362492;2981734;36;21,7;Oui;2021-09-02;0,48;3;694;En retard
CLI02952;Jean Morin;Femme;51;Abidjan;Education;587414;204589;12;6,99;Non;2023-10-23;0,64;5;687;En retard
CLI02953;Jacqueline-Alex Valentin;Homme;47;Abidjan;Agriculture;305928;3163655;18;15,95;Oui;2022-01-26;0,84;0;717;Actif
CLI02954;CÇlina Valentin;Femme;63;Daloa;Commerce;200747;1211786;18;24,11;Oui;2022-09-26;0,42;11;548;DÇfaut
CLI02955;Isabelle Dubois;Femme;39;Korhogo;Transport;145747;4305379;6;18,32;Oui;2022-06-26;0,74;5;533;En retard
CLI02956;Jeanne Le Goff;Femme;61;San Pedro;Agriculture;1041014;2037274;36;15,2;Oui;2025-04-05;0,25;12;613;DÇfaut
CLI02957;FrÇdÇric Toussaint-Valette;Homme;33;Abidjan;Education;671603;2136503;36;9,4;Oui;2023-10-23;0,84;0;783;Actif
CLI02958;Roger Leconte-Noâl;Homme;39;Abidjan;Transport;548507;2674555;12;17,3;Oui;2025-12-24;0,78;0;718;Actif
CLI02959;Claude DuprÇ;Femme;27;San Pedro;Agriculture;997887;4815894;36;24,24;Non;2024-10-01;0,55;3;737;En retard
CLI02960;Alexandrie Clerc-Bertin;Femme;65;BouakÇ;Immobilier;488213;3063408;6;15,44;Oui;2026-04-18;0,98;0;673;Actif
CLI02961;Emmanuelle Imbert;Homme;49;BouakÇ;Immobilier;766411;3440846;6;5,08;Oui;2025-08-23;0,24;6;589;DÇfaut
CLI02962;Paulette Faivre;Homme;44;BouakÇ;Immobilier;881618;3976688;24;22,06;Oui;2022-11-01;1,17;0;724;SoldÇ
CLI02963;Julien Schneider;Homme;63;Korhogo;SantÇ;853770;4400811;36;19,73;Oui;2025-08-11;1,01;0;720;SoldÇ
CLI02964;Roger Grondin;Homme;53;BouakÇ;Agriculture;105107;2875402;6;13,26;Oui;2022-10-16;0,57;5;539;En retard
CLI02965;AimÇ Pruvost du LÇvàque;Homme;52;Korhogo;Education;1185627;4691628;18;20,43;Oui;2025-11-10;0,63;5;720;En retard
CLI02966;Madeleine Cohen;Femme;33;Yamoussoukro;Immobilier;953011;745395;18;7,81;Non;2023-01-16;0,53;3;717;En retard
CLI02967;Eugäne Andre;Homme;21;BouakÇ;SantÇ;383557;1392770;18;18,88;Non;2025-02-24;0,26;14;458;DÇfaut
CLI02968;AimÇ Louis;Homme;36;Abidjan;Education;1047813;2018852;24;6,54;Oui;2021-12-04;0,5;2;721;En retard
CLI02969;êdouard Dumas-Meunier;Homme;65;Abidjan;Education;399814;3239843;24;17,63;Non;2021-05-25;0,99;0;634;Actif
CLI02970;Marc de la Maillot;Homme;63;Abidjan;Education;937240;103696;24;6,71;Oui;2025-01-03;0,39;7;663;DÇfaut
CLI02971;êlisabeth de la Gaillard;Homme;41;Yamoussoukro;Commerce;873489;1249693;18;19,53;Oui;2023-05-23;0,55;5;598;En retard
CLI02972;Franáoise-Christelle Gillet;Homme;35;Abidjan;Education;629104;708438;18;6,86;Oui;2022-07-05;0,93;0;753;Actif
CLI02973;êlodie Legendre;Homme;40;San Pedro;Education;100358;2917276;6;18,95;Oui;2023-01-06;0,35;11;406;DÇfaut
CLI02974;Guy Dijoux;Homme;40;Abidjan;Transport;733932;3828530;6;15,05;Non;2022-07-31;0,56;5;714;En retard
CLI02975;Laurent-êtienne Pruvost;Femme;27;Yamoussoukro;Immobilier;700572;4272226;24;15,53;Oui;2023-05-08;0,18;9;583;DÇfaut
CLI02976;Luc-Louis David;Femme;38;Korhogo;Immobilier;739978;4024533;12;23,93;Non;2024-06-03;0,27;11;517;DÇfaut
CLI02977;Yves Petit;Homme;50;Yamoussoukro;Immobilier;641468;279188;12;9,3;Non;2022-11-05;1,19;0;811;SoldÇ
CLI02978;êdouard Daniel-Chevalier;Femme;21;Abidjan;Agriculture;561653;2121417;36;7,13;Non;2023-08-29;0,35;15;401;DÇfaut
CLI02979;Maggie Charrier-Lecomte;Femme;40;BouakÇ;Commerce;228495;86129;24;5,34;Non;2022-08-23;0,28;13;483;DÇfaut
CLI02980;NoÇmi Marin;Homme;43;Abidjan;Education;1105319;3376732;12;6,75;Oui;2022-08-29;1,02;0;784;SoldÇ
CLI02981;Tristan Collin;Femme;62;Abidjan;Transport;776856;2527346;24;20,74;Non;2026-03-07;0,28;9;582;DÇfaut
CLI02982;Joseph LÇger-Langlois;Femme;22;Korhogo;Transport;208834;2406350;24;10,81;Non;2025-03-17;0,67;4;667;En retard
CLI02983;AimÇ Le Merle;Femme;53;San Pedro;Commerce;609165;4384934;6;14,35;Oui;2022-06-23;1,09;0;746;SoldÇ
CLI02984;Pauline Fontaine-Berger;Homme;24;Yamoussoukro;Education;1036290;3980359;6;20,07;Non;2025-02-25;0,59;2;735;En retard
CLI02985;Madeleine Perez;Femme;59;Abidjan;Education;493706;1744405;6;13,88;Non;2022-12-16;0,21;7;525;DÇfaut
CLI02986;Joseph de De Oliveira;Femme;24;Yamoussoukro;Immobilier;156574;2382301;36;5,47;Non;2024-07-15;1,11;0;653;SoldÇ
CLI02987;Colette Lenoir-Cohen;Homme;43;Daloa;Education;780842;3597324;24;10,59;Non;2022-03-22;0,36;14;457;DÇfaut
CLI02988;Pierre Aubry;Femme;65;Daloa;Commerce;798155;3187554;12;9,58;Non;2025-04-11;1,18;0;751;SoldÇ
CLI02989;Nath Chevallier;Homme;35;Korhogo;SantÇ;835379;2095168;6;22,53;Non;2025-11-08;0,93;0;717;Actif
CLI02990;Arthur Boucher;Homme;45;Daloa;Transport;927707;2969098;12;19,39;Non;2023-02-28;0,89;0;850;Actif
CLI02991;AmÇlie Le Samson;Homme;27;Yamoussoukro;Education;1033008;1865763;36;22,38;Oui;2024-09-18;0,94;0;845;Actif
CLI02992;Bertrand de la Louis;Femme;30;Korhogo;Agriculture;491201;4748941;18;21,92;Oui;2023-01-08;0,51;3;665;En retard
CLI02993;Suzanne de Philippe;Femme;63;Yamoussoukro;Education;893737;4692323;24;18,28;Oui;2022-06-09;0,39;7;605;DÇfaut
CLI02994;Matthieu-Christophe Payet;Homme;28;Korhogo;SantÇ;1089998;3325893;24;23,74;Non;2024-04-28;0,57;3;707;En retard
CLI02995;Laetitia Jacquot-Garcia;Homme;51;BouakÇ;Immobilier;560238;2729573;24;17,15;Non;2022-05-02;0,23;7;550;DÇfaut
CLI02996;GrÇgoire Alexandre;Homme;46;Abidjan;Commerce;474218;3162126;18;12,86;Non;2025-11-08;0,54;5;618;En retard
CLI02997;Mathilde Chauvin-Riou;Femme;63;Yamoussoukro;SantÇ;767147;3075093;24;5,1;Oui;2023-03-12;1,06;0;756;SoldÇ
CLI02998;Olivier Le Menard;Homme;51;Yamoussoukro;Immobilier;287736;4588290;24;12,95;Oui;2022-04-10;0,92;0;633;Actif
CLI02999;êlisabeth Chartier Le ClÇment;Homme;59;Abidjan;SantÇ;194840;2812092;6;17,42;Oui;2025-03-17;0,29;6;584;DÇfaut
CLI03000;Catherine Besnard;Homme;28;BouakÇ;Education;196146;747631;18;13,48;Non;2022-04-02;0,56;5;605;En retard
